index	date_processed	species	xray_kV	xray_uA	xray_exposure_seconds	distance_source_sensor	distance_XXX_platform	frame_id	xray_file_base_name	photo_file_name	specimen_position	tissue_id	individual_id	collection	lot_id	id_lot_description	xray_technician_names	data_entry_name	notes_lab	notes
1	12/11/2024	Spratelloides delicatulus	40	180	10			1	sde_xray_001	20241211_113803.jpg	1	Sde-C-0111-E_mus	Sde-CMat_107	nsf-deb-bluesprat-2024-2025	MAT-2024-05_01		Kent Carpenter; Kevin Labrador	Chris Bird		
2	12/11/2024	Spratelloides delicatulus	40	180	10			1	sde_xray_001	20241211_113803.jpg	2	Sde-AMat_083_mus	Sde-AMat_083	usnm-albatross	138966	usnm_original	Kent Carpenter; Kevin Labrador	Chris Bird		
3	12/11/2024	Spratelloides delicatulus	40	180	10			1	sde_xray_001	20241211_113803.jpg	3	Sde-C-0122-E_mus	Sde-CMat_118	nsf-deb-bluesprat-2024-2025	MAT-2024-05_01		Kent Carpenter; Kevin Labrador	Chris Bird		
4	12/11/2024	Spratelloides delicatulus	40	180	10			1	sde_xray_001	20241211_113803.jpg	4	Sde-AMat_093_mus	Sde-AMat_093	usnm-albatross	138966	usnm_original	Kent Carpenter; Kevin Labrador	Chris Bird		
5	12/11/2024	Spratelloides delicatulus	40	180	10			2	sde_xray_002	20241211_115702.jpg	1	Sde-C-0132-E_mus	Sde-CMat_128	nsf-deb-bluesprat-2024-2025	MAT-2024-05_01		Kent Carpenter; Kevin Labrador	Chris Bird		
6	12/11/2024	Spratelloides delicatulus	40	180	10			2	sde_xray_002	20241211_115702.jpg	2	Sde-AMat_091_mus	Sde-AMat_091	usnm-albatross	138966	usnm_original	Kent Carpenter; Kevin Labrador	Chris Bird		
7	12/11/2024	Spratelloides delicatulus	40	180	10			2	sde_xray_002	20241211_115702.jpg	3	Sde-C-0136-E_mus	Sde-CMat_132	nsf-deb-bluesprat-2024-2025	MAT-2024-05_01		Kent Carpenter; Kevin Labrador	Chris Bird		
8	12/11/2024	Spratelloides delicatulus	40	180	10			2	sde_xray_002	20241211_115702.jpg	4	Sde-AMat_094_mus	Sde-AMat_094	usnm-albatross	138966	usnm_original	Kent Carpenter; Kevin Labrador	Chris Bird		
9	12/11/2024	Spratelloides delicatulus	40	180	10			3	sde_xray_003	20241211_125801.jpg	1	Sde-C-0127-E_mus	Sde-CMat_123	nsf-deb-bluesprat-2024-2025	MAT-2024-05_01		Kent Carpenter; Kevin Labrador	Chris Bird		
10	12/11/2024	Spratelloides delicatulus	40	180	10			3	sde_xray_003	20241211_125801.jpg	2	Sde-AMat_088_mus	Sde-AMat_088	usnm-albatross	138966	usnm_original	Kent Carpenter; Kevin Labrador	Chris Bird		
11	12/11/2024	Spratelloides delicatulus	40	180	10			3	sde_xray_003	20241211_125801.jpg	3	Sde-C-0105-E_mus	Sde-CMat_101	nsf-deb-bluesprat-2024-2025	MAT-2024-05_01		Kent Carpenter; Kevin Labrador	Chris Bird		
12	12/11/2024	Spratelloides delicatulus	40	180	10			3	sde_xray_003	20241211_125801.jpg	4	Sde-AMat_095_mus	Sde-AMat_095	usnm-albatross	138966	usnm_original	Kent Carpenter; Kevin Labrador	Chris Bird		
13	12/11/2024	Spratelloides delicatulus	40	180	10			4	sde_xray_004	20241211_130903.jpg	1	Sde-C-0126-E_mus	Sde-CMat_122	nsf-deb-bluesprat-2024-2025	MAT-2024-05_01		Kent Carpenter; Kevin Labrador	Chris Bird		
14	12/11/2024	Spratelloides delicatulus	40	180	10			4	sde_xray_004	20241211_130903.jpg	2	Sde-AMat_087_mus	Sde-AMat_087	usnm-albatross	138966	usnm_original	Kent Carpenter; Kevin Labrador	Chris Bird		
15	12/11/2024	Spratelloides delicatulus	40	180	10			4	sde_xray_004	20241211_130903.jpg	3	Sde-C-0109-E_mus	Sde-CMat_105	nsf-deb-bluesprat-2024-2025	MAT-2024-05_01		Kent Carpenter; Kevin Labrador	Chris Bird		
16	12/11/2024	Spratelloides delicatulus	40	180	10			4	sde_xray_004	20241211_130903.jpg	4	Sde-AMat_092_mus	Sde-AMat_092	usnm-albatross	138966	usnm_original	Kent Carpenter; Kevin Labrador	Chris Bird		
17	12/11/2024	Spratelloides delicatulus	40	180	10			5	sde_xray_005	20241211_131857.jpg	1	Sde-C-0142-E_mus	Sde-CMat_138	nsf-deb-bluesprat-2024-2025	MAT-2024-05_01		Kent Carpenter; Kevin Labrador	Chris Bird		
18	12/11/2024	Spratelloides delicatulus	40	180	10			5	sde_xray_005	20241211_131857.jpg	2	Sde-AMat_086_mus	Sde-AMat_086	usnm-albatross	138966	usnm_original	Kent Carpenter; Kevin Labrador	Chris Bird		
19	12/11/2024	Spratelloides delicatulus	40	180	10			5	sde_xray_005	20241211_131857.jpg	3	Sde-C-0130-E_mus	Sde-CMat_126	nsf-deb-bluesprat-2024-2025	MAT-2024-05_01		Kent Carpenter; Kevin Labrador	Chris Bird		
20	12/11/2024	Spratelloides delicatulus	40	180	10			5	sde_xray_005	20241211_131857.jpg	4	Sde-AMat_084_mus	Sde-AMat_084	usnm-albatross	138966	usnm_original	Kent Carpenter; Kevin Labrador	Chris Bird		
21	12/11/2024	Spratelloides delicatulus	40	180	10			6	sde_xray_006	20241211_133009.jpg	1	Sde-C-0141-E_mus	Sde-CMat_137	nsf-deb-bluesprat-2024-2025	MAT-2024-05_01		Kent Carpenter; Kevin Labrador	Chris Bird		
22	12/11/2024	Spratelloides delicatulus	40	180	10			6	sde_xray_006	20241211_133009.jpg	2	Sde-AMat_082_mus	Sde-AMat_082	usnm-albatross	138966	usnm_original	Kent Carpenter; Kevin Labrador	Chris Bird		
23	12/11/2024	Spratelloides delicatulus	40	180	10			6	sde_xray_006	20241211_133009.jpg	3	Sde-C-0102-E_mus	Sde-CMat_098	nsf-deb-bluesprat-2024-2025	MAT-2024-05_01		Kent Carpenter; Kevin Labrador	Chris Bird		
24	12/11/2024	Spratelloides delicatulus	40	180	10			6	sde_xray_006	20241211_133009.jpg	4	Sde-AMat_096_mus	Sde-AMat_096	usnm-albatross	138966	usnm_original	Kent Carpenter; Kevin Labrador	Chris Bird		
25	12/11/2024	Spratelloides delicatulus	40	180	10			7	sde_xray_007	20241211_133808.jpg	1	Sde-C-0131-E_mus	Sde-CMat_127	nsf-deb-bluesprat-2024-2025	MAT-2024-05_01		Kent Carpenter; Kevin Labrador	Chris Bird		
26	12/11/2024	Spratelloides delicatulus	40	180	10			7	sde_xray_007	20241211_133808.jpg	2	Sde-AMat_050_mus	Sde-AMat_050	usnm-albatross	138966	usnm_original	Kent Carpenter; Kevin Labrador	Chris Bird		
27	12/11/2024	Spratelloides delicatulus	40	180	10			7	sde_xray_007	20241211_133808.jpg	3	Sde-C-0107-E_mus	Sde-CMat_103	nsf-deb-bluesprat-2024-2025	MAT-2024-05_01		Kent Carpenter; Kevin Labrador	Chris Bird		
28	12/11/2024	Spratelloides delicatulus	40	180	10			7	sde_xray_007	20241211_133808.jpg	4	Sde-AMat_085_mus	Sde-AMat_085	usnm-albatross	138966	usnm_original	Kent Carpenter; Kevin Labrador	Chris Bird		
29	12/11/2024	Spratelloides delicatulus	40	180	10			8	sde_xray_008	20241211_134542.jpg	1	Sde-C-0129-E_mus	Sde-CMat_125	nsf-deb-bluesprat-2024-2025	MAT-2024-05_01		Kent Carpenter; Kevin Labrador	Chris Bird		
30	12/11/2024	Spratelloides delicatulus	40	180	10			8	sde_xray_008	20241211_134542.jpg	2	Sde-AMat_074_mus	Sde-AMat_074	usnm-albatross	138966	usnm_original	Kent Carpenter; Kevin Labrador	Chris Bird		
31	12/11/2024	Spratelloides delicatulus	40	180	10			8	sde_xray_008	20241211_134542.jpg	3	Sde-C-0148-E_mus	Sde-CMat_144	nsf-deb-bluesprat-2024-2025	MAT-2024-05_01		Kent Carpenter; Kevin Labrador	Chris Bird		
32	12/11/2024	Spratelloides delicatulus	40	180	10			8	sde_xray_008	20241211_134542.jpg	4	Sde-AMat_089_mus	Sde-AMat_089	usnm-albatross	138966	usnm_original	Kent Carpenter; Kevin Labrador	Chris Bird		
33	12/11/2024	Spratelloides delicatulus	40	180	10			9	sde_xray_009	20241211_135358.jpg	1	Sde-C-0128-E_mus	Sde-CMat_124	nsf-deb-bluesprat-2024-2025	MAT-2024-05_01		Kent Carpenter; Kevin Labrador	Chris Bird		
34	12/11/2024	Spratelloides delicatulus	40	180	10			9	sde_xray_009	20241211_135358.jpg	2	Sde-AMat_063_mus	Sde-AMat_063	usnm-albatross	138966	usnm_original	Kent Carpenter; Kevin Labrador	Chris Bird		
35	12/11/2024	Spratelloides delicatulus	40	180	10			9	sde_xray_009	20241211_135358.jpg	3	Sde-C-0138-E_mus	Sde-CMat_134	nsf-deb-bluesprat-2024-2025	MAT-2024-05_01		Kent Carpenter; Kevin Labrador	Chris Bird		
36	12/11/2024	Spratelloides delicatulus	40	180	10			9	sde_xray_009	20241211_135358.jpg	4	Sde-AMat_075_mus	Sde-AMat_075	usnm-albatross	138966	usnm_original	Kent Carpenter; Kevin Labrador	Chris Bird		
37	12/11/2024	Spratelloides delicatulus	40	180	10			10	sde_xray_010	20241211_135928.jpg	1	Sde-C-0139-E_mus	Sde-CMat_135	nsf-deb-bluesprat-2024-2025	MAT-2024-05_01		Kent Carpenter; Kevin Labrador	Chris Bird		
38	12/11/2024	Spratelloides delicatulus	40	180	10			10	sde_xray_010	20241211_135928.jpg	2	Sde-AMat_064_mus	Sde-AMat_064	usnm-albatross	138966	usnm_original	Kent Carpenter; Kevin Labrador	Chris Bird		
39	12/11/2024	Spratelloides delicatulus	40	180	10			10	sde_xray_010	20241211_135928.jpg	3	Sde-C-0149-E_mus	Sde-CMat_145	nsf-deb-bluesprat-2024-2025	MAT-2024-05_01		Kent Carpenter; Kevin Labrador	Chris Bird		
40	12/11/2024	Spratelloides delicatulus	40	180	10			10	sde_xray_010	20241211_135928.jpg	4	Sde-AMat_065_mus	Sde-AMat_065	usnm-albatross	138966	usnm_original	Kent Carpenter; Kevin Labrador	Chris Bird		
41	12/11/2024	Spratelloides delicatulus	40	180	10			11	sde_xray_011	20241211_140915.jpg	1	Sde-C-0125-E_mus	Sde-CMat_121	nsf-deb-bluesprat-2024-2025	MAT-2024-05_01		Kent Carpenter; Kevin Labrador; Chris Bird	Chris Bird		
42	12/11/2024	Spratelloides delicatulus	40	180	10			11	sde_xray_011	20241211_140915.jpg	2	Sde-AMat_067_mus	Sde-AMat_067	usnm-albatross	138966	usnm_original	Kent Carpenter; Kevin Labrador; Chris Bird	Chris Bird		
43	12/11/2024	Spratelloides delicatulus	40	180	10			11	sde_xray_011	20241211_140915.jpg	3	Sde-C-0120-E_mus	Sde-CMat_116	nsf-deb-bluesprat-2024-2025	MAT-2024-05_01		Kent Carpenter; Kevin Labrador; Chris Bird	Chris Bird		
44	12/11/2024	Spratelloides delicatulus	40	180	10			11	sde_xray_011	20241211_140915.jpg	4	Sde-AMat_080_mus	Sde-AMat_080	usnm-albatross	138966	usnm_original	Kent Carpenter; Kevin Labrador; Chris Bird	Chris Bird		
45	12/11/2024	Spratelloides delicatulus	40	180	10			12	sde_xray_012	20241211_141935.jpg	1	Sde-C-0113-E_mus	Sde-CMat_109	nsf-deb-bluesprat-2024-2025	MAT-2024-05_01		Kent Carpenter; Kevin Labrador; Chris Bird	Chris Bird		
46	12/11/2024	Spratelloides delicatulus	40	180	10			12	sde_xray_012	20241211_141935.jpg	2	Sde-AMat_068_mus	Sde-AMat_068	usnm-albatross	138966	usnm_original	Kent Carpenter; Kevin Labrador; Chris Bird	Chris Bird		
47	12/11/2024	Spratelloides delicatulus	40	180	10			12	sde_xray_012	20241211_141935.jpg	3	Sde-C-0135-E_mus	Sde-CMat_131	nsf-deb-bluesprat-2024-2025	MAT-2024-05_01		Kent Carpenter; Kevin Labrador; Chris Bird	Chris Bird		
48	12/11/2024	Spratelloides delicatulus	40	180	10			12	sde_xray_012	20241211_141935.jpg	4	Sde-AMat_051_mus	Sde-AMat_051	usnm-albatross	138966	usnm_original	Kent Carpenter; Kevin Labrador; Chris Bird	Chris Bird		
49	12/11/2024	Spratelloides delicatulus	40	180	10			13	sde_xray_013	20241211_142635.jpg	1	Sde-C-0143-E_mus	Sde-CMat_139	nsf-deb-bluesprat-2024-2025	MAT-2024-05_01		Kent Carpenter; Kevin Labrador; Chris Bird	Chris Bird		
50	12/11/2024	Spratelloides delicatulus	40	180	10			13	sde_xray_013	20241211_142635.jpg	2	Sde-AMat_052_mus	Sde-AMat_052	usnm-albatross	138966	usnm_original	Kent Carpenter; Kevin Labrador; Chris Bird	Chris Bird		
51	12/11/2024	Spratelloides delicatulus	40	180	10			13	sde_xray_013	20241211_142635.jpg	3	Sde-C-0121-E_mus	Sde-CMat_117	nsf-deb-bluesprat-2024-2025	MAT-2024-05_01		Kent Carpenter; Kevin Labrador; Chris Bird	Chris Bird		
52	12/11/2024	Spratelloides delicatulus	40	180	10			13	sde_xray_013	20241211_142635.jpg	4	Sde-AMat_076_mus	Sde-AMat_076	usnm-albatross	138966	usnm_original	Kent Carpenter; Kevin Labrador; Chris Bird	Chris Bird		
53	12/11/2024	Spratelloides delicatulus	40	180	10			14	sde_xray_014	20241211_143322.jpg	1	Sde-C-0117-E_mus	Sde-CMat_113	nsf-deb-bluesprat-2024-2025	MAT-2024-05_01		Kent Carpenter; Kevin Labrador; Chris Bird	Chris Bird	"0117 is hard to read id from bluesprat coll; overwrote 014 raw xray, still have 014 tiff"	
54	12/11/2024	Spratelloides delicatulus	40	180	10			14	sde_xray_014	20241211_143322.jpg	2	Sde-AMat_079_mus	Sde-AMat_079	usnm-albatross	138966	usnm_original	Kent Carpenter; Kevin Labrador; Chris Bird	Chris Bird	"overwrote 014 raw xray, still have 014 tiff"	
55	12/11/2024	Spratelloides delicatulus	40	180	10			14	sde_xray_014	20241211_143322.jpg	3	Sde-C-0104-E_mus	Sde-CMat_100	nsf-deb-bluesprat-2024-2025	MAT-2024-05_01		Kent Carpenter; Kevin Labrador; Chris Bird	Chris Bird	"overwrote 014 raw xray, still have 014 tiff"	
56	12/11/2024	Spratelloides delicatulus	40	180	10			14	sde_xray_014	20241211_143322.jpg	4	Sde-AMat_069_mus	Sde-AMat_069	usnm-albatross	138966	usnm_original	Kent Carpenter; Kevin Labrador; Chris Bird	Chris Bird	"overwrote 014 raw xray, still have 014 tiff"	
57	12/11/2024	Spratelloides delicatulus	40	180	10			15	sde_xray_015	20241211_144030.jpg	1	Sde-C-0101-E_mus	Sde-CMat_097	nsf-deb-bluesprat-2024-2025	MAT-2024-05_01		Kent Carpenter; Kevin Labrador; Chris Bird	Chris Bird		
58	12/11/2024	Spratelloides delicatulus	40	180	10			15	sde_xray_015	20241211_144030.jpg	2	Sde-AMat_054_mus	Sde-AMat_054	usnm-albatross	138966	usnm_original	Kent Carpenter; Kevin Labrador; Chris Bird	Chris Bird		
59	12/11/2024	Spratelloides delicatulus	40	180	10			15	sde_xray_015	20241211_144030.jpg	3	Sde-C-0140-E_mus	Sde-CMat_136	nsf-deb-bluesprat-2024-2025	MAT-2024-05_01		Kent Carpenter; Kevin Labrador; Chris Bird	Chris Bird		
60	12/11/2024	Spratelloides delicatulus	40	180	10			15	sde_xray_015	20241211_144030.jpg	4	Sde-AMat_053_mus	Sde-AMat_053	usnm-albatross	138966	usnm_original	Kent Carpenter; Kevin Labrador; Chris Bird	Chris Bird		
61	12/11/2024	Spratelloides delicatulus	40	180	10			16	sde_xray_016	20241211_145136.jpg	1	Sde-C-0147-E_mus	Sde-CMat_143	nsf-deb-bluesprat-2024-2025	MAT-2024-05_01		Kent Carpenter; Kevin Labrador; Chris Bird	Chris Bird		
62	12/11/2024	Spratelloides delicatulus	40	180	10			16	sde_xray_016	20241211_145136.jpg	2	Sde-AMat_070_mus	Sde-AMat_070	usnm-albatross	138966	usnm_original	Kent Carpenter; Kevin Labrador; Chris Bird	Chris Bird		
63	12/11/2024	Spratelloides delicatulus	40	180	10			16	sde_xray_016	20241211_145136.jpg	3	Sde-C-0144-E_mus	Sde-CMat_140	nsf-deb-bluesprat-2024-2025	MAT-2024-05_01		Kent Carpenter; Kevin Labrador; Chris Bird	Chris Bird		
64	12/11/2024	Spratelloides delicatulus	40	180	10			16	sde_xray_016	20241211_145136.jpg	4	Sde-AMat_078_mus	Sde-AMat_078	usnm-albatross	138966	usnm_original	Kent Carpenter; Kevin Labrador; Chris Bird	Chris Bird		
65	12/11/2024	Spratelloides delicatulus	40	180	10			17	sde_xray_017	20241211_150003.jpg	1	Sde-C-0114-E_mus	Sde-CMat_110	nsf-deb-bluesprat-2024-2025	MAT-2024-05_01		Kent Carpenter; Kevin Labrador; Chris Bird	Chris Bird		
66	12/11/2024	Spratelloides delicatulus	40	180	10			17	sde_xray_017	20241211_150003.jpg	2	Sde-AMat_049_mus	Sde-AMat_049	usnm-albatross	138966	usnm_original	Kent Carpenter; Kevin Labrador; Chris Bird	Chris Bird		
67	12/11/2024	Spratelloides delicatulus	40	180	10			17	sde_xray_017	20241211_150003.jpg	3	Sde-C-0150-E_mus	Sde-CMat_146	nsf-deb-bluesprat-2024-2025	MAT-2024-05_01		Kent Carpenter; Kevin Labrador; Chris Bird	Chris Bird		
68	12/11/2024	Spratelloides delicatulus	40	180	10			17	sde_xray_017	20241211_150003.jpg	4	Sde-AMat_066_mus	Sde-AMat_066	usnm-albatross	138966	usnm_original	Kent Carpenter; Kevin Labrador; Chris Bird	Chris Bird		
69	12/11/2024	Spratelloides delicatulus	40	180	10			18	sde_xray_018	20241211_150553.jpg	1	Sde-C-0112-E_mus	Sde-CMat_108	nsf-deb-bluesprat-2024-2025	MAT-2024-05_01		Kent Carpenter; Kevin Labrador; Chris Bird	Chris Bird		
70	12/11/2024	Spratelloides delicatulus	40	180	10			18	sde_xray_018	20241211_150553.jpg	2	Sde-AMat_062_mus	Sde-AMat_062	usnm-albatross	138966	usnm_original	Kent Carpenter; Kevin Labrador; Chris Bird	Chris Bird		
71	12/11/2024	Spratelloides delicatulus	40	180	10			18	sde_xray_018	20241211_150553.jpg	3	Sde-C-0137-E_mus	Sde-CMat_133	nsf-deb-bluesprat-2024-2025	MAT-2024-05_01		Kent Carpenter; Kevin Labrador; Chris Bird	Chris Bird		
72	12/11/2024	Spratelloides delicatulus	40	180	10			18	sde_xray_018	20241211_150553.jpg	4	Sde-AMat_073_mus	Sde-AMat_073	usnm-albatross	138966	usnm_original	Kent Carpenter; Kevin Labrador; Chris Bird	Chris Bird		
73	12/11/2024	Spratelloides delicatulus	40	180	10			19	sde_xray_019	20241211_151123.jpg	1	Sde-C-0123-E_mus	Sde-CMat_119	nsf-deb-bluesprat-2024-2025	MAT-2024-05_01		Kent Carpenter; Kevin Labrador; Chris Bird	Chris Bird		
74	12/11/2024	Spratelloides delicatulus	40	180	10			19	sde_xray_019	20241211_151123.jpg	2	Sde-AMat_090_mus	Sde-AMat_090	usnm-albatross	138966	usnm_original	Kent Carpenter; Kevin Labrador; Chris Bird	Chris Bird		
75	12/11/2024	Spratelloides delicatulus	40	180	10			19	sde_xray_019	20241211_151123.jpg	3	Sde-C-0110-E_mus	Sde-CMat_106	nsf-deb-bluesprat-2024-2025	MAT-2024-05_01		Kent Carpenter; Kevin Labrador; Chris Bird	Chris Bird		
76	12/11/2024	Spratelloides delicatulus	40	180	10			19	sde_xray_019	20241211_151123.jpg	4	Sde-AMat_061_mus	Sde-AMat_061	usnm-albatross	138966	usnm_original	Kent Carpenter; Kevin Labrador; Chris Bird	Chris Bird		
77	12/11/2024	Spratelloides delicatulus	40	180	10			20	sde_xray_020	20241211_151552.jpg	1	Sde-C-0108-E_mus	Sde-CMat_104	nsf-deb-bluesprat-2024-2025	MAT-2024-05_01		Kent Carpenter; Kevin Labrador; Chris Bird	Chris Bird	0108 is the hard to read id from bluesprat coll	
78	12/11/2024	Spratelloides delicatulus	40	180	10			20	sde_xray_020	20241211_151552.jpg	2	Sde-AMat_077_mus	Sde-AMat_077	usnm-albatross	138966	usnm_original	Kent Carpenter; Kevin Labrador; Chris Bird	Chris Bird		
79	12/11/2024	Spratelloides delicatulus	40	180	10			20	sde_xray_020	20241211_151552.jpg	3	Sde-C-0115-E_mus	Sde-CMat_111	nsf-deb-bluesprat-2024-2025	MAT-2024-05_01		Kent Carpenter; Kevin Labrador; Chris Bird	Chris Bird		
80	12/11/2024	Spratelloides delicatulus	40	180	10			20	sde_xray_020	20241211_151552.jpg	4	Sde-AMat_081_mus	Sde-AMat_081	usnm-albatross	138966	usnm_original	Kent Carpenter; Kevin Labrador; Chris Bird	Chris Bird		
81	12/11/2024	Spratelloides delicatulus	40	180	10			21	sde_xray_021	20241211_152054.jpg	1	Sde-C-0103-E_mus	Sde-CMat_099	nsf-deb-bluesprat-2024-2025	MAT-2024-05_01		Kent Carpenter; Kevin Labrador; Chris Bird	Chris Bird		
82	12/11/2024	Spratelloides delicatulus	40	180	10			21	sde_xray_021	20241211_152054.jpg	2	Sde-AMat_071_mus	Sde-AMat_071	usnm-albatross	138966	usnm_original	Kent Carpenter; Kevin Labrador; Chris Bird	Chris Bird		
83	12/11/2024	Spratelloides delicatulus	40	180	10			21	sde_xray_021	20241211_152054.jpg	3	Sde-C-0116-E_mus	Sde-CMat_112	nsf-deb-bluesprat-2024-2025	MAT-2024-05_01		Kent Carpenter; Kevin Labrador; Chris Bird	Chris Bird		
84	12/11/2024	Spratelloides delicatulus	40	180	10			21	sde_xray_021	20241211_152054.jpg	4	Sde-AMat_060_mus	Sde-AMat_060	usnm-albatross	138966	usnm_original	Kent Carpenter; Kevin Labrador; Chris Bird	Chris Bird		
85	12/11/2024	Spratelloides delicatulus	40	180	10			22	sde_xray_022	20241211_152521.jpg	1	Sde-C-0106-E_mus	Sde-CMat_102	nsf-deb-bluesprat-2024-2025	MAT-2024-05_01		Kent Carpenter; Kevin Labrador; Chris Bird	Chris Bird	"difficult to read id label, could be 0108"	
86	12/11/2024	Spratelloides delicatulus	40	180	10			22	sde_xray_022	20241211_152521.jpg	2	Sde-AMat_056_mus	Sde-AMat_056	usnm-albatross	138966	usnm_original	Kent Carpenter; Kevin Labrador; Chris Bird	Chris Bird		
87	12/11/2024	Spratelloides delicatulus	40	180	10			22	sde_xray_022	20241211_152521.jpg	3	Sde-C-0119-E_mus	Sde-CMat_115	nsf-deb-bluesprat-2024-2025	MAT-2024-05_01		Kent Carpenter; Kevin Labrador; Chris Bird	Chris Bird		
88	12/11/2024	Spratelloides delicatulus	40	180	10			22	sde_xray_022	20241211_152521.jpg	4	Sde-AMat_055_mus	Sde-AMat_055	usnm-albatross	138966	usnm_original	Kent Carpenter; Kevin Labrador; Chris Bird	Chris Bird		
89	12/11/2024	Spratelloides delicatulus	40	180	10			23	sde_xray_023	20241211_153011.jpg	1	Sde-C-0118-E_mus	Sde-CMat_114	nsf-deb-bluesprat-2024-2025	MAT-2024-05_01		Kent Carpenter; Kevin Labrador; Chris Bird	Chris Bird		
90	12/11/2024	Spratelloides delicatulus	40	180	10			23	sde_xray_023	20241211_153011.jpg	2	Sde-AMat_058_mus	Sde-AMat_058	usnm-albatross	138966	usnm_original	Kent Carpenter; Kevin Labrador; Chris Bird	Chris Bird		
91	12/11/2024	Spratelloides delicatulus	40	180	10			23	sde_xray_023	20241211_153011.jpg	3	Sde-C-0145-E_mus	Sde-CMat_141	nsf-deb-bluesprat-2024-2025	MAT-2024-05_01		Kent Carpenter; Kevin Labrador; Chris Bird	Chris Bird		
92	12/11/2024	Spratelloides delicatulus	40	180	10			23	sde_xray_023	20241211_153011.jpg	4	Sde-AMat_057_mus	Sde-AMat_057	usnm-albatross	138966	usnm_original	Kent Carpenter; Kevin Labrador; Chris Bird	Chris Bird		
93	12/11/2024	Spratelloides delicatulus	40	180	10			24	sde_xray_024	20241211_153446.jpg	1	Sde-C-0134-E_mus	Sde-CMat_130	nsf-deb-bluesprat-2024-2025	MAT-2024-05_01		Kent Carpenter; Kevin Labrador; Chris Bird	Chris Bird	last frame for lot 138966 jar	
94	12/11/2024	Spratelloides delicatulus	40	180	10			24	sde_xray_024	20241211_153446.jpg	2	Sde-AMat_059_mus	Sde-AMat_059	usnm-albatross	138966	usnm_original	Kent Carpenter; Kevin Labrador; Chris Bird	Chris Bird	last frame for lot 138966 jar	
95	12/11/2024	Spratelloides delicatulus	40	180	10			24	sde_xray_024	20241211_153446.jpg	3	Sde-C-0133-E_mus	Sde-CMat_129	nsf-deb-bluesprat-2024-2025	MAT-2024-05_01		Kent Carpenter; Kevin Labrador; Chris Bird	Chris Bird	last frame for lot 138966 jar	
96	12/11/2024	Spratelloides delicatulus	40	180	10			24	sde_xray_024	20241211_153446.jpg	4	Sde-AMat_072_mus	Sde-AMat_072	usnm-albatross	138966	usnm_original	Kent Carpenter; Kevin Labrador; Chris Bird	Chris Bird	last frame for lot 138966 jar	
97	12/11/2024	Spratelloides delicatulus	40	180	10			25	sde_xray_025	20241211_154232.jpg	1	Sde-C-0124-E_mus	Sde-CMat_120	nsf-deb-bluesprat-2024-2025	MAT-2024-05_01		Kent Carpenter; Kevin Labrador; Chris Bird	Chris Bird		
98	12/11/2024	Spratelloides delicatulus	40	180	10			25	sde_xray_025	20241211_154232.jpg	2	Sde-AMat_004_mus	Sde-AMat_004	usnm-albatross	138966	usnm_original	Kent Carpenter; Kevin Labrador; Chris Bird	Chris Bird		
99	12/11/2024	Spratelloides delicatulus	40	180	10			25	sde_xray_025	20241211_154232.jpg	3	Sde-C-0146-E_mus	Sde-CMat_142	nsf-deb-bluesprat-2024-2025	MAT-2024-05_01		Kent Carpenter; Kevin Labrador; Chris Bird	Chris Bird		
100	12/11/2024	Spratelloides delicatulus	40	180	10			25	sde_xray_025	20241211_154232.jpg	4	Sde-AMat_036_mus	Sde-AMat_036	usnm-albatross	138966	usnm_original	Kent Carpenter; Kevin Labrador; Chris Bird	Chris Bird		
101	12/11/2024	Spratelloides delicatulus	40	180	10			26	sde_xray_026	20241211_155102.jpg	1	Sde-C-0204-E_mus	Sde-CMat_200	nsf-deb-bluesprat-2024-2025	MAT-2024-05_01		Kent Carpenter; Kevin Labrador; Chris Bird	Chris Bird	Position 1; 020?-E; figure out this field_id number by process of elimination.  All samples from Matnog 2024 need new tags	
102	12/11/2024	Spratelloides delicatulus	40	180	10			26	sde_xray_026	20241211_155102.jpg	2	Sde-AMat_018_mus	Sde-AMat_018	usnm-albatross	138966	usnm_original	Kent Carpenter; Kevin Labrador; Chris Bird	Chris Bird		
103	12/11/2024	Spratelloides delicatulus	40	180	10			26	sde_xray_026	20241211_155102.jpg	3	Sde-C-0175-E_mus	Sde-CMat_171	nsf-deb-bluesprat-2024-2025	MAT-2024-05_01		Kent Carpenter; Kevin Labrador; Chris Bird	Chris Bird		
104	12/11/2024	Spratelloides delicatulus	40	180	10			26	sde_xray_026	20241211_155102.jpg	4	Sde-AMat_040_mus	Sde-AMat_040	usnm-albatross	138966	usnm_original	Kent Carpenter; Kevin Labrador; Chris Bird	Chris Bird		
105	12/11/2024	Spratelloides delicatulus	40	180	10			27	sde_xray_027	20241211_155704.jpg	1	Sde-C-0171-E_mus	Sde-CMat_167	nsf-deb-bluesprat-2024-2025	MAT-2024-05_01		Kent Carpenter; Kevin Labrador; Chris Bird	Chris Bird		
106	12/11/2024	Spratelloides delicatulus	40	180	10			27	sde_xray_027	20241211_155704.jpg	2	Sde-AMat_037_mus	Sde-AMat_037	usnm-albatross	138966	usnm_original	Kent Carpenter; Kevin Labrador; Chris Bird	Chris Bird	"top of 7 cutoff on id tag, _037"	
107	12/11/2024	Spratelloides delicatulus	40	180	10			27	sde_xray_027	20241211_155704.jpg	3	Sde-C-0197-E_mus	Sde-CMat_193	nsf-deb-bluesprat-2024-2025	MAT-2024-05_01		Kent Carpenter; Kevin Labrador; Chris Bird	Chris Bird		
108	12/11/2024	Spratelloides delicatulus	40	180	10			27	sde_xray_027	20241211_155704.jpg	4	Sde-AMat_032_mus	Sde-AMat_032	usnm-albatross	138966	usnm_original	Kent Carpenter; Kevin Labrador; Chris Bird	Chris Bird		
109	12/11/2024	Spratelloides delicatulus	40	180	10			28	sde_xray_028	20241211_160354.jpg	1	Sde-C-0161-E_mus	Sde-CMat_157	nsf-deb-bluesprat-2024-2025	MAT-2024-05_01		Kent Carpenter; Kevin Labrador; Chris Bird	Chris Bird		
110	12/11/2024	Spratelloides delicatulus	40	180	10			28	sde_xray_028	20241211_160354.jpg	2	Sde-AMat_030_mus	Sde-AMat_030	usnm-albatross	138966	usnm_original	Kent Carpenter; Kevin Labrador; Chris Bird	Chris Bird		
111	12/11/2024	Spratelloides delicatulus	40	180	10			28	sde_xray_028	20241211_160354.jpg	3	Sde-C-0195-E_mus	Sde-CMat_191	nsf-deb-bluesprat-2024-2025	MAT-2024-05_01		Kent Carpenter; Kevin Labrador; Chris Bird	Chris Bird		
112	12/11/2024	Spratelloides delicatulus	40	180	10			28	sde_xray_028	20241211_160354.jpg	4	Sde-AMat_003_mus	Sde-AMat_003	usnm-albatross	138966	usnm_original	Kent Carpenter; Kevin Labrador; Chris Bird	Chris Bird		
113	12/11/2024	Spratelloides delicatulus	40	180	10			29	sde_xray_029	20241211_161133.jpg	1	Sde-C-0202-E_mus	Sde-CMat_198	nsf-deb-bluesprat-2024-2025	MAT-2024-05_01		Kent Carpenter; Kevin Labrador; Chris Bird	Chris Bird		
114	12/11/2024	Spratelloides delicatulus	40	180	10			29	sde_xray_029	20241211_161133.jpg	2	Sde-AMat_023_mus	Sde-AMat_023	usnm-albatross	138966	usnm_original	Kent Carpenter; Kevin Labrador; Chris Bird	Chris Bird		
115	12/11/2024	Spratelloides delicatulus	40	180	10			29	sde_xray_029	20241211_161133.jpg	3	Sde-C-0184-E_mus	Sde-CMat_180	nsf-deb-bluesprat-2024-2025	MAT-2024-05_01		Kent Carpenter; Kevin Labrador; Chris Bird	Chris Bird		
116	12/11/2024	Spratelloides delicatulus	40	180	10			29	sde_xray_029	20241211_161133.jpg	4	Sde-AMat_007_mus	Sde-AMat_007	usnm-albatross	138966	usnm_original	Kent Carpenter; Kevin Labrador; Chris Bird	Chris Bird		
117	12/11/2024	Spratelloides delicatulus	40	180	10			30	sde_xray_030	20241211_161646.jpg	1	Sde-C-0170-E_mus	Sde-CMat_166	nsf-deb-bluesprat-2024-2025	MAT-2024-05_01		Kent Carpenter; Kevin Labrador; Chris Bird	Chris Bird	"pos 1, 0170"	
118	12/11/2024	Spratelloides delicatulus	40	180	10			30	sde_xray_030	20241211_161646.jpg	2	Sde-AMat_024_mus	Sde-AMat_024	usnm-albatross	138966	usnm_original	Kent Carpenter; Kevin Labrador; Chris Bird	Chris Bird	pos 2 sardinella	
119	12/11/2024	Spratelloides delicatulus	40	180	10			30	sde_xray_030	20241211_161646.jpg	3	Sde-C-0172-E_mus	Sde-CMat_168	nsf-deb-bluesprat-2024-2025	MAT-2024-05_01		Kent Carpenter; Kevin Labrador; Chris Bird	Chris Bird		
120	12/11/2024	Spratelloides delicatulus	40	180	10			30	sde_xray_030	20241211_161646.jpg	4	Sde-AMat_039_mus	Sde-AMat_039	usnm-albatross	138966	usnm_original	Kent Carpenter; Kevin Labrador; Chris Bird	Chris Bird		
121	12/11/2024	Spratelloides delicatulus	40	180	10			31	sde_xray_031	20241211_162529.jpg	1	Sde-C-0201-E_mus	Sde-CMat_197	nsf-deb-bluesprat-2024-2025	MAT-2024-05_01		Kent Carpenter; Kevin Labrador; Chris Bird	Chris Bird	"99% sure of id number; pos 1, 0201"	
122	12/11/2024	Spratelloides delicatulus	40	180	10			31	sde_xray_031	20241211_162529.jpg	2	Sde-AMat_046_mus	Sde-AMat_046	usnm-albatross	138966	usnm_original	Kent Carpenter; Kevin Labrador; Chris Bird	Chris Bird		
123	12/11/2024	Spratelloides delicatulus	40	180	10			31	sde_xray_031	20241211_162529.jpg	3	Sde-C-0203-E_mus	Sde-CMat_199	nsf-deb-bluesprat-2024-2025	MAT-2024-05_01		Kent Carpenter; Kevin Labrador; Chris Bird	Chris Bird		
124	12/11/2024	Spratelloides delicatulus	40	180	10			31	sde_xray_031	20241211_162529.jpg	4	Sde-AMat_006_mus	Sde-AMat_006	usnm-albatross	138966	usnm_original	Kent Carpenter; Kevin Labrador; Chris Bird	Chris Bird		
125	12/11/2024	Spratelloides delicatulus	40	180	10			32	sde_xray_032	20241211_163134.jpg	1	Sde-C-0183-E_mus	Sde-CMat_179	nsf-deb-bluesprat-2024-2025	MAT-2024-05_01		Kent Carpenter; Kevin Labrador; Chris Bird	Chris Bird		
126	12/11/2024	Spratelloides delicatulus	40	180	10			32	sde_xray_032	20241211_163134.jpg	2	Sde-AMat_013_mus	Sde-AMat_013	usnm-albatross	138966	usnm_original	Kent Carpenter; Kevin Labrador; Chris Bird	Chris Bird		
127	12/11/2024	Spratelloides delicatulus	40	180	10			32	sde_xray_032	20241211_163134.jpg	3	Sde-C-0198-E_mus	Sde-CMat_194	nsf-deb-bluesprat-2024-2025	MAT-2024-05_01		Kent Carpenter; Kevin Labrador; Chris Bird	Chris Bird		
128	12/11/2024	Spratelloides delicatulus	40	180	10			32	sde_xray_032	20241211_163134.jpg	4	Sde-AMat_025_mus	Sde-AMat_025	usnm-albatross	138966	usnm_original	Kent Carpenter; Kevin Labrador; Chris Bird	Chris Bird		
129	12/11/2024	Spratelloides delicatulus	40	180	10			33	sde_xray_033	20241211_164023.jpg	1	Sde-C-0157-E_mus	Sde-CMat_153	nsf-deb-bluesprat-2024-2025	MAT-2024-05_01		Kent Carpenter; Kevin Labrador; Chris Bird	Chris Bird		
130	12/11/2024	Spratelloides delicatulus	40	180	10			33	sde_xray_033	20241211_164023.jpg	2	Sde-AMat_045_mus	Sde-AMat_045	usnm-albatross	138966	usnm_original	Kent Carpenter; Kevin Labrador; Chris Bird	Chris Bird		
131	12/11/2024	Spratelloides delicatulus	40	180	10			33	sde_xray_033	20241211_164023.jpg	3	Sde-C-0178-E_mus	Sde-CMat_174	nsf-deb-bluesprat-2024-2025	MAT-2024-05_01		Kent Carpenter; Kevin Labrador; Chris Bird	Chris Bird		
132	12/11/2024	Spratelloides delicatulus	40	180	10			33	sde_xray_033	20241211_164023.jpg	4	Sde-AMat_041_mus	Sde-AMat_041	usnm-albatross	138966	usnm_original	Kent Carpenter; Kevin Labrador; Chris Bird	Chris Bird		
133	12/11/2024	Spratelloides delicatulus	40	180	10			34	sde_xray_034	20241211_164550.jpg	1	Sde-C-0160-E_mus	Sde-CMat_156	nsf-deb-bluesprat-2024-2025	MAT-2024-05_01		Kent Carpenter; Kevin Labrador; Chris Bird	Chris Bird	"pos 1, 0160"	
134	12/11/2024	Spratelloides delicatulus	40	180	10			34	sde_xray_034	20241211_164550.jpg	2	Sde-AMat_021_mus	Sde-AMat_021	usnm-albatross	138966	usnm_original	Kent Carpenter; Kevin Labrador; Chris Bird	Chris Bird		
135	12/11/2024	Spratelloides delicatulus	40	180	10			34	sde_xray_034	20241211_164550.jpg	3	Sde-C-0155-E_mus	Sde-CMat_151	nsf-deb-bluesprat-2024-2025	MAT-2024-05_01		Kent Carpenter; Kevin Labrador; Chris Bird	Chris Bird		
136	12/11/2024	Spratelloides delicatulus	40	180	10			34	sde_xray_034	20241211_164550.jpg	4	Sde-AMat_009_mus	Sde-AMat_009	usnm-albatross	138966	usnm_original	Kent Carpenter; Kevin Labrador; Chris Bird	Chris Bird		
137	12/11/2024	Spratelloides delicatulus	40	180	10			35	sde_xray_035	20241211_165118.jpg	1	Sde-C-0173-E_mus	Sde-CMat_169	nsf-deb-bluesprat-2024-2025	MAT-2024-05_01		Kent Carpenter; Kevin Labrador; Chris Bird	Chris Bird		
138	12/11/2024	Spratelloides delicatulus	40	180	10			35	sde_xray_035	20241211_165118.jpg	2	Sde-AMat_034_mus	Sde-AMat_034	usnm-albatross	138966	usnm_original	Kent Carpenter; Kevin Labrador; Chris Bird	Chris Bird		
139	12/11/2024	Spratelloides delicatulus	40	180	10			35	sde_xray_035	20241211_165118.jpg	3	Sde-C-0168-E_mus	Sde-CMat_164	nsf-deb-bluesprat-2024-2025	MAT-2024-05_01		Kent Carpenter; Kevin Labrador; Chris Bird	Chris Bird		
140	12/11/2024	Spratelloides delicatulus	40	180	10			35	sde_xray_035	20241211_165118.jpg	4	Sde-AMat_031_mus	Sde-AMat_031	usnm-albatross	138966	usnm_original	Kent Carpenter; Kevin Labrador; Chris Bird	Chris Bird		
141	12/11/2024	Spratelloides delicatulus	40	180	10			36	sde_xray_036	20241211_165633.jpg	1	Sde-C-0186-E_mus	Sde-CMat_182	nsf-deb-bluesprat-2024-2025	MAT-2024-05_01		Kent Carpenter; Kevin Labrador; Chris Bird	Chris Bird		
142	12/11/2024	Spratelloides delicatulus	40	180	10			36	sde_xray_036	20241211_165633.jpg	2	Sde-AMat_019_mus	Sde-AMat_019	usnm-albatross	138966	usnm_original	Kent Carpenter; Kevin Labrador; Chris Bird	Chris Bird		
143	12/11/2024	Spratelloides delicatulus	40	180	10			36	sde_xray_036	20241211_165633.jpg	3	Sde-C-0162-E_mus	Sde-CMat_158	nsf-deb-bluesprat-2024-2025	MAT-2024-05_01		Kent Carpenter; Kevin Labrador; Chris Bird	Chris Bird		
144	12/11/2024	Spratelloides delicatulus	40	180	10			36	sde_xray_036	20241211_165633.jpg	4	Sde-AMat_002_mus	Sde-AMat_002	usnm-albatross	138966	usnm_original	Kent Carpenter; Kevin Labrador; Chris Bird	Chris Bird		
145	12/11/2024	Spratelloides delicatulus	40	180	10			37	sde_xray_037	20241211_170120.jpg	1	Sde-C-0188-E_mus	Sde-CMat_184	nsf-deb-bluesprat-2024-2025	MAT-2024-05_01		Kent Carpenter; Kevin Labrador; Chris Bird	Chris Bird		
146	12/11/2024	Spratelloides delicatulus	40	180	10			37	sde_xray_037	20241211_170120.jpg	2	Sde-AMat_008_mus	Sde-AMat_008	usnm-albatross	138966	usnm_original	Kent Carpenter; Kevin Labrador; Chris Bird	Chris Bird		
147	12/11/2024	Spratelloides delicatulus	40	180	10			37	sde_xray_037	20241211_170120.jpg	3	Sde-C-0196-E_mus	Sde-CMat_192	nsf-deb-bluesprat-2024-2025	MAT-2024-05_01		Kent Carpenter; Kevin Labrador; Chris Bird	Chris Bird		
148	12/11/2024	Spratelloides delicatulus	40	180	10			37	sde_xray_037	20241211_170120.jpg	4	Sde-AMat_010_mus	Sde-AMat_010	usnm-albatross	138966	usnm_original	Kent Carpenter; Kevin Labrador; Chris Bird	Chris Bird		
149	12/11/2024	Spratelloides delicatulus	40	180	10			38	sde_xray_038	20241211_170547.jpg	1	Sde-C-0169-E_mus	Sde-CMat_165	nsf-deb-bluesprat-2024-2025	MAT-2024-05_01		Kent Carpenter; Kevin Labrador; Chris Bird	Chris Bird		
150	12/11/2024	Spratelloides delicatulus	40	180	10			38	sde_xray_038	20241211_170547.jpg	2	Sde-AMat_001_mus	Sde-AMat_001	usnm-albatross	138966	usnm_original	Kent Carpenter; Kevin Labrador; Chris Bird	Chris Bird		
151	12/11/2024	Spratelloides delicatulus	40	180	10			38	sde_xray_038	20241211_170547.jpg	3	Sde-C-0199-E_mus	Sde-CMat_195	nsf-deb-bluesprat-2024-2025	MAT-2024-05_01		Kent Carpenter; Kevin Labrador; Chris Bird	Chris Bird		
152	12/11/2024	Spratelloides delicatulus	40	180	10			38	sde_xray_038	20241211_170547.jpg	4	Sde-AMat_017_mus	Sde-AMat_017	usnm-albatross	138966	usnm_original	Kent Carpenter; Kevin Labrador; Chris Bird	Chris Bird		
153	12/11/2024	Spratelloides delicatulus	40	180	10			39	sde_xray_039	20241211_171500.jpg	1	Sde-C-0156-E_mus	Sde-CMat_152	nsf-deb-bluesprat-2024-2025	MAT-2024-05_01		Kent Carpenter; Kevin Labrador; Chris Bird	Chris Bird		
154	12/11/2024	Spratelloides delicatulus	40	180	10			39	sde_xray_039	20241211_171500.jpg	2	Sde-AMat_012_mus	Sde-AMat_012	usnm-albatross	138966	usnm_original	Kent Carpenter; Kevin Labrador; Chris Bird	Chris Bird		
155	12/11/2024	Spratelloides delicatulus	40	180	10			39	sde_xray_039	20241211_171500.jpg	3	Sde-C-0182-E_mus	Sde-CMat_178	nsf-deb-bluesprat-2024-2025	MAT-2024-05_01		Kent Carpenter; Kevin Labrador; Chris Bird	Chris Bird		
156	12/11/2024	Spratelloides delicatulus	40	180	10			39	sde_xray_039	20241211_171500.jpg	4	Sde-AMat_016_mus	Sde-AMat_016	usnm-albatross	138966	usnm_original	Kent Carpenter; Kevin Labrador; Chris Bird	Chris Bird		
157	12/11/2024	Spratelloides delicatulus	40	180	10			40	sde_xray_040	20241211_172022.jpg	1	Sde-C-0153-E_mus	Sde-CMat_149	nsf-deb-bluesprat-2024-2025	MAT-2024-05_01		Kent Carpenter; Kevin Labrador; Chris Bird	Chris Bird	"pos 1, 0153"	
158	12/11/2024	Spratelloides delicatulus	40	180	10			40	sde_xray_040	20241211_172022.jpg	2	Sde-AMat_020_mus	Sde-AMat_020	usnm-albatross	138966	usnm_original	Kent Carpenter; Kevin Labrador; Chris Bird	Chris Bird		
159	12/11/2024	Spratelloides delicatulus	40	180	10			40	sde_xray_040	20241211_172022.jpg	3	Sde-C-0191-E_mus	Sde-CMat_187	nsf-deb-bluesprat-2024-2025	MAT-2024-05_01		Kent Carpenter; Kevin Labrador; Chris Bird	Chris Bird		
160	12/11/2024	Spratelloides delicatulus	40	180	10			40	sde_xray_040	20241211_172022.jpg	4	Sde-AMat_022_mus	Sde-AMat_022	usnm-albatross	138966	usnm_original	Kent Carpenter; Kevin Labrador; Chris Bird	Chris Bird		
161	12/12/2024	Spratelloides delicatulus	40	180	10			41	sde_xray_041	20241212_095521.jpg	1	Sde-C-0181-E_mus	Sde-CMat_177	nsf-deb-bluesprat-2024-2025	MAT-2024-05_01		Kent Carpenter; Kevin Labrador	Chris Bird		
162	12/12/2024	Spratelloides delicatulus	40	180	10			41	sde_xray_041	20241212_095521.jpg	2	Sde-AMat_026_mus	Sde-AMat_026	usnm-albatross	138966	usnm_original	Kent Carpenter; Kevin Labrador	Chris Bird		
163	12/12/2024	Spratelloides delicatulus	40	180	10			41	sde_xray_041	20241212_095521.jpg	3	Sde-C-0200-E_mus	Sde-CMat_196	nsf-deb-bluesprat-2024-2025	MAT-2024-05_01		Kent Carpenter; Kevin Labrador	Chris Bird		
164	12/12/2024	Spratelloides delicatulus	40	180	10			41	sde_xray_041	20241212_095521.jpg	4	Sde-AMat_038_mus	Sde-AMat_038	usnm-albatross	138966	usnm_original	Kent Carpenter; Kevin Labrador	Chris Bird		
165	12/12/2024	Spratelloides delicatulus	40	180	10			42	sde_xray_042	20241212_100212.jpg	1	Sde-C-0205-E_mus	Sde-CMat_201	nsf-deb-bluesprat-2024-2025	MAT-2024-05_01		Kent Carpenter; Kevin Labrador	Chris Bird		
166	12/12/2024	Spratelloides delicatulus	40	180	10			42	sde_xray_042	20241212_100212.jpg	2	Sde-AMat_027_mus	Sde-AMat_027	usnm-albatross	138966	usnm_original	Kent Carpenter; Kevin Labrador	Chris Bird		
167	12/12/2024	Spratelloides delicatulus	40	180	10			42	sde_xray_042	20241212_100212.jpg	3	Sde-C-0179-E_mus	Sde-CMat_175	nsf-deb-bluesprat-2024-2025	MAT-2024-05_01		Kent Carpenter; Kevin Labrador	Chris Bird		
168	12/12/2024	Spratelloides delicatulus	40	180	10			42	sde_xray_042	20241212_100212.jpg	4	Sde-AMat_005_mus	Sde-AMat_005	usnm-albatross	138966	usnm_original	Kent Carpenter; Kevin Labrador	Chris Bird		
169	12/12/2024	Spratelloides delicatulus	40	180	10			43	sde_xray_043	20241212_101135.jpg	1	Sde-C-0194-E_mus	Sde-CMat_190	nsf-deb-bluesprat-2024-2025	MAT-2024-05_01		Kent Carpenter; Kevin Labrador	Chris Bird		
170	12/12/2024	Spratelloides delicatulus	40	180	10			43	sde_xray_043	20241212_101135.jpg	2	Sde-AMat_015_mus	Sde-AMat_015	usnm-albatross	138966	usnm_original	Kent Carpenter; Kevin Labrador	Chris Bird		
171	12/12/2024	Spratelloides delicatulus	40	180	10			43	sde_xray_043	20241212_101135.jpg	3	Sde-C-0151-E_mus	Sde-CMat_147	nsf-deb-bluesprat-2024-2025	MAT-2024-05_01		Kent Carpenter; Kevin Labrador	Chris Bird		
172	12/12/2024	Spratelloides delicatulus	40	180	10			43	sde_xray_043	20241212_101135.jpg	4	Sde-AMat_043_mus	Sde-AMat_043	usnm-albatross	138966	usnm_original	Kent Carpenter; Kevin Labrador	Chris Bird		
173	12/12/2024	Spratelloides delicatulus	40	180	10			44	sde_xray_044	20241212_103103.jpg	1	Sde-C-0185-E_mus	Sde-CMat_181	nsf-deb-bluesprat-2024-2025	MAT-2024-05_01		Kent Carpenter; Kevin Labrador	Chris Bird		
174	12/12/2024	Spratelloides delicatulus	40	180	10			44	sde_xray_044	20241212_103103.jpg	2	Sde-AMat_028_mus	Sde-AMat_028	usnm-albatross	138966	usnm_original	Kent Carpenter; Kevin Labrador	Chris Bird		
175	12/12/2024	Spratelloides delicatulus	40	180	10			44	sde_xray_044	20241212_103103.jpg	3	Sde-C-0159-E_mus	Sde-CMat_155	nsf-deb-bluesprat-2024-2025	MAT-2024-05_01		Kent Carpenter; Kevin Labrador	Chris Bird		
176	12/12/2024	Spratelloides delicatulus	40	180	10			44	sde_xray_044	20241212_103103.jpg	4	Sde-AMat_029_mus	Sde-AMat_029	usnm-albatross	138966	usnm_original	Kent Carpenter; Kevin Labrador	Chris Bird		
177	12/12/2024	Spratelloides delicatulus	40	180	10			45	sde_xray_045	20241212_103600.jpg	1	Sde-C-0154-E_mus	Sde-CMat_150	nsf-deb-bluesprat-2024-2025	MAT-2024-05_01		Kent Carpenter; Kevin Labrador	Chris Bird		
178	12/12/2024	Spratelloides delicatulus	40	180	10			45	sde_xray_045	20241212_103600.jpg	2	Sde-AMat_035_mus	Sde-AMat_035	usnm-albatross	138966	usnm_original	Kent Carpenter; Kevin Labrador	Chris Bird		
179	12/12/2024	Spratelloides delicatulus	40	180	10			45	sde_xray_045	20241212_103600.jpg	3	Sde-C-0174-E_mus	Sde-CMat_170	nsf-deb-bluesprat-2024-2025	MAT-2024-05_01		Kent Carpenter; Kevin Labrador	Chris Bird		
180	12/12/2024	Spratelloides delicatulus	40	180	10			45	sde_xray_045	20241212_103600.jpg	4	Sde-AMat_014_mus	Sde-AMat_014	usnm-albatross	138966	usnm_original	Kent Carpenter; Kevin Labrador	Chris Bird		
181	12/12/2024	Spratelloides delicatulus	40	180	10			46	sde_xray_046	20241212_104511.jpg	1	Sde-C-0193-E_mus	Sde-CMat_189	nsf-deb-bluesprat-2024-2025	MAT-2024-05_01		Kent Carpenter; Kevin Labrador	Chris Bird		
182	12/12/2024	Spratelloides delicatulus	40	180	10			46	sde_xray_046	20241212_104511.jpg	2	Sde-AMat_011_mus	Sde-AMat_011	usnm-albatross	138966	usnm_original	Kent Carpenter; Kevin Labrador	Chris Bird		
183	12/12/2024	Spratelloides delicatulus	40	180	10			46	sde_xray_046	20241212_104511.jpg	3	Sde-C-0177-E_mus	Sde-CMat_173	nsf-deb-bluesprat-2024-2025	MAT-2024-05_01		Kent Carpenter; Kevin Labrador	Chris Bird		
184	12/12/2024	Spratelloides delicatulus	40	180	10			46	sde_xray_046	20241212_104511.jpg	4	Sde-AMat_042_mus	Sde-AMat_042	usnm-albatross	138966	usnm_original	Kent Carpenter; Kevin Labrador	Chris Bird		
185	12/12/2024	Spratelloides delicatulus	40	180	10			47	sde_xray_047	20241212_104904.jpg	1	Sde-C-0192-E_mus	Sde-CMat_188	nsf-deb-bluesprat-2024-2025	MAT-2024-05_01		Kent Carpenter; Kevin Labrador	Chris Bird		
186	12/12/2024	Spratelloides delicatulus	40	180	10			47	sde_xray_047	20241212_104904.jpg	2	Sde-AMat_047_mus	Sde-AMat_047	usnm-albatross	138966	usnm_original	Kent Carpenter; Kevin Labrador	Chris Bird		
187	12/12/2024	Spratelloides delicatulus	40	180	10			47	sde_xray_047	20241212_104904.jpg	3	Sde-C-0189-E_mus	Sde-CMat_185	nsf-deb-bluesprat-2024-2025	MAT-2024-05_01		Kent Carpenter; Kevin Labrador	Chris Bird		
188	12/12/2024	Spratelloides delicatulus	40	180	10			47	sde_xray_047	20241212_104904.jpg	4	Sde-AMat_033_mus	Sde-AMat_033	usnm-albatross	138966	usnm_original	Kent Carpenter; Kevin Labrador	Chris Bird		
189	12/12/2024	Spratelloides delicatulus	40	180	10			48	sde_xray_048	20241212_105325.jpg	1	Sde-C-0187-E_mus	Sde-CMat_183	nsf-deb-bluesprat-2024-2025	MAT-2024-05_01		Kent Carpenter; Kevin Labrador	Chris Bird		
190	12/12/2024	Spratelloides delicatulus	40	180	10			48	sde_xray_048	20241212_105325.jpg	2	Sde-AMat_048_mus	Sde-AMat_048	usnm-albatross	138966	usnm_original	Kent Carpenter; Kevin Labrador	Chris Bird		
191	12/12/2024	Spratelloides delicatulus	40	180	10			48	sde_xray_048	20241212_105325.jpg	3	Sde-C-0165-E_mus	Sde-CMat_161	nsf-deb-bluesprat-2024-2025	MAT-2024-05_01		Kent Carpenter; Kevin Labrador	Chris Bird		
192	12/12/2024	Spratelloides delicatulus	40	180	10			48	sde_xray_048	20241212_105325.jpg	4	Sde-AMat_044_mus	Sde-AMat_044	usnm-albatross	138966	usnm_original	Kent Carpenter; Kevin Labrador	Chris Bird		
193	12/12/2024	Spratelloides delicatulus	40	180	10			49	sde_xray_049	20241212_105941.jpg	1	Sde-C-0152-E_mus	Sde-CMat_148	nsf-deb-bluesprat-2024-2025	MAT-2024-05_01		Kent Carpenter; Kevin Labrador	Chris Bird		
194	12/12/2024	Spratelloides delicatulus	40	180	10			49	sde_xray_049	20241212_105941.jpg	2	Sde-C-0166-E_mus	Sde-CMat_162	nsf-deb-bluesprat-2024-2025	MAT-2024-05_01		Kent Carpenter; Kevin Labrador	Chris Bird		
195	12/12/2024	Spratelloides delicatulus	40	180	10			49	sde_xray_049	20241212_105941.jpg	3	Sde-C-0163-E_mus	Sde-CMat_159	nsf-deb-bluesprat-2024-2025	MAT-2024-05_01		Kent Carpenter; Kevin Labrador	Chris Bird		
196	12/12/2024	Spratelloides delicatulus	40	180	10			49	sde_xray_049	20241212_105941.jpg	4	Sde-C-0167-E_mus	Sde-CMat_163	nsf-deb-bluesprat-2024-2025	MAT-2024-05_01		Kent Carpenter; Kevin Labrador	Chris Bird		
197	12/12/2024	Spratelloides delicatulus	40	180	10			50	sde_xray_050	20241212_110448.jpg	1	Sde-C-0190-E_mus	Sde-CMat_186	nsf-deb-bluesprat-2024-2025	MAT-2024-05_01		Kent Carpenter; Kevin Labrador	Chris Bird		
198	12/12/2024	Spratelloides delicatulus	40	180	10			50	sde_xray_050	20241212_110448.jpg	2	Sde-C-0164-E_mus	Sde-CMat_160	nsf-deb-bluesprat-2024-2025	MAT-2024-05_01		Kent Carpenter; Kevin Labrador	Chris Bird		
199	12/12/2024	Spratelloides delicatulus	40	180	10			50	sde_xray_050	20241212_110448.jpg	3	Sde-C-0158-E_mus	Sde-CMat_154	nsf-deb-bluesprat-2024-2025	MAT-2024-05_01		Kent Carpenter; Kevin Labrador	Chris Bird		
200	12/12/2024	Spratelloides delicatulus	40	180	10			50	sde_xray_050	20241212_110448.jpg	4	Sde-C-0180-E_mus	Sde-CMat_176	nsf-deb-bluesprat-2024-2025	MAT-2024-05_01		Kent Carpenter; Kevin Labrador	Chris Bird		
201	12/12/2024	Spratelloides delicatulus	40	180	10			51	sde_xray_051	20241212_111414.jpg	1	Sde-C-0176-E_mus	Sde-CMat_172	nsf-deb-bluesprat-2024-2025	MAT-2024-05_01		Kent Carpenter; Kevin Labrador	Chris Bird	need to figure out field id by process of elimination	
202	12/12/2024	Spratelloides delicatulus	40	180	10			52	sde_xray_052	20241212_113125.jpg	1	Sde-C-0002-E_mus	Sde-CTlk_002	nsf-deb-bluesprat-2024-2025	TLK-2024-08_01		Kent Carpenter; Kevin Labrador	Chris Bird		
203	12/12/2024	Spratelloides delicatulus	40	180	10			52	sde_xray_052	20241212_113125.jpg	2	Sde-ASac_093_mus	Sde-ASac_093	usnm-albatross	150772	usnm_original	Kent Carpenter; Kevin Labrador	Chris Bird		
204	12/12/2024	Spratelloides delicatulus	40	180	10			52	sde_xray_052	20241212_113125.jpg	3	Sde-C-0009-E_mus	Sde-CTlk_009	nsf-deb-bluesprat-2024-2025	TLK-2024-08_01		Kent Carpenter; Kevin Labrador	Chris Bird		
205	12/12/2024	Spratelloides delicatulus	40	180	10			52	sde_xray_052	20241212_113125.jpg	4	Sde-ASac_069_mus	Sde-ASac_069	usnm-albatross	150772	usnm_original	Kent Carpenter; Kevin Labrador	Chris Bird		
206	12/12/2024	Spratelloides delicatulus	40	180	10			53	sde_xray_053	20241212_113738.jpg	1	Sde-C-0014-E_mus	Sde-CTlk_014	nsf-deb-bluesprat-2024-2025	TLK-2024-08_01		Kent Carpenter; Kevin Labrador	Chris Bird		
207	12/12/2024	Spratelloides delicatulus	40	180	10			53	sde_xray_053	20241212_113738.jpg	2	Sde-ASac_091_mus	Sde-ASac_091	usnm-albatross	150772	usnm_original	Kent Carpenter; Kevin Labrador	Chris Bird		
208	12/12/2024	Spratelloides delicatulus	40	180	10			53	sde_xray_053	20241212_113738.jpg	3	Sde-C-0004-E_mus	Sde-CTlk_004	nsf-deb-bluesprat-2024-2025	TLK-2024-08_01		Kent Carpenter; Kevin Labrador	Chris Bird		
209	12/12/2024	Spratelloides delicatulus	40	180	10			53	sde_xray_053	20241212_113738.jpg	4	Sde-ASac_075_mus	Sde-ASac_075	usnm-albatross	150772	usnm_original	Kent Carpenter; Kevin Labrador	Chris Bird		
210	12/12/2024	Spratelloides delicatulus	40	180	10			54	sde_xray_054	20241212_114752.jpg	1	Sde-C-0041-E_mus	Sde-CTlk_041	nsf-deb-bluesprat-2024-2025	TLK-2024-08_01		Kent Carpenter; Kevin Labrador	Chris Bird		
211	12/12/2024	Spratelloides delicatulus	40	180	10			54	sde_xray_054	20241212_114752.jpg	2	Sde-ASac_090_mus	Sde-ASac_090	usnm-albatross	150772	usnm_original	Kent Carpenter; Kevin Labrador	Chris Bird		
212	12/12/2024	Spratelloides delicatulus	40	180	10			54	sde_xray_054	20241212_114752.jpg	3	Sde-C-0012-E_mus	Sde-CTlk_012	nsf-deb-bluesprat-2024-2025	TLK-2024-08_01		Kent Carpenter; Kevin Labrador	Chris Bird		
213	12/12/2024	Spratelloides delicatulus	40	180	10			54	sde_xray_054	20241212_114752.jpg	4	Sde-ASac_096_mus	Sde-ASac_096	usnm-albatross	150772	usnm_original	Kent Carpenter; Kevin Labrador	Chris Bird		
214	12/12/2024	Spratelloides delicatulus	40	180	10			55	sde_xray_055	20241212_115538.jpg	1	Sde-C-0013-E_mus	Sde-CTlk_013	nsf-deb-bluesprat-2024-2025	TLK-2024-08_01		Kent Carpenter; Kevin Labrador	Chris Bird		
215	12/12/2024	Spratelloides delicatulus	40	180	10			55	sde_xray_055	20241212_115538.jpg	2	Sde-ASac_095_mus	Sde-ASac_095	usnm-albatross	150772	usnm_original	Kent Carpenter; Kevin Labrador	Chris Bird		
216	12/12/2024	Spratelloides delicatulus	40	180	10			55	sde_xray_055	20241212_115538.jpg	3	Sde-C-0023-E_mus	Sde-CTlk_023	nsf-deb-bluesprat-2024-2025	TLK-2024-08_01		Kent Carpenter; Kevin Labrador	Chris Bird		
217	12/12/2024	Spratelloides delicatulus	40	180	10			55	sde_xray_055	20241212_115538.jpg	4	Sde-ASac_094_mus	Sde-ASac_094	usnm-albatross	150772	usnm_original	Kent Carpenter; Kevin Labrador	Chris Bird		
218	12/12/2024	Spratelloides delicatulus	40	180	10			56	sde_xray_056	20241212_131552.jpg	1	Sde-C-0026-E_mus	Sde-CTlk_026	nsf-deb-bluesprat-2024-2025	TLK-2024-08_01		Kent Carpenter; Kevin Labrador	Chris Bird		
219	12/12/2024	Spratelloides delicatulus	40	180	10			56	sde_xray_056	20241212_131552.jpg	2	Sde-ASac_067_mus	Sde-ASac_067	usnm-albatross	150772	usnm_original	Kent Carpenter; Kevin Labrador	Chris Bird		
220	12/12/2024	Spratelloides delicatulus	40	180	10			56	sde_xray_056	20241212_131552.jpg	3	Sde-C-0030-E_mus	Sde-CTlk_030	nsf-deb-bluesprat-2024-2025	TLK-2024-08_01		Kent Carpenter; Kevin Labrador	Chris Bird		
221	12/12/2024	Spratelloides delicatulus	40	180	10			56	sde_xray_056	20241212_131552.jpg	4	Sde-ASac_072_mus	Sde-ASac_072	usnm-albatross	150772	usnm_original	Kent Carpenter; Kevin Labrador	Chris Bird		
222	12/12/2024	Spratelloides delicatulus	40	180	10			57	sde_xray_057	20241212_131611.jpg	1	Sde-C-0024-E_mus	Sde-CTlk_024	nsf-deb-bluesprat-2024-2025	TLK-2024-08_01		Kent Carpenter; Kevin Labrador	Chris Bird		
223	12/12/2024	Spratelloides delicatulus	40	180	10			57	sde_xray_057	20241212_131611.jpg	2	Sde-ASac_092_mus	Sde-ASac_092	usnm-albatross	150772	usnm_original	Kent Carpenter; Kevin Labrador	Chris Bird		
224	12/12/2024	Spratelloides delicatulus	40	180	10			57	sde_xray_057	20241212_131611.jpg	3	Sde-C-0032-E_mus	Sde-CTlk_032	nsf-deb-bluesprat-2024-2025	TLK-2024-08_01		Kent Carpenter; Kevin Labrador	Chris Bird		
225	12/12/2024	Spratelloides delicatulus	40	180	10			58	sde_xray_058	20241212_132339.jpg	1	Sde-C-0031-E_mus	Sde-CTlk_031	nsf-deb-bluesprat-2024-2025	TLK-2024-08_01		Kent Carpenter; Kevin Labrador	Chris Bird		
226	12/12/2024	Spratelloides delicatulus	40	180	10			58	sde_xray_058	20241212_132339.jpg	2	Sde-ASac_033_mus	Sde-ASac_033	usnm-albatross	150772	usnm_original	Kent Carpenter; Kevin Labrador	Chris Bird		
227	12/12/2024	Spratelloides delicatulus	40	180	10			58	sde_xray_058	20241212_132339.jpg	3	Sde-C-0022-E_mus	Sde-CTlk_022	nsf-deb-bluesprat-2024-2025	TLK-2024-08_01		Kent Carpenter; Kevin Labrador	Chris Bird		
228	12/12/2024	Spratelloides delicatulus	40	180	10			58	sde_xray_058	20241212_132339.jpg	4	Sde-ASac_011_mus	Sde-ASac_011	usnm-albatross	150772	usnm_original	Kent Carpenter; Kevin Labrador	Chris Bird		
229	12/12/2024	Spratelloides delicatulus	40	180	10			59	sde_xray_059	20241212_132917.jpg	1	Sde-C-0006-E_mus	Sde-CTlk_006	nsf-deb-bluesprat-2024-2025	TLK-2024-08_01		Kent Carpenter; Kevin Labrador	Chris Bird		
230	12/12/2024	Spratelloides delicatulus	40	180	10			59	sde_xray_059	20241212_132917.jpg	2	Sde-ASac_035_mus	Sde-ASac_035	usnm-albatross	150772	usnm_original	Kent Carpenter; Kevin Labrador	Chris Bird		
231	12/12/2024	Spratelloides delicatulus	40	180	10			59	sde_xray_059	20241212_132917.jpg	3	Sde-C-0028-E_mus	Sde-CTlk_028	nsf-deb-bluesprat-2024-2025	TLK-2024-08_01		Kent Carpenter; Kevin Labrador	Chris Bird		
232	12/12/2024	Spratelloides delicatulus	40	180	10			59	sde_xray_059	20241212_132917.jpg	4	Sde-ASac_030_mus	Sde-ASac_030	usnm-albatross	150772	usnm_original	Kent Carpenter; Kevin Labrador	Chris Bird		
233	12/12/2024	Spratelloides delicatulus	40	180	10			60	sde_xray_060	20241212_133703.jpg	1	Sde-C-0040-E_mus	Sde-CTlk_040	nsf-deb-bluesprat-2024-2025	TLK-2024-08_01		Kent Carpenter; Kevin Labrador	Chris Bird		
234	12/12/2024	Spratelloides delicatulus	40	180	10			60	sde_xray_060	20241212_133703.jpg	2	Sde-ASac_012_mus	Sde-ASac_012	usnm-albatross	150772	usnm_original	Kent Carpenter; Kevin Labrador	Chris Bird		
235	12/12/2024	Spratelloides delicatulus	40	180	10			60	sde_xray_060	20241212_133703.jpg	3	Sde-C-0017-E_mus	Sde-CTlk_017	nsf-deb-bluesprat-2024-2025	TLK-2024-08_01		Kent Carpenter; Kevin Labrador	Chris Bird		
236	12/12/2024	Spratelloides delicatulus	40	180	10			60	sde_xray_060	20241212_133703.jpg	4	Sde-ASac_028_mus	Sde-ASac_028	usnm-albatross	150772	usnm_original	Kent Carpenter; Kevin Labrador	Chris Bird		
237	12/12/2024	Spratelloides delicatulus	40	180	10			61	sde_xray_061	20241212_134035.jpg	1	Sde-C-0007-E_mus	Sde-CTlk_007	nsf-deb-bluesprat-2024-2025	TLK-2024-08_01		Kent Carpenter; Kevin Labrador	Chris Bird		
238	12/12/2024	Spratelloides delicatulus	40	180	10			61	sde_xray_061	20241212_134035.jpg	2	Sde-ASac_031_mus	Sde-ASac_031	usnm-albatross	150772	usnm_original	Kent Carpenter; Kevin Labrador	Chris Bird		
239	12/12/2024	Spratelloides delicatulus	40	180	10			61	sde_xray_061	20241212_134035.jpg	3	Sde-C-0046-E_mus	Sde-CTlk_046	nsf-deb-bluesprat-2024-2025	TLK-2024-08_01		Kent Carpenter; Kevin Labrador	Chris Bird		
240	12/12/2024	Spratelloides delicatulus	40	180	10			61	sde_xray_061	20241212_134035.jpg	4	Sde-ASac_024_mus	Sde-ASac_024	usnm-albatross	150772	usnm_original	Kent Carpenter; Kevin Labrador	Chris Bird		
241	12/12/2024	Spratelloides delicatulus	40	180	10			62	sde_xray_062	20241212_134717.jpg	1	Sde-C-0033-E_mus	Sde-CTlk_033	nsf-deb-bluesprat-2024-2025	TLK-2024-08_01		Kent Carpenter; Kevin Labrador	Chris Bird		
242	12/12/2024	Spratelloides delicatulus	40	180	10			62	sde_xray_062	20241212_134717.jpg	2	Sde-ASac_023_mus	Sde-ASac_023	usnm-albatross	150772	usnm_original	Kent Carpenter; Kevin Labrador	Chris Bird		
243	12/12/2024	Spratelloides delicatulus	40	180	10			62	sde_xray_062	20241212_134717.jpg	3	Sde-C-0047-E_mus	Sde-CTlk_047	nsf-deb-bluesprat-2024-2025	TLK-2024-08_01		Kent Carpenter; Kevin Labrador	Chris Bird		
244	12/12/2024	Spratelloides delicatulus	40	180	10			62	sde_xray_062	20241212_134717.jpg	4	Sde-ASac_027_mus	Sde-ASac_027	usnm-albatross	150772	usnm_original	Kent Carpenter; Kevin Labrador	Chris Bird		
245	12/12/2024	Spratelloides delicatulus	40	180	10			63	sde_xray_063	20241212_135051.jpg	1	Sde-C-0043-E_mus	Sde-CTlk_043	nsf-deb-bluesprat-2024-2025	TLK-2024-08_01		Kent Carpenter; Kevin Labrador	Chris Bird		
246	12/12/2024	Spratelloides delicatulus	40	180	10			63	sde_xray_063	20241212_135051.jpg	2	Sde-ASac_022_mus	Sde-ASac_022	usnm-albatross	150772	usnm_original	Kent Carpenter; Kevin Labrador	Chris Bird		
247	12/12/2024	Spratelloides delicatulus	40	180	10			63	sde_xray_063	20241212_135051.jpg	3	Sde-C-0050-E_mus	Sde-CTlk_050	nsf-deb-bluesprat-2024-2025	TLK-2024-08_01		Kent Carpenter; Kevin Labrador	Chris Bird		
248	12/12/2024	Spratelloides delicatulus	40	180	10			63	sde_xray_063	20241212_135051.jpg	4	Sde-ASac_018_mus	Sde-ASac_018	usnm-albatross	150772	usnm_original	Kent Carpenter; Kevin Labrador	Chris Bird		
249	12/12/2024	Spratelloides delicatulus	40	180	10			64	sde_xray_064	20241212_135938.jpg	1	Sde-C-0044-E_mus	Sde-CTlk_044	nsf-deb-bluesprat-2024-2025	TLK-2024-08_01		Kent Carpenter; Kevin Labrador	Chris Bird		
250	12/12/2024	Spratelloides delicatulus	40	180	10			64	sde_xray_064	20241212_135938.jpg	2	Sde-ASac_032_mus	Sde-ASac_032	usnm-albatross	150772	usnm_original	Kent Carpenter; Kevin Labrador	Chris Bird		
251	12/12/2024	Spratelloides delicatulus	40	180	10			64	sde_xray_064	20241212_135938.jpg	3	Sde-C-0035-E_mus	Sde-CTlk_035	nsf-deb-bluesprat-2024-2025	TLK-2024-08_01		Kent Carpenter; Kevin Labrador	Chris Bird		
252	12/12/2024	Spratelloides delicatulus	40	180	10			64	sde_xray_064	20241212_135938.jpg	4	Sde-ASac_029_mus	Sde-ASac_029	usnm-albatross	150772	usnm_original	Kent Carpenter; Kevin Labrador	Chris Bird		
253	12/12/2024	Spratelloides delicatulus	40	180	10			65	sde_xray_065	20241212_140108.jpg	1	Sde-C-0016-E_mus	Sde-CTlk_016	nsf-deb-bluesprat-2024-2025	TLK-2024-08_01		Kent Carpenter; Kevin Labrador	Chris Bird		
254	12/12/2024	Spratelloides delicatulus	40	180	10			65	sde_xray_065	20241212_140108.jpg	2	Sde-ASac_003_mus	Sde-ASac_003	usnm-albatross	150772	usnm_original	Kent Carpenter; Kevin Labrador	Chris Bird		
255	12/12/2024	Spratelloides delicatulus	40	180	10			65	sde_xray_065	20241212_140108.jpg	3	Sde-C-0042-E_mus	Sde-CTlk_042	nsf-deb-bluesprat-2024-2025	TLK-2024-08_01		Kent Carpenter; Kevin Labrador	Chris Bird		
256	12/12/2024	Spratelloides delicatulus	40	180	10			65	sde_xray_065	20241212_140108.jpg	4	Sde-ASac_034_mus	Sde-ASac_034	usnm-albatross	150772	usnm_original	Kent Carpenter; Kevin Labrador	Chris Bird		
257	12/12/2024	Spratelloides delicatulus	40	180	10			66	sde_xray_066	20241212_140704.jpg	1	Sde-C-0020-E_mus	Sde-CTlk_020	nsf-deb-bluesprat-2024-2025	TLK-2024-08_01		Kent Carpenter; Kevin Labrador	Chris Bird		
258	12/12/2024	Spratelloides delicatulus	40	180	10			66	sde_xray_066	20241212_140704.jpg	2	Sde-ASac_019_mus	Sde-ASac_019	usnm-albatross	150772	usnm_original	Kent Carpenter; Kevin Labrador	Chris Bird		
259	12/12/2024	Spratelloides delicatulus	40	180	10			66	sde_xray_066	20241212_140704.jpg	3	Sde-C-0008-E_mus	Sde-CTlk_008	nsf-deb-bluesprat-2024-2025	TLK-2024-08_01		Kent Carpenter; Kevin Labrador	Chris Bird		
260	12/12/2024	Spratelloides delicatulus	40	180	10			66	sde_xray_066	20241212_140704.jpg	4	Sde-ASac_021_mus	Sde-ASac_021	usnm-albatross	150772	usnm_original	Kent Carpenter; Kevin Labrador	Chris Bird		
261	12/12/2024	Spratelloides delicatulus	40	180	10			67	sde_xray_067	20241212_141315.jpg	1	Sde-C-0037-E_mus	Sde-CTlk_037	nsf-deb-bluesprat-2024-2025	TLK-2024-08_01		Kent Carpenter; Kevin Labrador	Chris Bird		
262	12/12/2024	Spratelloides delicatulus	40	180	10			67	sde_xray_067	20241212_141315.jpg	2	Sde-ASac_087_mus	Sde-ASac_087	usnm-albatross	150772	usnm_original	Kent Carpenter; Kevin Labrador	Chris Bird		
263	12/12/2024	Spratelloides delicatulus	40	180	10			67	sde_xray_067	20241212_141315.jpg	3	Sde-C-0045-E_mus	Sde-CTlk_045	nsf-deb-bluesprat-2024-2025	TLK-2024-08_01		Kent Carpenter; Kevin Labrador	Chris Bird		
264	12/12/2024	Spratelloides delicatulus	40	180	10			67	sde_xray_067	20241212_141315.jpg	4	Sde-ASac_004_mus	Sde-ASac_004	usnm-albatross	150772	usnm_original	Kent Carpenter; Kevin Labrador	Chris Bird		
265	12/12/2024	Spratelloides delicatulus	40	180	10			68	sde_xray_068	20241212_141946.jpg	1	Sde-C-0005-E_mus	Sde-CTlk_005	nsf-deb-bluesprat-2024-2025	TLK-2024-08_01		Kent Carpenter; Kevin Labrador	Chris Bird		
266	12/12/2024	Spratelloides delicatulus	40	180	10			68	sde_xray_068	20241212_141946.jpg	2	Sde-ASac_068_mus	Sde-ASac_068	usnm-albatross	150772	usnm_original	Kent Carpenter; Kevin Labrador	Chris Bird		
267	12/12/2024	Spratelloides delicatulus	40	180	10			68	sde_xray_068	20241212_141946.jpg	3	Sde-C-0010-E_mus	Sde-CTlk_010	nsf-deb-bluesprat-2024-2025	TLK-2024-08_01		Kent Carpenter; Kevin Labrador	Chris Bird		
268	12/12/2024	Spratelloides delicatulus	40	180	10			68	sde_xray_068	20241212_141946.jpg	4	Sde-ASac_046_mus	Sde-ASac_046	usnm-albatross	150772	usnm_original	Kent Carpenter; Kevin Labrador	Chris Bird		
269	12/12/2024	Spratelloides delicatulus	40	180	10			69	sde_xray_069	20241212_142528.jpg	1	Sde-C-0019-E_mus	Sde-CTlk_019	nsf-deb-bluesprat-2024-2025	TLK-2024-08_01		Kent Carpenter; Kevin Labrador	Chris Bird		
270	12/12/2024	Spratelloides delicatulus	40	180	10			69	sde_xray_069	20241212_142528.jpg	2	Sde-ASac_079_mus	Sde-ASac_079	usnm-albatross	150772	usnm_original	Kent Carpenter; Kevin Labrador	Chris Bird		
271	12/12/2024	Spratelloides delicatulus	40	180	10			69	sde_xray_069	20241212_142528.jpg	3	Sde-C-0049-E_mus	Sde-CTlk_049	nsf-deb-bluesprat-2024-2025	TLK-2024-08_01		Kent Carpenter; Kevin Labrador	Chris Bird		
272	12/12/2024	Spratelloides delicatulus	40	180	10			69	sde_xray_069	20241212_142528.jpg	4	Sde-ASac_081_mus	Sde-ASac_081	usnm-albatross	150772	usnm_original	Kent Carpenter; Kevin Labrador	Chris Bird		
273	12/12/2024	Spratelloides delicatulus	40	180	10			70	sde_xray_070	20241212_143154.jpg	1	Sde-C-0038-E_mus	Sde-CTlk_038	nsf-deb-bluesprat-2024-2025	TLK-2024-08_01		Kent Carpenter; Kevin Labrador	Chris Bird		
274	12/12/2024	Spratelloides delicatulus	40	180	10			70	sde_xray_070	20241212_143154.jpg	2	Sde-ASac_077_mus	Sde-ASac_077	usnm-albatross	150772	usnm_original	Kent Carpenter; Kevin Labrador	Chris Bird		
275	12/12/2024	Spratelloides delicatulus	40	180	10			70	sde_xray_070	20241212_143154.jpg	3	Sde-C-0001-E_mus	Sde-CTlk_001	nsf-deb-bluesprat-2024-2025	TLK-2024-08_01		Kent Carpenter; Kevin Labrador	Chris Bird		
276	12/12/2024	Spratelloides delicatulus	40	180	10			70	sde_xray_070	20241212_143154.jpg	4	Sde-ASac_037_mus	Sde-ASac_037	usnm-albatross	150772	usnm_original	Kent Carpenter; Kevin Labrador	Chris Bird		
277	12/12/2024	Spratelloides delicatulus	40	180	10			71	sde_xray_071	20241212_143806.jpg	1	Sde-C-0036-E_mus	Sde-CTlk_036	nsf-deb-bluesprat-2024-2025	TLK-2024-08_01		Kent Carpenter; Kevin Labrador	Chris Bird		
278	12/12/2024	Spratelloides delicatulus	40	180	10			71	sde_xray_071	20241212_143806.jpg	2	Sde-ASac_073_mus	Sde-ASac_073	usnm-albatross	150772	usnm_original	Kent Carpenter; Kevin Labrador	Chris Bird		
279	12/12/2024	Spratelloides delicatulus	40	180	10			71	sde_xray_071	20241212_143806.jpg	3	Sde-C-0015-E_mus	Sde-CTlk_015	nsf-deb-bluesprat-2024-2025	TLK-2024-08_01		Kent Carpenter; Kevin Labrador	Chris Bird		
280	12/12/2024	Spratelloides delicatulus	40	180	10			71	sde_xray_071	20241212_143806.jpg	4	Sde-ASac_038_mus	Sde-ASac_038	usnm-albatross	150772	usnm_original	Kent Carpenter; Kevin Labrador	Chris Bird		
281	12/12/2024	Spratelloides delicatulus	40	180	10			72	sde_xray_072	20241212_144310.jpg	1	Sde-C-0011-E_mus	Sde-CTlk_011	nsf-deb-bluesprat-2024-2025	TLK-2024-08_01		Kent Carpenter; Kevin Labrador	Chris Bird		
282	12/12/2024	Spratelloides delicatulus	40	180	10			72	sde_xray_072	20241212_144310.jpg	2	Sde-ASac_063_mus	Sde-ASac_063	usnm-albatross	150772	usnm_original	Kent Carpenter; Kevin Labrador	Chris Bird		
283	12/12/2024	Spratelloides delicatulus	40	180	10			72	sde_xray_072	20241212_144310.jpg	3	Sde-C-0025-E_mus	Sde-CTlk_025	nsf-deb-bluesprat-2024-2025	TLK-2024-08_01		Kent Carpenter; Kevin Labrador	Chris Bird		
284	12/12/2024	Spratelloides delicatulus	40	180	10			72	sde_xray_072	20241212_144310.jpg	4	Sde-ASac_049_mus	Sde-ASac_049	usnm-albatross	150772	usnm_original	Kent Carpenter; Kevin Labrador	Chris Bird		
285	12/12/2024	Spratelloides delicatulus	40	180	10			73	sde_xray_073	20241212_144801.jpg	1	Sde-C-0029-E_mus	Sde-CTlk_029	nsf-deb-bluesprat-2024-2025	TLK-2024-08_01		Kent Carpenter; Kevin Labrador	Chris Bird		
286	12/12/2024	Spratelloides delicatulus	40	180	10			73	sde_xray_073	20241212_144801.jpg	2	Sde-ASac_036_mus	Sde-ASac_036	usnm-albatross	150772	usnm_original	Kent Carpenter; Kevin Labrador	Chris Bird		
287	12/12/2024	Spratelloides delicatulus	40	180	10			73	sde_xray_073	20241212_144801.jpg	3	Sde-C-0021-E_mus	Sde-CTlk_021	nsf-deb-bluesprat-2024-2025	TLK-2024-08_01		Kent Carpenter; Kevin Labrador	Chris Bird		
288	12/12/2024	Spratelloides delicatulus	40	180	10			73	sde_xray_073	20241212_144801.jpg	4	Sde-ASac_050_mus	Sde-ASac_050	usnm-albatross	150772	usnm_original	Kent Carpenter; Kevin Labrador	Chris Bird		
289	12/12/2024	Spratelloides delicatulus	40	180	10			74	sde_xray_074	20241212_145222.jpg	1	Sde-C-0003-E_mus	Sde-CTlk_003	nsf-deb-bluesprat-2024-2025	TLK-2024-08_01		Kent Carpenter; Kevin Labrador	Chris Bird		
290	12/12/2024	Spratelloides delicatulus	40	180	10			74	sde_xray_074	20241212_145222.jpg	2	Sde-ASac_085_mus	Sde-ASac_085	usnm-albatross	150772	usnm_original	Kent Carpenter; Kevin Labrador	Chris Bird		
291	12/12/2024	Spratelloides delicatulus	40	180	10			74	sde_xray_074	20241212_145222.jpg	3	Sde-C-0027-E_mus	Sde-CTlk_027	nsf-deb-bluesprat-2024-2025	TLK-2024-08_01		Kent Carpenter; Kevin Labrador	Chris Bird		
292	12/12/2024	Spratelloides delicatulus	40	180	10			74	sde_xray_074	20241212_145222.jpg	4	Sde-ASac_062_mus	Sde-ASac_062	usnm-albatross	150772	usnm_original	Kent Carpenter; Kevin Labrador	Chris Bird		
293	12/12/2024	Spratelloides delicatulus	40	180	10			75	sde_xray_075	20241212_145735.jpg	1	Sde-C-0018-E_mus	Sde-CTlk_018	nsf-deb-bluesprat-2024-2025	TLK-2024-08_01		Kent Carpenter; Kevin Labrador	Chris Bird		
294	12/12/2024	Spratelloides delicatulus	40	180	10			75	sde_xray_075	20241212_145735.jpg	2	Sde-ASac_086_mus	Sde-ASac_086	usnm-albatross	150772	usnm_original	Kent Carpenter; Kevin Labrador	Chris Bird		
295	12/12/2024	Spratelloides delicatulus	40	180	10			75	sde_xray_075	20241212_145735.jpg	3	Sde-C-0048-E_mus	Sde-CTlk_048	nsf-deb-bluesprat-2024-2025	TLK-2024-08_01		Kent Carpenter; Kevin Labrador	Chris Bird		
296	12/12/2024	Spratelloides delicatulus	40	180	10			75	sde_xray_075	20241212_145735.jpg	4	Sde-ASac_084_mus	Sde-ASac_084	usnm-albatross	150772	usnm_original	Kent Carpenter; Kevin Labrador	Chris Bird		
297	12/12/2024	Spratelloides delicatulus	40	180	10			76	sde_xray_076	20241212_150415.jpg	1	Sde-C-0039-E_mus	Sde-CTlk_039	nsf-deb-bluesprat-2024-2025	TLK-2024-08_01		Kent Carpenter; Kevin Labrador	Chris Bird		
298	12/12/2024	Spratelloides delicatulus	40	180	10			76	sde_xray_076	20241212_150415.jpg	2	Sde-ASac_083_mus	Sde-ASac_083	usnm-albatross	150772	usnm_original	Kent Carpenter; Kevin Labrador	Chris Bird		
299	12/12/2024	Spratelloides delicatulus	40	180	10			76	sde_xray_076	20241212_150415.jpg	3	Sde-C-0034-E_mus	Sde-CTlk_034	nsf-deb-bluesprat-2024-2025	TLK-2024-08_01		Kent Carpenter; Kevin Labrador	Chris Bird		
300	12/12/2024	Spratelloides delicatulus	40	180	10			76	sde_xray_076	20241212_150415.jpg	4	Sde-ASac_074_mus	Sde-ASac_074	usnm-albatross	150772	usnm_original	Kent Carpenter; Kevin Labrador	Chris Bird		
301	12/12/2024	Spratelloides delicatulus	40	180	10			77	sde_xray_077	20241212_151054.jpg	1	Sde-C-0052-E_mus	Sde-CTlk_052	nsf-deb-bluesprat-2024-2025	TLK-2024-08_01		Kent Carpenter; Kevin Labrador	Chris Bird		
302	12/12/2024	Spratelloides delicatulus	40	180	10			77	sde_xray_077	20241212_151054.jpg	2	Sde-ASac_080_mus	Sde-ASac_080	usnm-albatross	150772	usnm_original	Kent Carpenter; Kevin Labrador	Chris Bird		
303	12/12/2024	Spratelloides delicatulus	40	180	10			77	sde_xray_077	20241212_151054.jpg	3	Sde-C-0078-E_mus	Sde-CTlk_078	nsf-deb-bluesprat-2024-2025	TLK-2024-08_01		Kent Carpenter; Kevin Labrador	Chris Bird		
304	12/12/2024	Spratelloides delicatulus	40	180	10			77	sde_xray_077	20241212_151054.jpg	4	Sde-ASac_009_mus	Sde-ASac_009	usnm-albatross	150772	usnm_original	Kent Carpenter; Kevin Labrador	Chris Bird		
305	12/12/2024	Spratelloides delicatulus	40	180	10			78	sde_xray_078	20241212_151459.jpg	1	Sde-C-0100-E_mus	Sde-CTlk_100	nsf-deb-bluesprat-2024-2025	TLK-2024-08_01		Kent Carpenter; Kevin Labrador	Chris Bird		
306	12/12/2024	Spratelloides delicatulus	40	180	10			78	sde_xray_078	20241212_151459.jpg	2	Sde-ASac_078_mus	Sde-ASac_078	usnm-albatross	150772	usnm_original	Kent Carpenter; Kevin Labrador	Chris Bird		
307	12/12/2024	Spratelloides delicatulus	40	180	10			78	sde_xray_078	20241212_151459.jpg	3	Sde-C-0083-E_mus	Sde-CTlk_083	nsf-deb-bluesprat-2024-2025	TLK-2024-08_01		Kent Carpenter; Kevin Labrador	Chris Bird		
308	12/12/2024	Spratelloides delicatulus	40	180	10			78	sde_xray_078	20241212_151459.jpg	4	Sde-ASac_040_mus	Sde-ASac_040	usnm-albatross	150772	usnm_original	Kent Carpenter; Kevin Labrador	Chris Bird		
309	12/12/2024	Spratelloides delicatulus	40	180	10			79	sde_xray_079	20241212_151948.jpg	1	Sde-C-0084-E_mus	Sde-CTlk_084	nsf-deb-bluesprat-2024-2025	TLK-2024-08_01		Kent Carpenter; Kevin Labrador	Chris Bird		
310	12/12/2024	Spratelloides delicatulus	40	180	10			79	sde_xray_079	20241212_151948.jpg	2	Sde-ASac_006_mus	Sde-ASac_006	usnm-albatross	150772	usnm_original	Kent Carpenter; Kevin Labrador	Chris Bird		
311	12/12/2024	Spratelloides delicatulus	40	180	10			79	sde_xray_079	20241212_151948.jpg	3	Sde-C-0062-E_mus	Sde-CTlk_062	nsf-deb-bluesprat-2024-2025	TLK-2024-08_01		Kent Carpenter; Kevin Labrador	Chris Bird		
312	12/12/2024	Spratelloides delicatulus	40	180	10			79	sde_xray_079	20241212_151948.jpg	4	Sde-ASac_089_mus	Sde-ASac_089	usnm-albatross	150772	usnm_original	Kent Carpenter; Kevin Labrador	Chris Bird		
313	12/12/2024	Spratelloides delicatulus	40	180	10			80	sde_xray_080	20241212_152413.jpg	1	Sde-C-0056-E_mus	Sde-CTlk_056	nsf-deb-bluesprat-2024-2025	TLK-2024-08_01		Kent Carpenter; Kevin Labrador	Chris Bird		
314	12/12/2024	Spratelloides delicatulus	40	180	10			80	sde_xray_080	20241212_152413.jpg	2	Sde-ASac_082_mus	Sde-ASac_082	usnm-albatross	150772	usnm_original	Kent Carpenter; Kevin Labrador	Chris Bird		
315	12/12/2024	Spratelloides delicatulus	40	180	10			80	sde_xray_080	20241212_152413.jpg	3	Sde-C-0097-E_mus	Sde-CTlk_097	nsf-deb-bluesprat-2024-2025	TLK-2024-08_01		Kent Carpenter; Kevin Labrador	Chris Bird		
316	12/12/2024	Spratelloides delicatulus	40	180	10			80	sde_xray_080	20241212_152413.jpg	4	Sde-ASac_071_mus	Sde-ASac_071	usnm-albatross	150772	usnm_original	Kent Carpenter; Kevin Labrador	Chris Bird		
317	12/12/2024	Spratelloides delicatulus	40	180	10			81	sde_xray_081	20241212_152750.jpg	1	Sde-C-0088-E_mus	Sde-CTlk_088	nsf-deb-bluesprat-2024-2025	TLK-2024-08_01		Kent Carpenter; Kevin Labrador	Chris Bird		
318	12/12/2024	Spratelloides delicatulus	40	180	10			81	sde_xray_081	20241212_152750.jpg	2	Sde-ASac_017_mus	Sde-ASac_017	usnm-albatross	150772	usnm_original	Kent Carpenter; Kevin Labrador	Chris Bird		
319	12/12/2024	Spratelloides delicatulus	40	180	10			81	sde_xray_081	20241212_152750.jpg	3	Sde-C-0064-E_mus	Sde-CTlk_064	nsf-deb-bluesprat-2024-2025	TLK-2024-08_01		Kent Carpenter; Kevin Labrador	Chris Bird		
320	12/12/2024	Spratelloides delicatulus	40	180	10			81	sde_xray_081	20241212_152750.jpg	4	Sde-ASac_070_mus	Sde-ASac_070	usnm-albatross	150772	usnm_original	Kent Carpenter; Kevin Labrador	Chris Bird		
321	12/12/2024	Spratelloides delicatulus	40	180	10			82	sde_xray_082	20241212_153134.jpg	1	Sde-C-0057-E_mus	Sde-CTlk_057	nsf-deb-bluesprat-2024-2025	TLK-2024-08_01		Kent Carpenter; Kevin Labrador	Chris Bird		
322	12/12/2024	Spratelloides delicatulus	40	180	10			82	sde_xray_082	20241212_153134.jpg	2	Sde-ASac_026_mus	Sde-ASac_026	usnm-albatross	150772	usnm_original	Kent Carpenter; Kevin Labrador	Chris Bird		
323	12/12/2024	Spratelloides delicatulus	40	180	10			82	sde_xray_082	20241212_153134.jpg	3	Sde-C-0092-E_mus	Sde-CTlk_092	nsf-deb-bluesprat-2024-2025	TLK-2024-08_01		Kent Carpenter; Kevin Labrador	Chris Bird		
324	12/12/2024	Spratelloides delicatulus	40	180	10			82	sde_xray_082	20241212_153134.jpg	4	Sde-ASac_008_mus	Sde-ASac_008	usnm-albatross	150772	usnm_original	Kent Carpenter; Kevin Labrador	Chris Bird		
325	12/12/2024	Spratelloides delicatulus	40	180	10			83	sde_xray_083	20241212_153759.jpg	1	Sde-C-0054-E_mus	Sde-CTlk_054	nsf-deb-bluesprat-2024-2025	TLK-2024-08_01		Kent Carpenter; Kevin Labrador	Chris Bird		
326	12/12/2024	Spratelloides delicatulus	40	180	10			83	sde_xray_083	20241212_153759.jpg	2	Sde-ASac_076_mus	Sde-ASac_076	usnm-albatross	150772	usnm_original	Kent Carpenter; Kevin Labrador	Chris Bird		
327	12/12/2024	Spratelloides delicatulus	40	180	10			83	sde_xray_083	20241212_153759.jpg	3	Sde-C-0081-E_mus	Sde-CTlk_081	nsf-deb-bluesprat-2024-2025	TLK-2024-08_01		Kent Carpenter; Kevin Labrador	Chris Bird		
328	12/12/2024	Spratelloides delicatulus	40	180	10			83	sde_xray_083	20241212_153759.jpg	4	Sde-ASac_047_mus	Sde-ASac_047	usnm-albatross	150772	usnm_original	Kent Carpenter; Kevin Labrador	Chris Bird		
329	12/12/2024	Spratelloides delicatulus	40	180	10			84	sde_xray_084	20241212_154746.jpg	1	Sde-C-0094-E_mus	Sde-CTlk_094	nsf-deb-bluesprat-2024-2025	TLK-2024-08_01		Kent Carpenter; Kevin Labrador	Chris Bird	this image is erroneaously labeled as 86W on the label card.  It is 84	
330	12/12/2024	Spratelloides delicatulus	40	180	10			84	sde_xray_084	20241212_154746.jpg	2	Sde-ASac_048_mus	Sde-ASac_048	usnm-albatross	150772	usnm_original	Kent Carpenter; Kevin Labrador	Chris Bird	this image is erroneaously labeled as 86W on the label card.  It is 84	
331	12/12/2024	Spratelloides delicatulus	40	180	10			84	sde_xray_084	20241212_154746.jpg	3	Sde-C-0075-E_mus	Sde-CTlk_075	nsf-deb-bluesprat-2024-2025	TLK-2024-08_01		Kent Carpenter; Kevin Labrador	Chris Bird	this image is erroneaously labeled as 86W on the label card.  It is 84	
332	12/12/2024	Spratelloides delicatulus	40	180	10			84	sde_xray_084	20241212_154746.jpg	4	Sde-ASac_061_mus	Sde-ASac_061	usnm-albatross	150772	usnm_original	Kent Carpenter; Kevin Labrador	Chris Bird	this image is erroneaously labeled as 86W on the label card.  It is 84	
333	12/12/2024	Spratelloides delicatulus	40	180	10			85	sde_xray_085	20241212_154908.jpg	1	Sde-C-0063-E_mus	Sde-CTlk_063	nsf-deb-bluesprat-2024-2025	TLK-2024-08_01		Kent Carpenter; Kevin Labrador	Chris Bird		
334	12/12/2024	Spratelloides delicatulus	40	180	10			85	sde_xray_085	20241212_154908.jpg	2	Sde-ASac_041_mus	Sde-ASac_041	usnm-albatross	150772	usnm_original	Kent Carpenter; Kevin Labrador	Chris Bird		
335	12/12/2024	Spratelloides delicatulus	40	180	10			85	sde_xray_085	20241212_154908.jpg	3	Sde-C-0096-E_mus	Sde-CTlk_096	nsf-deb-bluesprat-2024-2025	TLK-2024-08_01		Kent Carpenter; Kevin Labrador	Chris Bird		
336	12/12/2024	Spratelloides delicatulus	40	180	10			85	sde_xray_085	20241212_154908.jpg	4	Sde-ASac_088_mus	Sde-ASac_088	usnm-albatross	150772	usnm_original	Kent Carpenter; Kevin Labrador	Chris Bird		
337	12/12/2024	Spratelloides delicatulus	40	180	10			86	sde_xray_086	20241212_155147.jpg	1	Sde-C-0076-E_mus	Sde-CTlk_076	nsf-deb-bluesprat-2024-2025	TLK-2024-08_01		Kent Carpenter; Kevin Labrador	Chris Bird		
338	12/12/2024	Spratelloides delicatulus	40	180	10			86	sde_xray_086	20241212_155147.jpg	2	Sde-ASac_043_mus	Sde-ASac_043	usnm-albatross	150772	usnm_original	Kent Carpenter; Kevin Labrador	Chris Bird		
339	12/12/2024	Spratelloides delicatulus	40	180	10			86	sde_xray_086	20241212_155147.jpg	3	Sde-C-0090-E_mus	Sde-CTlk_090	nsf-deb-bluesprat-2024-2025	TLK-2024-08_01		Kent Carpenter; Kevin Labrador	Chris Bird		
340	12/12/2024	Spratelloides delicatulus	40	180	10			86	sde_xray_086	20241212_155147.jpg	4	Sde-ASac_025_mus	Sde-ASac_025	usnm-albatross	150772	usnm_original	Kent Carpenter; Kevin Labrador	Chris Bird		
341	12/12/2024	Spratelloides delicatulus	40	180	10			87	sde_xray_087	20241212_155712.jpg	1	Sde-C-0067-E_mus	Sde-CTlk_067	nsf-deb-bluesprat-2024-2025	TLK-2024-08_01		Kent Carpenter; Kevin Labrador	Chris Bird		
342	12/12/2024	Spratelloides delicatulus	40	180	10			87	sde_xray_087	20241212_155712.jpg	2	Sde-ASac_005_mus	Sde-ASac_005	usnm-albatross	150772	usnm_original	Kent Carpenter; Kevin Labrador	Chris Bird		
343	12/12/2024	Spratelloides delicatulus	40	180	10			87	sde_xray_087	20241212_155712.jpg	3	Sde-C-0086-E_mus	Sde-CTlk_086	nsf-deb-bluesprat-2024-2025	TLK-2024-08_01		Kent Carpenter; Kevin Labrador	Chris Bird		
344	12/12/2024	Spratelloides delicatulus	40	180	10			87	sde_xray_087	20241212_155712.jpg	4	Sde-ASac_056_mus	Sde-ASac_056	usnm-albatross	150772	usnm_original	Kent Carpenter; Kevin Labrador	Chris Bird		
345	12/12/2024	Spratelloides delicatulus	40	180	10			88	sde_xray_088	20241212_160131.jpg	1	Sde-C-0070-E_mus	Sde-CTlk_070	nsf-deb-bluesprat-2024-2025	TLK-2024-08_01		Kent Carpenter; Kevin Labrador	Chris Bird		
346	12/12/2024	Spratelloides delicatulus	40	180	10			88	sde_xray_088	20241212_160131.jpg	2	Sde-ASac_055_mus	Sde-ASac_055	usnm-albatross	150772	usnm_original	Kent Carpenter; Kevin Labrador	Chris Bird		
347	12/12/2024	Spratelloides delicatulus	40	180	10			88	sde_xray_088	20241212_160131.jpg	3	Sde-C-0069-E_mus	Sde-CTlk_069	nsf-deb-bluesprat-2024-2025	TLK-2024-08_01		Kent Carpenter; Kevin Labrador	Chris Bird		
348	12/12/2024	Spratelloides delicatulus	40	180	10			88	sde_xray_088	20241212_160131.jpg	4	Sde-ASac_053_mus	Sde-ASac_053	usnm-albatross	150772	usnm_original	Kent Carpenter; Kevin Labrador	Chris Bird		
349	12/12/2024	Spratelloides delicatulus	40	180	10			89	sde_xray_089	20241212_160626.jpg	1	Sde-C-0053-E_mus	Sde-CTlk_053	nsf-deb-bluesprat-2024-2025	TLK-2024-08_01		Kent Carpenter; Kevin Labrador	Chris Bird		
350	12/12/2024	Spratelloides delicatulus	40	180	10			89	sde_xray_089	20241212_160626.jpg	2	Sde-ASac_014_mus	Sde-ASac_014	usnm-albatross	150772	usnm_original	Kent Carpenter; Kevin Labrador	Chris Bird		
351	12/12/2024	Spratelloides delicatulus	40	180	10			89	sde_xray_089	20241212_160626.jpg	3	Sde-C-0099-E_mus	Sde-CTlk_099	nsf-deb-bluesprat-2024-2025	TLK-2024-08_01		Kent Carpenter; Kevin Labrador	Chris Bird		
352	12/12/2024	Spratelloides delicatulus	40	180	10			89	sde_xray_089	20241212_160626.jpg	4	Sde-ASac_013_mus	Sde-ASac_013	usnm-albatross	150772	usnm_original	Kent Carpenter; Kevin Labrador	Chris Bird		
353	12/12/2024	Spratelloides delicatulus	40	180	10			90	sde_xray_090	20241212_161032.jpg	1	Sde-C-0082-E_mus	Sde-CTlk_082	nsf-deb-bluesprat-2024-2025	TLK-2024-08_01		Kent Carpenter; Kevin Labrador	Chris Bird		
354	12/12/2024	Spratelloides delicatulus	40	180	10			90	sde_xray_090	20241212_161032.jpg	2	Sde-ASac_045_mus	Sde-ASac_045	usnm-albatross	150772	usnm_original	Kent Carpenter; Kevin Labrador	Chris Bird		
355	12/12/2024	Spratelloides delicatulus	40	180	10			90	sde_xray_090	20241212_161032.jpg	3	Sde-C-0098-E_mus	Sde-CTlk_098	nsf-deb-bluesprat-2024-2025	TLK-2024-08_01		Kent Carpenter; Kevin Labrador	Chris Bird		
356	12/12/2024	Spratelloides delicatulus	40	180	10			90	sde_xray_090	20241212_161032.jpg	4	Sde-ASac_007_mus	Sde-ASac_007	usnm-albatross	150772	usnm_original	Kent Carpenter; Kevin Labrador	Chris Bird		
357	12/12/2024	Spratelloides delicatulus	40	180	10			91	sde_xray_091	20241212_161411.jpg	1	Sde-C-0072-E_mus	Sde-CTlk_072	nsf-deb-bluesprat-2024-2025	TLK-2024-08_01		Kent Carpenter; Kevin Labrador	Chris Bird		
358	12/12/2024	Spratelloides delicatulus	40	180	10			91	sde_xray_091	20241212_161411.jpg	2	Sde-ASac_054_mus	Sde-ASac_054	usnm-albatross	150772	usnm_original	Kent Carpenter; Kevin Labrador	Chris Bird		
359	12/12/2024	Spratelloides delicatulus	40	180	10			91	sde_xray_091	20241212_161411.jpg	3	Sde-C-0065-E_mus	Sde-CTlk_065	nsf-deb-bluesprat-2024-2025	TLK-2024-08_01		Kent Carpenter; Kevin Labrador	Chris Bird		
360	12/12/2024	Spratelloides delicatulus	40	180	10			91	sde_xray_091	20241212_161411.jpg	4	Sde-ASac_016_mus	Sde-ASac_016	usnm-albatross	150772	usnm_original	Kent Carpenter; Kevin Labrador	Chris Bird		
361	12/12/2024	Spratelloides delicatulus	40	180	10			92	sde_xray_092	20241212_161831.jpg	1	Sde-C-0066-E_mus	Sde-CTlk_066	nsf-deb-bluesprat-2024-2025	TLK-2024-08_01		Kent Carpenter; Kevin Labrador	Chris Bird		
362	12/12/2024	Spratelloides delicatulus	40	180	10			92	sde_xray_092	20241212_161831.jpg	2	Sde-ASac_052_mus	Sde-ASac_052	usnm-albatross	150772	usnm_original	Kent Carpenter; Kevin Labrador	Chris Bird		
363	12/12/2024	Spratelloides delicatulus	40	180	10			92	sde_xray_092	20241212_161831.jpg	3	Sde-C-0060-E_mus	Sde-CTlk_060	nsf-deb-bluesprat-2024-2025	TLK-2024-08_01		Kent Carpenter; Kevin Labrador	Chris Bird		
364	12/12/2024	Spratelloides delicatulus	40	180	10			92	sde_xray_092	20241212_161831.jpg	4	Sde-ASac_058_mus	Sde-ASac_058	usnm-albatross	150772	usnm_original	Kent Carpenter; Kevin Labrador	Chris Bird		
365	12/12/2024	Spratelloides delicatulus	40	180	10			93	sde_xray_093	20241212_162424.jpg	1	Sde-C-0061-E_mus	Sde-CTlk_061	nsf-deb-bluesprat-2024-2025	TLK-2024-08_01		Kent Carpenter; Kevin Labrador	Chris Bird		
366	12/12/2024	Spratelloides delicatulus	40	180	10			93	sde_xray_093	20241212_162424.jpg	2	Sde-ASac_065_mus	Sde-ASac_065	usnm-albatross	150772	usnm_original	Kent Carpenter; Kevin Labrador	Chris Bird		
367	12/12/2024	Spratelloides delicatulus	40	180	10			93	sde_xray_093	20241212_162424.jpg	3	Sde-C-0089-E_mus	Sde-CTlk_089	nsf-deb-bluesprat-2024-2025	TLK-2024-08_01		Kent Carpenter; Kevin Labrador	Chris Bird		
368	12/12/2024	Spratelloides delicatulus	40	180	10			93	sde_xray_093	20241212_162424.jpg	4	Sde-ASac_020_mus	Sde-ASac_020	usnm-albatross	150772	usnm_original	Kent Carpenter; Kevin Labrador	Chris Bird		
369	12/12/2024	Spratelloides delicatulus	40	180	10			94	sde_xray_094	20241212_162528.jpg	1	Sde-C-0085-E_mus	Sde-CTlk_085	nsf-deb-bluesprat-2024-2025	TLK-2024-08_01		Kent Carpenter; Kevin Labrador	Chris Bird		
370	12/12/2024	Spratelloides delicatulus	40	180	10			94	sde_xray_094	20241212_162528.jpg	2	Sde-ASac_002_mus	Sde-ASac_002	usnm-albatross	150772	usnm_original	Kent Carpenter; Kevin Labrador	Chris Bird		
371	12/12/2024	Spratelloides delicatulus	40	180	10			94	sde_xray_094	20241212_162528.jpg	3	Sde-C-0087-E_mus	Sde-CTlk_087	nsf-deb-bluesprat-2024-2025	TLK-2024-08_01		Kent Carpenter; Kevin Labrador	Chris Bird		
372	12/12/2024	Spratelloides delicatulus	40	180	10			94	sde_xray_094	20241212_162528.jpg	4	Sde-ASac_015_mus	Sde-ASac_015	usnm-albatross	150772	usnm_original	Kent Carpenter; Kevin Labrador	Chris Bird		
373	12/12/2024	Spratelloides delicatulus	40	180	10			95	sde_xray_095	20241212_162921.jpg	1	Sde-C-0079-E_mus	Sde-CTlk_079	nsf-deb-bluesprat-2024-2025	TLK-2024-08_01		Kent Carpenter; Kevin Labrador	Chris Bird		
374	12/12/2024	Spratelloides delicatulus	40	180	10			95	sde_xray_095	20241212_162921.jpg	2	Sde-ASac_010_mus	Sde-ASac_010	usnm-albatross	150772	usnm_original	Kent Carpenter; Kevin Labrador	Chris Bird		
375	12/12/2024	Spratelloides delicatulus	40	180	10			95	sde_xray_095	20241212_162921.jpg	3	Sde-C-0059-E_mus	Sde-CTlk_059	nsf-deb-bluesprat-2024-2025	TLK-2024-08_01		Kent Carpenter; Kevin Labrador	Chris Bird		
376	12/12/2024	Spratelloides delicatulus	40	180	10			95	sde_xray_095	20241212_162921.jpg	4	Sde-ASac_064_mus	Sde-ASac_064	usnm-albatross	150772	usnm_original	Kent Carpenter; Kevin Labrador	Chris Bird		
377	12/12/2024	Spratelloides delicatulus	40	180	10			96	sde_xray_096	20241212_163405.jpg	1	Sde-C-0080-E_mus	Sde-CTlk_080	nsf-deb-bluesprat-2024-2025	TLK-2024-08_01		Kent Carpenter; Kevin Labrador	Chris Bird		
378	12/12/2024	Spratelloides delicatulus	40	180	10			96	sde_xray_096	20241212_163405.jpg	2	Sde-ASac_060_mus	Sde-ASac_060	usnm-albatross	150772	usnm_original	Kent Carpenter; Kevin Labrador	Chris Bird		
379	12/12/2024	Spratelloides delicatulus	40	180	10			96	sde_xray_096	20241212_163405.jpg	3	Sde-C-0071-E_mus	Sde-CTlk_071	nsf-deb-bluesprat-2024-2025	TLK-2024-08_01		Kent Carpenter; Kevin Labrador	Chris Bird		
380	12/12/2024	Spratelloides delicatulus	40	180	10			96	sde_xray_096	20241212_163405.jpg	4	Sde-ASac_051_mus	Sde-ASac_051	usnm-albatross	150772	usnm_original	Kent Carpenter; Kevin Labrador	Chris Bird		
381	12/12/2024	Spratelloides delicatulus	40	180	10			97	sde_xray_097	20241212_163810.jpg	1	Sde-C-0077-E_mus	Sde-CTlk_077	nsf-deb-bluesprat-2024-2025	TLK-2024-08_01		Kent Carpenter; Kevin Labrador	Chris Bird		
382	12/12/2024	Spratelloides delicatulus	40	180	10			97	sde_xray_097	20241212_163810.jpg	2	Sde-ASac_060_mus	Sde-ASac_060	usnm-albatross	150772	usnm_original	Kent Carpenter; Kevin Labrador	Chris Bird		
383	12/12/2024	Spratelloides delicatulus	40	180	10			97	sde_xray_097	20241212_163810.jpg	3	Sde-C-0095-E_mus	Sde-CTlk_095	nsf-deb-bluesprat-2024-2025	TLK-2024-08_01		Kent Carpenter; Kevin Labrador	Chris Bird		
384	12/12/2024	Spratelloides delicatulus	40	180	10			97	sde_xray_097	20241212_163810.jpg	4	Sde-ASac_051_mus	Sde-ASac_051	usnm-albatross	150772	usnm_original	Kent Carpenter; Kevin Labrador	Chris Bird		
385	12/12/2024	Spratelloides delicatulus	40	180	10			98	sde_xray_098	20241212_164136.jpg	1	Sde-C-0074-E_mus	Sde-CTlk_074	nsf-deb-bluesprat-2024-2025	TLK-2024-08_01		Kent Carpenter; Kevin Labrador	Chris Bird		
386	12/12/2024	Spratelloides delicatulus	40	180	10			98	sde_xray_098	20241212_164136.jpg	2	Sde-ASac_001_mus	Sde-ASac_001	usnm-albatross	150772	usnm_original	Kent Carpenter; Kevin Labrador	Chris Bird		
387	12/12/2024	Spratelloides delicatulus	40	180	10			98	sde_xray_098	20241212_164136.jpg	3	Sde-C-0073-E_mus	Sde-CTlk_073	nsf-deb-bluesprat-2024-2025	TLK-2024-08_01		Kent Carpenter; Kevin Labrador	Chris Bird		
388	12/12/2024	Spratelloides delicatulus	40	180	10			98	sde_xray_098	20241212_164136.jpg	4	Sde-ASac_039_mus	Sde-ASac_039	usnm-albatross	150772	usnm_original	Kent Carpenter; Kevin Labrador	Chris Bird		
389	12/12/2024	Spratelloides delicatulus	40	180	10			99	sde_xray_099	20241212_164609.jpg	1	Sde-C-0068-E_mus	Sde-CTlk_068	nsf-deb-bluesprat-2024-2025	TLK-2024-08_01		Kent Carpenter; Kevin Labrador	Chris Bird		
390	12/12/2024	Spratelloides delicatulus	40	180	10			99	sde_xray_099	20241212_164609.jpg	2	Sde-ASac_057_mus	Sde-ASac_057	usnm-albatross	150772	usnm_original	Kent Carpenter; Kevin Labrador	Chris Bird		
391	12/12/2024	Spratelloides delicatulus	40	180	10			99	sde_xray_099	20241212_164609.jpg	3	Sde-C-0091-E_mus	Sde-CTlk_091	nsf-deb-bluesprat-2024-2025	TLK-2024-08_01		Kent Carpenter; Kevin Labrador	Chris Bird		
392	12/12/2024	Spratelloides delicatulus	40	180	10			99	sde_xray_099	20241212_164609.jpg	4	Sde-ASac_066_mus	Sde-ASac_066	usnm-albatross	150772	usnm_original	Kent Carpenter; Kevin Labrador	Chris Bird		
393	12/12/2024	Spratelloides delicatulus	40	180	10			100	sde_xray_100	20241212_164935.jpg	1	Sde-C-0058-E_mus	Sde-CTlk_058	nsf-deb-bluesprat-2024-2025	TLK-2024-08_01		Kent Carpenter; Kevin Labrador	Chris Bird	"yes, there are 5 fish on this frame"	
394	12/12/2024	Spratelloides delicatulus	40	180	10			100	sde_xray_100	20241212_164935.jpg	2	Sde-C-0093-E_mus	Sde-CTlk_093	usnm-albatross	TLK-2024-08_01		Kent Carpenter; Kevin Labrador	Chris Bird	"yes, there are 5 fish on this frame"	
395	12/12/2024	Spratelloides delicatulus	40	180	10			100	sde_xray_100	20241212_164935.jpg	3	Sde-C-0051-E_mus	Sde-CTlk_051	nsf-deb-bluesprat-2024-2025	TLK-2024-08_01		Kent Carpenter; Kevin Labrador	Chris Bird	"yes, there are 5 fish on this frame"	
396	12/12/2024	Spratelloides delicatulus	40	180	10			100	sde_xray_100	20241212_164935.jpg	4	Sde-ASac_059_mus	Sde-ASac_059	usnm-albatross	150772	usnm_original	Kent Carpenter; Kevin Labrador	Chris Bird	"yes, there are 5 fish on this frame"	
397	12/12/2024	Spratelloides delicatulus	40	180	10			100	sde_xray_100	20241212_164935.jpg	5	Sde-C-0055-E_mus	Sde-CTlk_055	nsf-deb-bluesprat-2024-2025	TLK-2024-08_01		Kent Carpenter; Kevin Labrador	Chris Bird	"yes, there are 5 fish on this frame"	
