individual_id	extraction_id	storage_solution	date_subsampling	subsampler	date_extracting	tube_stuffer	mg_tissue_extracted	digestion_min	extractor	extraction_tubeid	plateid	elution_buffer	num_elutions	elution1_plateid	elution1_plate_column	elution1_plate_row	elution1_total_volume_ul	elution1_vol_for_tamucc	elution1_vol_for_odu	elution1_nanodrop_ng_ul	elution2_plateid	elution2_plate_column	elution2_plate_row	elution2_total_volume_ul	elution2_vol_for_tamucc	elution2_vol_for_odu	elution2_nanodrop_ng_ul	elution3_plateid	elution3_plate_column	elution3_plate_row	elution3_total_volume_ul	elution3_vol_for_tamucc	elution3_vol_for_odu	elution3_nanodrop_ng_ul	elution4_plateid	elution4_plate_column	elution4_plate_row	elution4_total_volume_ul	elution4_vol_for_tamucc	elution4_vol_for_odu	elution4_nanodrop_ng_ul	date_gelled_odu	odu_volume_gelled_ul	odu_gel_jockey	elution1_gel_score_tamucc	elution2_gel_score_tamucc	elution3_gel_score_tamucc	elution4_gel_score_tamucc	elution_used	notes	correction_applied	correction_id	correction_details	correction_date
Sde-CTlk_091	Sde-CTlk_091-Ex1	Absolute EtOH	5/22/2025	Kevin_Labrador	5/22/2025	Lindsey_Woodward	20-Oct	877	Kevin_Labrador		Sde-C_010	Buffer TL, Omega BioTek	2	Sde-C_010_dna-plate_e1	1	A	100	100	0		Sde-C_010_dna-plate_e2 (plate disposed)	1	A	100	100	0																5/27/2025	1	Kevin_Labrador	5						FALSE			
Sde-CMat_124	Sde-CMat_124-Ex1	Absolute EtOH	5/22/2025	Kevin_Labrador	5/22/2025	Lindsey_Woodward	20-Oct	877	Kevin_Labrador		Sde-C_010	Buffer TL, Omega BioTek	2	Sde-C_010_dna-plate_e1	1	B	100	100	0		Sde-C_010_dna-plate_e2 (plate disposed)	1	B	100	100	0																5/27/2025	1	Kevin_Labrador	7						FALSE			
Sde-CTlk_042	Sde-CTlk_042-Ex1	Absolute EtOH	5/22/2025	Kevin_Labrador	5/22/2025	Lindsey_Woodward	20-Oct	877	Kevin_Labrador		Sde-C_010	Buffer TL, Omega BioTek	2	Sde-C_010_dna-plate_e1	1	C	100	100	0		Sde-C_010_dna-plate_e2 (plate disposed)	1	C	100	100	0																5/27/2025	1	Kevin_Labrador	5						FALSE			
Sde-CMat_099	Sde-CMat_099-Ex1	Absolute EtOH	5/22/2025	Kevin_Labrador	5/22/2025	Lindsey_Woodward	20-Oct	877	Kevin_Labrador		Sde-C_010	Buffer TL, Omega BioTek	2	Sde-C_010_dna-plate_e1	1	D	100	100	0		Sde-C_010_dna-plate_e2 (plate disposed)	1	D	100	100	0																5/27/2025	1	Kevin_Labrador	7						FALSE			
Sde-CTlk_079	Sde-CTlk_079-Ex1	Absolute EtOH	5/22/2025	Kevin_Labrador	5/22/2025	Lindsey_Woodward	20-Oct	877	Kevin_Labrador		Sde-C_010	Buffer TL, Omega BioTek	2	Sde-C_010_dna-plate_e1	1	E	100	100	0		Sde-C_010_dna-plate_e2 (plate disposed)	1	E	100	100	0																5/27/2025	1	Kevin_Labrador	7						FALSE			
Sde-CMat_109	Sde-CMat_109-Ex1	Absolute EtOH	5/22/2025	Kevin_Labrador	5/22/2025	Lindsey_Woodward	20-Oct	877	Kevin_Labrador		Sde-C_010	Buffer TL, Omega BioTek	2	Sde-C_010_dna-plate_e1	1	F	100	100	0		Sde-C_010_dna-plate_e2 (plate disposed)	1	F	100	100	0																5/27/2025	1	Kevin_Labrador	7						FALSE			
Sde-CTlk_059	Sde-CTlk_059-Ex1	Absolute EtOH	5/22/2025	Kevin_Labrador	5/22/2025	Lindsey_Woodward	20-Oct	877	Kevin_Labrador		Sde-C_010	Buffer TL, Omega BioTek	2	Sde-C_010_dna-plate_e1	1	G	100	100	0		Sde-C_010_dna-plate_e2 (plate disposed)	1	G	100	100	0																5/27/2025	1	Kevin_Labrador	7						FALSE			
Sde-CMat_100	Sde-CMat_100-Ex1	Absolute EtOH	5/22/2025	Kevin_Labrador	5/22/2025	Lindsey_Woodward	20-Oct	877	Kevin_Labrador		Sde-C_010	Buffer TL, Omega BioTek	2	Sde-C_010_dna-plate_e1	1	H	100	100	0		Sde-C_010_dna-plate_e2 (plate disposed)	1	H	100	100	0																5/27/2025	1	Kevin_Labrador	7						FALSE			
Sde-CTlk_083	Sde-CTlk_083-Ex1	Absolute EtOH	5/22/2025	Kevin_Labrador	5/22/2025	Lindsey_Woodward	20-Oct	877	Kevin_Labrador		Sde-C_010	Buffer TL, Omega BioTek	2	Sde-C_010_dna-plate_e1	2	A	100	100	0		Sde-C_010_dna-plate_e2 (plate disposed)	2	A	100	100	0																5/27/2025	1	Kevin_Labrador	7						FALSE			
Sde-CMat_137	Sde-CMat_137-Ex1	Absolute EtOH	5/22/2025	Kevin_Labrador	5/22/2025	Lindsey_Woodward	20-Oct	877	Kevin_Labrador		Sde-C_010	Buffer TL, Omega BioTek	2	Sde-C_010_dna-plate_e1	2	B	100	100	0		Sde-C_010_dna-plate_e2 (plate disposed)	2	B	100	100	0																5/27/2025	1	Kevin_Labrador	7						FALSE			
Sde-CTlk_088	Sde-CTlk_088-Ex1	Absolute EtOH	5/22/2025	Kevin_Labrador	5/22/2025	Lindsey_Woodward	20-Oct	877	Kevin_Labrador		Sde-C_010	Buffer TL, Omega BioTek	2	Sde-C_010_dna-plate_e1	2	C	100	100	0		Sde-C_010_dna-plate_e2 (plate disposed)	2	C	100	100	0																5/27/2025	1	Kevin_Labrador	5						FALSE			
Sde-CMat_113	Sde-CMat_113-Ex1	Absolute EtOH	5/22/2025	Kevin_Labrador	5/22/2025	Lindsey_Woodward	20-Oct	877	Kevin_Labrador		Sde-C_010	Buffer TL, Omega BioTek	2	Sde-C_010_dna-plate_e1	2	D	100	100	0		Sde-C_010_dna-plate_e2 (plate disposed)	2	D	100	100	0																5/27/2025	1	Kevin_Labrador	5						FALSE			
Sde-CTlk_006	Sde-CTlk_006-Ex1	Absolute EtOH	5/22/2025	Kevin_Labrador	5/22/2025	Lindsey_Woodward	20-Oct	877	Kevin_Labrador		Sde-C_010	Buffer TL, Omega BioTek	2	Sde-C_010_dna-plate_e1	2	E	100	100	0		Sde-C_010_dna-plate_e2 (plate disposed)	2	E	100	100	0																5/27/2025	1	Kevin_Labrador	5						FALSE			
Sde-CMat_127	Sde-CMat_127-Ex1	Absolute EtOH	5/22/2025	Kevin_Labrador	5/22/2025	Mariah_Isaac	20-Oct	877	Kevin_Labrador		Sde-C_010	Buffer TL, Omega BioTek	2	Sde-C_010_dna-plate_e1	2	F	100	100	0		Sde-C_010_dna-plate_e2 (plate disposed)	2	F	100	100	0																5/27/2025	1	Kevin_Labrador	5						FALSE			
Sde-CTlk_038	Sde-CTlk_038-Ex1	Absolute EtOH	5/22/2025	Kevin_Labrador	5/22/2025	Mariah_Isaac	20-Oct	877	Kevin_Labrador		Sde-C_010	Buffer TL, Omega BioTek	2	Sde-C_010_dna-plate_e1	2	G	100	100	0		Sde-C_010_dna-plate_e2 (plate disposed)	2	G	100	100	0																5/27/2025	1	Kevin_Labrador	5						FALSE			
Sde-CMat_133	Sde-CMat_133-Ex1	Absolute EtOH	5/22/2025	Kevin_Labrador	5/22/2025	Mariah_Isaac	20-Oct	877	Kevin_Labrador		Sde-C_010	Buffer TL, Omega BioTek	2	Sde-C_010_dna-plate_e1	2	H	100	100	0		Sde-C_010_dna-plate_e2 (plate disposed)	2	H	100	100	0																5/27/2025	1	Kevin_Labrador	5						FALSE			
Sde-CMat_128	Sde-CMat_128-Ex1	Absolute EtOH	5/22/2025	Kevin_Labrador	5/22/2025	Mariah_Isaac	20-Oct	877	Kevin_Labrador		Sde-C_010	Buffer TL, Omega BioTek	2	Sde-C_010_dna-plate_e1	3	A	100	100	0		Sde-C_010_dna-plate_e2 (plate disposed)	3	A	100	100	0																5/27/2025	1	Kevin_Labrador	7						FALSE			
Sde-CTlk_025	Sde-CTlk_025-Ex1	Absolute EtOH	5/22/2025	Kevin_Labrador	5/22/2025	Mariah_Isaac	20-Oct	877	Kevin_Labrador		Sde-C_010	Buffer TL, Omega BioTek	2	Sde-C_010_dna-plate_e1	3	B	100	100	0		Sde-C_010_dna-plate_e2 (plate disposed)	3	B	100	100	0																5/27/2025	1	Kevin_Labrador	5						FALSE			
Sde-CMat_108	Sde-CMat_108-Ex1	Absolute EtOH	5/22/2025	Kevin_Labrador	5/22/2025	Mariah_Isaac	20-Oct	877	Kevin_Labrador		Sde-C_010	Buffer TL, Omega BioTek	2	Sde-C_010_dna-plate_e1	3	C	100	100	0		Sde-C_010_dna-plate_e2 (plate disposed)	3	C	100	100	0																5/27/2025	1	Kevin_Labrador	5						FALSE			
Sde-CTlk_046	Sde-CTlk_046-Ex1	Absolute EtOH	5/22/2025	Kevin_Labrador	5/22/2025	Mariah_Isaac	20-Oct	877	Kevin_Labrador		Sde-C_010	Buffer TL, Omega BioTek	2	Sde-C_010_dna-plate_e1	3	D	100	100	0		Sde-C_010_dna-plate_e2 (plate disposed)	3	D	100	100	0																5/27/2025	1	Kevin_Labrador	5						FALSE			
Sde-CMat_134	Sde-CMat_134-Ex1	Absolute EtOH	5/22/2025	Kevin_Labrador	5/22/2025	Mariah_Isaac	20-Oct	877	Kevin_Labrador		Sde-C_010	Buffer TL, Omega BioTek	2	Sde-C_010_dna-plate_e1	3	E	100	100	0		Sde-C_010_dna-plate_e2 (plate disposed)	3	E	100	100	0																5/27/2025	1	Kevin_Labrador	5						FALSE			
Sde-CTlk_015	Sde-CTlk_015-Ex1	Absolute EtOH	5/22/2025	Kevin_Labrador	5/22/2025	Mariah_Isaac	20-Oct	877	Kevin_Labrador		Sde-C_010	Buffer TL, Omega BioTek	2	Sde-C_010_dna-plate_e1	3	F	100	100	0		Sde-C_010_dna-plate_e2 (plate disposed)	3	F	100	100	0																5/27/2025	1	Kevin_Labrador	5						FALSE			
Sde-CMat_131	Sde-CMat_131-Ex1	Absolute EtOH	5/22/2025	Kevin_Labrador	5/22/2025	Mariah_Isaac	20-Oct	877	Kevin_Labrador		Sde-C_010	Buffer TL, Omega BioTek	2	Sde-C_010_dna-plate_e1	3	G	100	100	0		Sde-C_010_dna-plate_e2 (plate disposed)	3	G	100	100	0																5/27/2025	1	Kevin_Labrador	7						FALSE			
Sde-CTlk_045	Sde-CTlk_045-Ex1	Absolute EtOH	5/22/2025	Kevin_Labrador	5/22/2025	Mariah_Isaac	20-Oct	877	Kevin_Labrador		Sde-C_010	Buffer TL, Omega BioTek	2	Sde-C_010_dna-plate_e1	3	H	100	100	0		Sde-C_010_dna-plate_e2 (plate disposed)	3	H	100	100	0																5/27/2025	1	Kevin_Labrador	7						FALSE			
Sde-CMat_097	Sde-CMat_097-Ex1	Absolute EtOH	5/22/2025	Kevin_Labrador	5/22/2025	Kevin_Labrador	20-Oct	877	Kevin_Labrador		Sde-C_010	Buffer TL, Omega BioTek	2	Sde-C_010_dna-plate_e1	4	A	100	100	0		Sde-C_010_dna-plate_e2 (plate disposed)	4	A	100	100	0																5/27/2025	1	Kevin_Labrador	5						FALSE			
Sde-CTlk_100	Sde-CTlk_100-Ex1	Absolute EtOH	5/22/2025	Kevin_Labrador	5/22/2025	Kevin_Labrador	20-Oct	877	Kevin_Labrador		Sde-C_010	Buffer TL, Omega BioTek	2	Sde-C_010_dna-plate_e1	4	B	100	100	0		Sde-C_010_dna-plate_e2 (plate disposed)	4	B	100	100	0																5/27/2025	1	Kevin_Labrador	5						FALSE			
Sde-CMat_145	Sde-CMat_145-Ex1	Absolute EtOH	5/22/2025	Kevin_Labrador	5/22/2025	Kevin_Labrador	20-Oct	877	Kevin_Labrador		Sde-C_010	Buffer TL, Omega BioTek	2	Sde-C_010_dna-plate_e1	4	C	100	100	0		Sde-C_010_dna-plate_e2 (plate disposed)	4	C	100	100	0																5/27/2025	1	Kevin_Labrador	5						FALSE			
Sde-CTlk_031	Sde-CTlk_031-Ex1	Absolute EtOH	5/22/2025	Kevin_Labrador	5/22/2025	Kevin_Labrador	20-Oct	877	Kevin_Labrador		Sde-C_010	Buffer TL, Omega BioTek	2	Sde-C_010_dna-plate_e1	4	D	100	100	0		Sde-C_010_dna-plate_e2 (plate disposed)	4	D	100	100	0																5/27/2025	1	Kevin_Labrador	5						FALSE			
Sde-CTlk_011	Sde-CTlk_011-Ex1	Absolute EtOH	5/22/2025	Kevin_Labrador	5/22/2025	Laurel_Weeks	20-Oct	877	Kevin_Labrador		Sde-C_010	Buffer TL, Omega BioTek	2	Sde-C_010_dna-plate_e1	4	E	100	100	0		Sde-C_010_dna-plate_e2 (plate disposed)	4	E	100	100	0																5/27/2025	1	Kevin_Labrador	7						FALSE			
Sde-CMat_105	Sde-CMat_105-Ex1	Absolute EtOH	5/22/2025	Kevin_Labrador	5/22/2025	Laurel_Weeks	20-Oct	877	Kevin_Labrador		Sde-C_010	Buffer TL, Omega BioTek	2	Sde-C_010_dna-plate_e1	4	F	100	100	0		Sde-C_010_dna-plate_e2 (plate disposed)	4	F	100	100	0																5/27/2025	1	Kevin_Labrador	7						FALSE			
Sde-CTlk_007	Sde-CTlk_007-Ex1	Absolute EtOH	5/22/2025	Kevin_Labrador	5/22/2025	Laurel_Weeks	20-Oct	877	Kevin_Labrador		Sde-C_010	Buffer TL, Omega BioTek	2	Sde-C_010_dna-plate_e1	4	G	100	100	0		Sde-C_010_dna-plate_e2 (plate disposed)	4	G	100	100	0																5/27/2025	1	Kevin_Labrador	7						FALSE			
Sde-CMat_104	Sde-CMat_104-Ex1	Absolute EtOH	5/22/2025	Kevin_Labrador	5/22/2025	Laurel_Weeks	20-Oct	877	Kevin_Labrador		Sde-C_010	Buffer TL, Omega BioTek	2	Sde-C_010_dna-plate_e1	4	H	100	100	0		Sde-C_010_dna-plate_e2 (plate disposed)	4	H	100	100	0																5/27/2025	1	Kevin_Labrador	7						FALSE			
Sde-CTlk_003	Sde-CTlk_003-Ex1	Absolute EtOH	5/22/2025	Kevin_Labrador	5/22/2025	Laurel_Weeks	20-Oct	877	Kevin_Labrador		Sde-C_010	Buffer TL, Omega BioTek	2	Sde-C_010_dna-plate_e1	5	A	100	100	0		Sde-C_010_dna-plate_e2 (plate disposed)	5	A	100	100	0																5/27/2025	1	Kevin_Labrador	7						FALSE			
Sde-CMat_125	Sde-CMat_125-Ex1	Absolute EtOH	5/22/2025	Kevin_Labrador	5/22/2025	Laurel_Weeks	20-Oct	877	Kevin_Labrador		Sde-C_010	Buffer TL, Omega BioTek	2	Sde-C_010_dna-plate_e1	5	B	100	100	0		Sde-C_010_dna-plate_e2 (plate disposed)	5	B	100	100	0																5/27/2025	1	Kevin_Labrador	7						FALSE			
Sde-CTlk_061	Sde-CTlk_061-Ex1	Absolute EtOH	5/22/2025	Kevin_Labrador	5/22/2025	Laurel_Weeks	20-Oct	877	Kevin_Labrador		Sde-C_010	Buffer TL, Omega BioTek	2	Sde-C_010_dna-plate_e1	5	C	100	100	0		Sde-C_010_dna-plate_e2 (plate disposed)	5	C	100	100	0																5/27/2025	1	Kevin_Labrador	5						FALSE			
Sde-CMat_106	Sde-CMat_106-Ex1	Absolute EtOH	5/22/2025	Kevin_Labrador	5/22/2025	Laurel_Weeks	20-Oct	877	Kevin_Labrador		Sde-C_010	Buffer TL, Omega BioTek	2	Sde-C_010_dna-plate_e1	5	D	100	100	0		Sde-C_010_dna-plate_e2 (plate disposed)	5	D	100	100	0																5/27/2025	1	Kevin_Labrador	5						FALSE			
Sde-CTlk_071	Sde-CTlk_071-Ex1	Absolute EtOH	5/22/2025	Kevin_Labrador	5/22/2025	Laurel_Weeks	20-Oct	877	Kevin_Labrador		Sde-C_010	Buffer TL, Omega BioTek	2	Sde-C_010_dna-plate_e1	5	E	100	100	0		Sde-C_010_dna-plate_e2 (plate disposed)	5	E	100	100	0																5/27/2025	1	Kevin_Labrador	7						FALSE			
Sde-CMat_101	Sde-CMat_101-Ex1	Absolute EtOH	5/22/2025	Kevin_Labrador	5/22/2025	Laurel_Weeks	20-Oct	877	Kevin_Labrador		Sde-C_010	Buffer TL, Omega BioTek	2	Sde-C_010_dna-plate_e1	5	F	100	100	0		Sde-C_010_dna-plate_e2 (plate disposed)	5	F	100	100	0																5/27/2025	1	Kevin_Labrador	7						FALSE			
Sde-CTlk_080	Sde-CTlk_080-Ex1	Absolute EtOH	5/22/2025	Kevin_Labrador	5/22/2025	Laurel_Weeks	20-Oct	877	Kevin_Labrador		Sde-C_010	Buffer TL, Omega BioTek	2	Sde-C_010_dna-plate_e1	5	G	100	100	0		Sde-C_010_dna-plate_e2 (plate disposed)	5	G	100	100	0																5/27/2025	1	Kevin_Labrador	7						FALSE			
Sde-CMat_139	Sde-CMat_139-Ex1	Absolute EtOH	5/22/2025	Kevin_Labrador	5/22/2025	Laurel_Weeks	20-Oct	877	Kevin_Labrador		Sde-C_010	Buffer TL, Omega BioTek	2	Sde-C_010_dna-plate_e1	5	H	100	100	0		Sde-C_010_dna-plate_e2 (plate disposed)	5	H	100	100	0																5/27/2025	1	Kevin_Labrador	7						FALSE			
Sde-CTlk_070	Sde-CTlk_070-Ex1	Absolute EtOH	5/22/2025	Kevin_Labrador	5/22/2025	Laurel_Weeks	20-Oct	877	Kevin_Labrador		Sde-C_010	Buffer TL, Omega BioTek	2	Sde-C_010_dna-plate_e1	6	A	100	100	0		Sde-C_010_dna-plate_e2 (plate disposed)	6	A	100	100	0																5/27/2025	1	Kevin_Labrador	7						FALSE			
Sde-CTlk_054	Sde-CTlk_054-Ex1	Absolute EtOH	5/22/2025	Kevin_Labrador	5/22/2025	Laurel_Weeks	20-Oct	877	Kevin_Labrador		Sde-C_010	Buffer TL, Omega BioTek	2	Sde-C_010_dna-plate_e1	6	B	100	100	0		Sde-C_010_dna-plate_e2 (plate disposed)	6	B	100	100	0																5/27/2025	1	Kevin_Labrador	7						FALSE			
Sde-CMat_143	Sde-CMat_143-Ex1	Absolute EtOH	5/22/2025	Kevin_Labrador	5/22/2025	Laurel_Weeks	20-Oct	877	Kevin_Labrador		Sde-C_010	Buffer TL, Omega BioTek	2	Sde-C_010_dna-plate_e1	6	C	100	100	0		Sde-C_010_dna-plate_e2 (plate disposed)	6	C	100	100	0																5/27/2025	1	Kevin_Labrador	5						FALSE			
Sde-CTlk_069	Sde-CTlk_069-Ex1	Absolute EtOH	5/22/2025	Kevin_Labrador	5/22/2025	Laurel_Weeks	20-Oct	877	Kevin_Labrador		Sde-C_010	Buffer TL, Omega BioTek	2	Sde-C_010_dna-plate_e1	6	D	100	100	0		Sde-C_010_dna-plate_e2 (plate disposed)	6	D	100	100	0																5/27/2025	1	Kevin_Labrador	5						FALSE			
Sde-CMat_112	Sde-CMat_112-Ex1	Absolute EtOH	5/22/2025	Kevin_Labrador	5/22/2025	Laurel_Weeks	20-Oct	877	Kevin_Labrador		Sde-C_010	Buffer TL, Omega BioTek	2	Sde-C_010_dna-plate_e1	6	E	100	100	0		Sde-C_010_dna-plate_e2 (plate disposed)	6	E	100	100	0																5/27/2025	1	Kevin_Labrador	5						FALSE			
Sde-CTlk_004	Sde-CTlk_004-Ex1	Absolute EtOH	5/22/2025	Kevin_Labrador	5/22/2025	Laurel_Weeks	20-Oct	877	Kevin_Labrador		Sde-C_010	Buffer TL, Omega BioTek	2	Sde-C_010_dna-plate_e1	6	F	100	100	0		Sde-C_010_dna-plate_e2 (plate disposed)	6	F	100	100	0																5/27/2025	1	Kevin_Labrador	5						FALSE			
Sde-CMat_115	Sde-CMat_115-Ex1	Absolute EtOH	5/22/2025	Kevin_Labrador	5/22/2025	Laurel_Weeks	20-Oct	877	Kevin_Labrador		Sde-C_010	Buffer TL, Omega BioTek	2	Sde-C_010_dna-plate_e1	6	G	100	100	0		Sde-C_010_dna-plate_e2 (plate disposed)	6	G	100	100	0																5/27/2025	1	Kevin_Labrador	7						FALSE			
Sde-CTlk_082	Sde-CTlk_082-Ex1	Absolute EtOH	5/22/2025	Kevin_Labrador	5/22/2025	Laurel_Weeks	20-Oct	877	Kevin_Labrador		Sde-C_010	Buffer TL, Omega BioTek	2	Sde-C_010_dna-plate_e1	6	H	100	100	0		Sde-C_010_dna-plate_e2 (plate disposed)	6	H	100	100	0																5/27/2025	1	Kevin_Labrador	7						FALSE			
Sde-CTlk_033	Sde-CTlk_033-Ex1	Absolute EtOH	5/22/2025	Kevin_Labrador	5/22/2025	Laurel_Weeks	20-Oct	877	Kevin_Labrador		Sde-C_010	Buffer TL, Omega BioTek	2	Sde-C_010_dna-plate_e1	7	A	100	100	0		Sde-C_010_dna-plate_e2 (plate disposed)	7	A	100	100	0																5/27/2025	1	Kevin_Labrador	4						FALSE			
Sde-CMat_146	Sde-CMat_146-Ex1	Absolute EtOH	5/22/2025	Kevin_Labrador	5/22/2025	Laurel_Weeks	20-Oct	877	Kevin_Labrador		Sde-C_010	Buffer TL, Omega BioTek	2	Sde-C_010_dna-plate_e1	7	B	100	100	0		Sde-C_010_dna-plate_e2 (plate disposed)	7	B	100	100	0																5/27/2025	1	Kevin_Labrador	5						FALSE			
Sde-CMat_114	Sde-CMat_114-Ex1	Absolute EtOH	5/22/2025	Kevin_Labrador	5/22/2025	Laurel_Weeks	20-Oct	877	Kevin_Labrador		Sde-C_010	Buffer TL, Omega BioTek	2	Sde-C_010_dna-plate_e1	7	C	100	100	0		Sde-C_010_dna-plate_e2 (plate disposed)	7	C	100	100	0																5/27/2025	1	Kevin_Labrador	5						FALSE			
Sde-CTlk_081	Sde-CTlk_081-Ex1	Absolute EtOH	5/22/2025	Kevin_Labrador	5/22/2025	Laurel_Weeks	20-Oct	877	Kevin_Labrador		Sde-C_010	Buffer TL, Omega BioTek	2	Sde-C_010_dna-plate_e1	7	D	100	100	0		Sde-C_010_dna-plate_e2 (plate disposed)	7	D	100	100	0																5/27/2025	1	Kevin_Labrador	7						FALSE			
Sde-CMat_136	Sde-CMat_136-Ex1	Absolute EtOH	5/22/2025	Kevin_Labrador	5/22/2025	Laurel_Weeks	20-Oct	877	Kevin_Labrador		Sde-C_010	Buffer TL, Omega BioTek	2	Sde-C_010_dna-plate_e1	7	E	100	100	0		Sde-C_010_dna-plate_e2 (plate disposed)	7	E	100	100	0																5/27/2025	1	Kevin_Labrador	5						FALSE			
Sde-CMat_130	Sde-CMat_130-Ex1	Absolute EtOH	5/22/2025	Kevin_Labrador	5/22/2025	Laurel_Weeks	20-Oct	877	Kevin_Labrador		Sde-C_010	Buffer TL, Omega BioTek	2	Sde-C_010_dna-plate_e1	7	F	100	100	0		Sde-C_010_dna-plate_e2 (plate disposed)	7	F	100	100	0																5/27/2025	1	Kevin_Labrador	7						FALSE			
Sde-CTlk_068	Sde-CTlk_068-Ex1	Absolute EtOH	5/22/2025	Kevin_Labrador	5/22/2025	Laurel_Weeks	20-Oct	877	Kevin_Labrador		Sde-C_010	Buffer TL, Omega BioTek	2	Sde-C_010_dna-plate_e1	7	G	100	100	0		Sde-C_010_dna-plate_e2 (plate disposed)	7	G	100	100	0																5/27/2025	1	Kevin_Labrador	7						FALSE			
Sde-CMat_119	Sde-CMat_119-Ex1	Absolute EtOH	5/22/2025	Kevin_Labrador	5/22/2025	Laurel_Weeks	20-Oct	877	Kevin_Labrador		Sde-C_010	Buffer TL, Omega BioTek	2	Sde-C_010_dna-plate_e1	7	H	100	100	0		Sde-C_010_dna-plate_e2 (plate disposed)	7	H	100	100	0																5/27/2025	1	Kevin_Labrador	5						FALSE			
Sde-CTlk_066	Sde-CTlk_066-Ex1	Absolute EtOH	5/22/2025	Kevin_Labrador	5/22/2025	Laurel_Weeks	20-Oct	877	Kevin_Labrador		Sde-C_010	Buffer TL, Omega BioTek	2	Sde-C_010_dna-plate_e1	8	A	100	100	0		Sde-C_010_dna-plate_e2 (plate disposed)	8	A	100	100	0																5/27/2025	1	Kevin_Labrador	5						FALSE			
Sde-CMat_122	Sde-CMat_122-Ex1	Absolute EtOH	5/22/2025	Kevin_Labrador	5/22/2025	Laurel_Weeks	20-Oct	877	Kevin_Labrador		Sde-C_010	Buffer TL, Omega BioTek	2	Sde-C_010_dna-plate_e1	8	B	100	100	0		Sde-C_010_dna-plate_e2 (plate disposed)	8	B	100	100	0																5/27/2025	1	Kevin_Labrador	7						FALSE			
Sde-CTlk_029	Sde-CTlk_029-Ex1	Absolute EtOH	5/22/2025	Kevin_Labrador	5/22/2025	Laurel_Weeks	20-Oct	877	Kevin_Labrador		Sde-C_010	Buffer TL, Omega BioTek	2	Sde-C_010_dna-plate_e1	8	C	100	100	0		Sde-C_010_dna-plate_e2 (plate disposed)	8	C	100	100	0																5/27/2025	1	Kevin_Labrador	7						FALSE			
Sde-CMat_141	Sde-CMat_141-Ex1	Absolute EtOH	5/22/2025	Kevin_Labrador	5/22/2025	Laurel_Weeks	20-Oct	877	Kevin_Labrador		Sde-C_010	Buffer TL, Omega BioTek	2	Sde-C_010_dna-plate_e1	8	D	100	100	0		Sde-C_010_dna-plate_e2 (plate disposed)	8	D	100	100	0																5/27/2025	1	Kevin_Labrador	7					Piece from 8D MIGHT have fallen into 7E - LWeeks	FALSE			
Sde-CTlk_099	Sde-CTlk_099-Ex1	Absolute EtOH	5/22/2025	Kevin_Labrador	5/22/2025	Laurel_Weeks	20-Oct	877	Kevin_Labrador		Sde-C_010	Buffer TL, Omega BioTek	2	Sde-C_010_dna-plate_e1	8	E	100	100	0		Sde-C_010_dna-plate_e2 (plate disposed)	8	E	100	100	0																5/27/2025	1	Kevin_Labrador	5						FALSE			
Sde-CMat_110	Sde-CMat_110-Ex1	Absolute EtOH	5/22/2025	Kevin_Labrador	5/22/2025	Laurel_Weeks	20-Oct	877	Kevin_Labrador		Sde-C_010	Buffer TL, Omega BioTek	2	Sde-C_010_dna-plate_e1	8	F	100	100	0		Sde-C_010_dna-plate_e2 (plate disposed)	8	F	100	100	0																5/27/2025	1	Kevin_Labrador	5					Label was changed from 0144 to 0114	FALSE			
Sde-CTlk_078	Sde-CTlk_078-Ex1	Absolute EtOH	5/22/2025	Kevin_Labrador	5/22/2025	Laurel_Weeks	20-Oct	877	Kevin_Labrador		Sde-C_010	Buffer TL, Omega BioTek	2	Sde-C_010_dna-plate_e1	8	G	100	100	0		Sde-C_010_dna-plate_e2 (plate disposed)	8	G	100	100	0																5/27/2025	1	Kevin_Labrador	3					Label was changed from 0076 to 0078	FALSE			
Sde-CMat_144	Sde-CMat_144-Ex1	Absolute EtOH	5/22/2025	Kevin_Labrador	5/22/2025	Laurel_Weeks	20-Oct	877	Kevin_Labrador		Sde-C_010	Buffer TL, Omega BioTek	2	Sde-C_010_dna-plate_e1	8	H	100	100	0		Sde-C_010_dna-plate_e2 (plate disposed)	8	H	100	100	0																5/27/2025	1	Kevin_Labrador	7						FALSE			
Sde-CTlk_024	Sde-CTlk_024-Ex1	Absolute EtOH	5/22/2025	Kevin_Labrador	5/22/2025	Laurel_Weeks	20-Oct	877	Kevin_Labrador		Sde-C_010	Buffer TL, Omega BioTek	2	Sde-C_010_dna-plate_e1	9	A	100	100	0		Sde-C_010_dna-plate_e2 (plate disposed)	9	A	100	100	0																5/27/2025	1	Kevin_Labrador	7						FALSE			
Sde-CMat_116	Sde-CMat_116-Ex1	Absolute EtOH	5/22/2025	Kevin_Labrador	5/22/2025	Laurel_Weeks	20-Oct	877	Kevin_Labrador		Sde-C_010	Buffer TL, Omega BioTek	2	Sde-C_010_dna-plate_e1	9	B	100	100	0		Sde-C_010_dna-plate_e2 (plate disposed)	9	B	100	100	0																5/27/2025	1	Kevin_Labrador	7						FALSE			
Sde-CTlk_016	Sde-CTlk_016-Ex1	Absolute EtOH	5/22/2025	Kevin_Labrador	5/22/2025	Laurel_Weeks	20-Oct	877	Kevin_Labrador		Sde-C_010	Buffer TL, Omega BioTek	2	Sde-C_010_dna-plate_e1	9	C	100	100	0		Sde-C_010_dna-plate_e2 (plate disposed)	9	C	100	100	0																5/27/2025	1	Kevin_Labrador	7						FALSE			
Sde-CMat_123	Sde-CMat_123-Ex1	Absolute EtOH	5/22/2025	Kevin_Labrador	5/22/2025	Laurel_Weeks	20-Oct	877	Kevin_Labrador		Sde-C_010	Buffer TL, Omega BioTek	2	Sde-C_010_dna-plate_e1	9	D	100	100	0		Sde-C_010_dna-plate_e2 (plate disposed)	9	D	100	100	0																5/27/2025	1	Kevin_Labrador	5						FALSE			
Sde-CTlk_048	Sde-CTlk_048-Ex1	Absolute EtOH	5/22/2025	Kevin_Labrador	5/22/2025	Laurel_Weeks	20-Oct	877	Kevin_Labrador		Sde-C_010	Buffer TL, Omega BioTek	2	Sde-C_010_dna-plate_e1	9	E	100	100	0		Sde-C_010_dna-plate_e2 (plate disposed)	9	E	100	100	0																5/27/2025	1	Kevin_Labrador	7						FALSE			
Sde-CMat_117	Sde-CMat_117-Ex1	Absolute EtOH	5/22/2025	Kevin_Labrador	5/22/2025	Laurel_Weeks	20-Oct	877	Kevin_Labrador		Sde-C_010	Buffer TL, Omega BioTek	2	Sde-C_010_dna-plate_e1	9	F	100	100	0		Sde-C_010_dna-plate_e2 (plate disposed)	9	F	100	100	0																5/27/2025	1	Kevin_Labrador	7						FALSE			
Sde-CTlk_047	Sde-CTlk_047-Ex1	Absolute EtOH	5/22/2025	Kevin_Labrador	5/22/2025	Laurel_Weeks	20-Oct	877	Kevin_Labrador		Sde-C_010	Buffer TL, Omega BioTek	2	Sde-C_010_dna-plate_e1	9	G	100	100	0		Sde-C_010_dna-plate_e2 (plate disposed)	9	G	100	100	0																5/27/2025	1	Kevin_Labrador	7						FALSE			
Sde-CMat_111	Sde-CMat_111-Ex1	Absolute EtOH	5/22/2025	Kevin_Labrador	5/22/2025	Laurel_Weeks	20-Oct	877	Kevin_Labrador		Sde-C_010	Buffer TL, Omega BioTek	2	Sde-C_010_dna-plate_e1	9	H	100	100	0		Sde-C_010_dna-plate_e2 (plate disposed)	9	H	100	100	0																5/27/2025	1	Kevin_Labrador	5						FALSE			
Sde-CTlk_087	Sde-CTlk_087-Ex1	Absolute EtOH	5/22/2025	Kevin_Labrador	5/22/2025	Laurel_Weeks	20-Oct	877	Kevin_Labrador		Sde-C_010	Buffer TL, Omega BioTek	2	Sde-C_010_dna-plate_e1	10	A	100	100	0		Sde-C_010_dna-plate_e2 (plate disposed)	10	A	100	100	0																5/27/2025	1	Kevin_Labrador	7						FALSE			
Sde-CMat_118	Sde-CMat_118-Ex1	Absolute EtOH	5/22/2025	Kevin_Labrador	5/22/2025	Laurel_Weeks	20-Oct	877	Kevin_Labrador		Sde-C_010	Buffer TL, Omega BioTek	2	Sde-C_010_dna-plate_e1	10	B	100	100	0		Sde-C_010_dna-plate_e2 (plate disposed)	10	B	100	100	0																5/27/2025	1	Kevin_Labrador	7						FALSE			
Sde-CTlk_018	Sde-CTlk_018-Ex1	Absolute EtOH	5/22/2025	Kevin_Labrador	5/22/2025	Laurel_Weeks	20-Oct	877	Kevin_Labrador		Sde-C_010	Buffer TL, Omega BioTek	2	Sde-C_010_dna-plate_e1	10	C	100	100	0		Sde-C_010_dna-plate_e2 (plate disposed)	10	C	100	100	0																5/27/2025	1	Kevin_Labrador	4						FALSE			
Sde-CMat_102	Sde-CMat_102-Ex1	Absolute EtOH	5/22/2025	Kevin_Labrador	5/22/2025	Laurel_Weeks	20-Oct	877	Kevin_Labrador		Sde-C_010	Buffer TL, Omega BioTek	2	Sde-C_010_dna-plate_e1	10	D	100	100	0		Sde-C_010_dna-plate_e2 (plate disposed)	10	D	100	100	0																5/27/2025	1	Kevin_Labrador	5						FALSE			
Sde-CTlk_077	Sde-CTlk_077-Ex1	Absolute EtOH	5/22/2025	Kevin_Labrador	5/22/2025	Laurel_Weeks	20-Oct	877	Kevin_Labrador		Sde-C_010	Buffer TL, Omega BioTek	2	Sde-C_010_dna-plate_e1	10	E	100	100	0		Sde-C_010_dna-plate_e2 (plate disposed)	10	E	100	100	0																5/27/2025	1	Kevin_Labrador	7						FALSE			
Sde-CMat_107	Sde-CMat_107-Ex1	Absolute EtOH	5/22/2025	Kevin_Labrador	5/22/2025	Laurel_Weeks	20-Oct	877	Kevin_Labrador		Sde-C_010	Buffer TL, Omega BioTek	2	Sde-C_010_dna-plate_e1	10	F	100	100	0		Sde-C_010_dna-plate_e2 (plate disposed)	10	F	100	100	0																5/27/2025	1	Kevin_Labrador	5						FALSE			
Sde-CMat_135	Sde-CMat_135-Ex1	Absolute EtOH	5/22/2025	Kevin_Labrador	5/22/2025	Laurel_Weeks	20-Oct	877	Kevin_Labrador		Sde-C_010	Buffer TL, Omega BioTek	2	Sde-C_010_dna-plate_e1	10	G	100	100	0		Sde-C_010_dna-plate_e2 (plate disposed)	10	G	100	100	0																5/27/2025	1	Kevin_Labrador	5						FALSE			
Sde-CTlk_052	Sde-CTlk_052-Ex1	Absolute EtOH	5/22/2025	Kevin_Labrador	5/22/2025	Laurel_Weeks	20-Oct	877	Kevin_Labrador		Sde-C_010	Buffer TL, Omega BioTek	2	Sde-C_010_dna-plate_e1	10	H	100	100	0		Sde-C_010_dna-plate_e2 (plate disposed)	10	H	100	100	0																5/27/2025	1	Kevin_Labrador	7						FALSE			
Sde-CMat_129	Sde-CMat_129-Ex1	Absolute EtOH	5/22/2025	Kevin_Labrador	5/22/2025	Laurel_Weeks	20-Oct	877	Kevin_Labrador		Sde-C_010	Buffer TL, Omega BioTek	2	Sde-C_010_dna-plate_e1	11	A	100	100	0		Sde-C_010_dna-plate_e2 (plate disposed)	11	A	100	100	0																5/27/2025	1	Kevin_Labrador	4						FALSE			
Sde-CTlk_053	Sde-CTlk_053-Ex1	Absolute EtOH	5/22/2025	Kevin_Labrador	5/22/2025	Laurel_Weeks	20-Oct	877	Kevin_Labrador		Sde-C_010	Buffer TL, Omega BioTek	2	Sde-C_010_dna-plate_e1	11	B	100	100	0		Sde-C_010_dna-plate_e2 (plate disposed)	11	B	100	100	0																5/27/2025	1	Kevin_Labrador	5						FALSE			
Sde-CMat_098	Sde-CMat_098-Ex1	Absolute EtOH	5/22/2025	Kevin_Labrador	5/22/2025	Laurel_Weeks	20-Oct	877	Kevin_Labrador		Sde-C_010	Buffer TL, Omega BioTek	2	Sde-C_010_dna-plate_e1	11	C	100	100	0		Sde-C_010_dna-plate_e2 (plate disposed)	11	C	100	100	0																5/27/2025	1	Kevin_Labrador	5						FALSE			
Sde-CTlk_073	Sde-CTlk_073-Ex1	Absolute EtOH	5/22/2025	Kevin_Labrador	5/22/2025	Laurel_Weeks	20-Oct	877	Kevin_Labrador		Sde-C_010	Buffer TL, Omega BioTek	2	Sde-C_010_dna-plate_e1	11	D	100	100	0		Sde-C_010_dna-plate_e2 (plate disposed)	11	D	100	100	0																5/27/2025	1	Kevin_Labrador	7						FALSE			
Sde-CMat_132	Sde-CMat_132-Ex1	Absolute EtOH	5/22/2025	Kevin_Labrador	5/22/2025	Laurel_Weeks	20-Oct	877	Kevin_Labrador		Sde-C_010	Buffer TL, Omega BioTek	2	Sde-C_010_dna-plate_e1	11	E	100	100	0		Sde-C_010_dna-plate_e2 (plate disposed)	11	E	100	100	0																5/27/2025	1	Kevin_Labrador	5						FALSE			
Sde-CTlk_089	Sde-CTlk_089-Ex1	Absolute EtOH	5/22/2025	Kevin_Labrador	5/22/2025	Laurel_Weeks	20-Oct	877	Kevin_Labrador		Sde-C_010	Buffer TL, Omega BioTek	2	Sde-C_010_dna-plate_e1	11	F	100	100	0		Sde-C_010_dna-plate_e2 (plate disposed)	11	F	100	100	0																5/27/2025	1	Kevin_Labrador	7						FALSE			
Sde-CMat_103	Sde-CMat_103-Ex1	Absolute EtOH	5/22/2025	Kevin_Labrador	5/22/2025	Laurel_Weeks	20-Oct	877	Kevin_Labrador		Sde-C_010	Buffer TL, Omega BioTek	2	Sde-C_010_dna-plate_e1	11	G	100	100	0		Sde-C_010_dna-plate_e2 (plate disposed)	11	G	100	100	0																5/27/2025	1	Kevin_Labrador	7						FALSE			
Sde-CTlk_086	Sde-CTlk_086-Ex1	Absolute EtOH	5/22/2025	Kevin_Labrador	5/22/2025	Laurel_Weeks	20-Oct	877	Kevin_Labrador		Sde-C_010	Buffer TL, Omega BioTek	2	Sde-C_010_dna-plate_e1	11	H	100	100	0		Sde-C_010_dna-plate_e2 (plate disposed)	11	H	100	100	0																5/27/2025	1	Kevin_Labrador	7						FALSE			
Sde-CMat_138	Sde-CMat_138-Ex1	Absolute EtOH	5/22/2025	Kevin_Labrador	5/22/2025	Laurel_Weeks	20-Oct	877	Kevin_Labrador		Sde-C_010	Buffer TL, Omega BioTek	2	Sde-C_010_dna-plate_e1	12	A	100	100	0		Sde-C_010_dna-plate_e2 (plate disposed)	12	A	100	100	0																5/27/2025	1	Kevin_Labrador	5						FALSE			
Sde-CTlk_010	Sde-CTlk_010-Ex1	Absolute EtOH	5/22/2025	Kevin_Labrador	5/22/2025	Laurel_Weeks	20-Oct	877	Kevin_Labrador		Sde-C_010	Buffer TL, Omega BioTek	2	Sde-C_010_dna-plate_e1	12	B	100	100	0		Sde-C_010_dna-plate_e2 (plate disposed)	12	B	100	100	0																5/27/2025	1	Kevin_Labrador	5						FALSE			
Sde-CMat_121	Sde-CMat_121-Ex1	Absolute EtOH	5/22/2025	Kevin_Labrador	5/22/2025	Laurel_Weeks	20-Oct	877	Kevin_Labrador		Sde-C_010	Buffer TL, Omega BioTek	2	Sde-C_010_dna-plate_e1	12	C	100	100	0		Sde-C_010_dna-plate_e2 (plate disposed)	12	C	100	100	0																5/27/2025	1	Kevin_Labrador	7					Sliver of 12C launched itself… did not see where it went - LWeeks	FALSE			
Sde-CTlk_019	Sde-CTlk_019-Ex1	Absolute EtOH	5/22/2025	Kevin_Labrador	5/22/2025	Laurel_Weeks	20-Oct	877	Kevin_Labrador		Sde-C_010	Buffer TL, Omega BioTek	2	Sde-C_010_dna-plate_e1	12	D	100	100	0		Sde-C_010_dna-plate_e2 (plate disposed)	12	D	100	100	0																5/27/2025	1	Kevin_Labrador	5						FALSE			
Sde-CTlk_027	Sde-CTlk_027-Ex1	Absolute EtOH	5/22/2025	Kevin_Labrador	5/22/2025	Laurel_Weeks	20-Oct	877	Kevin_Labrador		Sde-C_010	Buffer TL, Omega BioTek	2	Sde-C_010_dna-plate_e1	12	E	100	100	0		Sde-C_010_dna-plate_e2 (plate disposed)	12	E	100	100	0																5/27/2025	1	Kevin_Labrador	5						FALSE			
Sde-CMat_126	Sde-CMat_126-Ex1	Absolute EtOH	5/22/2025	Kevin_Labrador	5/22/2025	Laurel_Weeks	20-Oct	877	Kevin_Labrador		Sde-C_010	Buffer TL, Omega BioTek	2	Sde-C_010_dna-plate_e1	12	F	100	100	0		Sde-C_010_dna-plate_e2 (plate disposed)	12	F	100	100	0																5/27/2025	1	Kevin_Labrador	7					Fish too small; cannot return label inside the fish; placed the label underneath the fish.	FALSE			
Sde-CTlk_049	Sde-CTlk_049-Ex1	Absolute EtOH	5/22/2025	Kevin_Labrador	5/22/2025	Laurel_Weeks	20-Oct	877	Kevin_Labrador		Sde-C_010	Buffer TL, Omega BioTek	2	Sde-C_010_dna-plate_e1	12	G	100	100	0		Sde-C_010_dna-plate_e2 (plate disposed)	12	G	100	100	0																5/27/2025	1	Kevin_Labrador	7						FALSE			
Sde-CTlk_074	Sde-CTlk_074-Ex1	Absolute EtOH	5/22/2025	Kevin_Labrador	5/22/2025	Laurel_Weeks	20-Oct	877	Kevin_Labrador		Sde-C_010	Buffer TL, Omega BioTek	2	Sde-C_010_dna-plate_e1	12	H	100	100	0		Sde-C_010_dna-plate_e2 (plate disposed)	12	H	100	100	0																5/27/2025	1	Kevin_Labrador	4						FALSE			
Sde-CTlk_032	Sde-CTlk_032-Ex1	Absolute EtOH	5/28/2025	Kevin_Labrador	5/28/2025	Nathalia_Medellin	20-Oct	971	Kevin_Labrador		Sde-C_011	Buffer TL, Omega BioTek	2	Sde-C_011_dna-plate_e1	1	A	100	100	0		Sde-C_011_dna-plate_e2	1	A	100	100	0																5/29/2025	1	Kevin_Labrador	4	2					FALSE			
Sde-CTlk_040	Sde-CTlk_040-Ex1	Absolute EtOH	5/28/2025	Kevin_Labrador	5/28/2025	Nathalia_Medellin	20-Oct	971	Kevin_Labrador		Sde-C_011	Buffer TL, Omega BioTek	2	Sde-C_011_dna-plate_e1	1	B	100	100	0		Sde-C_011_dna-plate_e2	1	B	100	100	0																5/29/2025	1	Kevin_Labrador	4	2					FALSE			
Sde-CTlk_067	Sde-CTlk_067-Ex1	Absolute EtOH	5/28/2025	Kevin_Labrador	5/28/2025	Nathalia_Medellin	20-Oct	971	Kevin_Labrador		Sde-C_011	Buffer TL, Omega BioTek	2	Sde-C_011_dna-plate_e1	1	C	100	100	0		Sde-C_011_dna-plate_e2	1	C	100	100	0																5/29/2025	1	Kevin_Labrador	5	2					FALSE			
Sde-CTlk_002	Sde-CTlk_002-Ex1	Absolute EtOH	5/28/2025	Kevin_Labrador	5/28/2025	Nathalia_Medellin	20-Oct	971	Kevin_Labrador		Sde-C_011	Buffer TL, Omega BioTek	2	Sde-C_011_dna-plate_e1	1	D	100	100	0		Sde-C_011_dna-plate_e2	1	D	100	100	0																5/29/2025	1	Kevin_Labrador	4	2					FALSE			
Sde-CTlk_001	Sde-CTlk_001-Ex1	Absolute EtOH	5/28/2025	Kevin_Labrador	5/28/2025	Nathalia_Medellin	20-Oct	971	Kevin_Labrador		Sde-C_011	Buffer TL, Omega BioTek	2	Sde-C_011_dna-plate_e1	1	E	100	100	0		Sde-C_011_dna-plate_e2	1	E	100	100	0																5/29/2025	1	Kevin_Labrador	5	3					FALSE			
Sde-CTlk_060	Sde-CTlk_060-Ex1	Absolute EtOH	5/28/2025	Kevin_Labrador	5/28/2025	Nathalia_Medellin	20-Oct	971	Kevin_Labrador		Sde-C_011	Buffer TL, Omega BioTek	2	Sde-C_011_dna-plate_e1	1	F	100	100	0		Sde-C_011_dna-plate_e2	1	F	100	100	0																5/29/2025	1	Kevin_Labrador	5	4					FALSE			
Sde-CTlk_044	Sde-CTlk_044-Ex1	Absolute EtOH	5/28/2025	Kevin_Labrador	5/28/2025	Nathalia_Medellin	20-Oct	971	Kevin_Labrador		Sde-C_011	Buffer TL, Omega BioTek	2	Sde-C_011_dna-plate_e1	1	G	100	100	0		Sde-C_011_dna-plate_e2	1	G	100	100	0																5/29/2025	1	Kevin_Labrador	5	3					FALSE			
Sde-CMat_195	Sde-CMat_195-Ex1	Absolute EtOH	5/28/2025	Kevin_Labrador	5/28/2025	Nathalia_Medellin	20-Oct	971	Kevin_Labrador		Sde-C_011	Buffer TL, Omega BioTek	2	Sde-C_011_dna-plate_e1	1	H	100	100	0		Sde-C_011_dna-plate_e2	1	H	100	100	0																5/29/2025	1	Kevin_Labrador	5	3				Fish sample cut in half.	FALSE			
Sde-CTlk_085	Sde-CTlk_085-Ex1	Absolute EtOH	5/28/2025	Kevin_Labrador	5/28/2025	Nathalia_Medellin	20-Oct	971	Kevin_Labrador		Sde-C_011	Buffer TL, Omega BioTek	2	Sde-C_011_dna-plate_e1	2	A	100	100	0		Sde-C_011_dna-plate_e2	2	A	100	100	0																5/29/2025	1	Kevin_Labrador	4	2					FALSE			
Sde-CMat_200	Sde-CMat_200-Ex1	Absolute EtOH	5/28/2025	Kevin_Labrador	5/28/2025	Matthieu_Barcak	20-Oct	971	Kevin_Labrador		Sde-C_011	Buffer TL, Omega BioTek	2	Sde-C_011_dna-plate_e1	2	B	100	100	0		Sde-C_011_dna-plate_e2	2	B	100	100	0																5/29/2025	1	Kevin_Labrador	4	2				Label was changed from 020X to 0204	FALSE			
Sde-CTlk_095	Sde-CTlk_095-Ex1	Absolute EtOH	5/28/2025	Kevin_Labrador	5/28/2025	Matthieu_Barcak	20-Oct	971	Kevin_Labrador		Sde-C_011	Buffer TL, Omega BioTek	2	Sde-C_011_dna-plate_e1	2	C	100	100	0		Sde-C_011_dna-plate_e2	2	C	100	100	0																5/29/2025	1	Kevin_Labrador	5	2					FALSE			
Sde-CMat_177	Sde-CMat_177-Ex1	Absolute EtOH	5/28/2025	Kevin_Labrador	5/28/2025	Matthieu_Barcak	20-Oct	971	Kevin_Labrador		Sde-C_011	Buffer TL, Omega BioTek	2	Sde-C_011_dna-plate_e1	2	D	100	100	0		Sde-C_011_dna-plate_e2	2	D	100	100	0																5/29/2025	1	Kevin_Labrador	4	3					FALSE			
Sde-CTlk_063	Sde-CTlk_063-Ex1	Absolute EtOH	5/28/2025	Kevin_Labrador	5/28/2025	Matthieu_Barcak	20-Oct	971	Kevin_Labrador		Sde-C_011	Buffer TL, Omega BioTek	2	Sde-C_011_dna-plate_e1	2	E	100	100	0		Sde-C_011_dna-plate_e2	2	E	100	100	0																5/29/2025	1	Kevin_Labrador	5	3					FALSE			
Sde-CMat_193	Sde-CMat_193-Ex1	Absolute EtOH	5/28/2025	Kevin_Labrador	5/28/2025	Matthieu_Barcak	20-Oct	971	Kevin_Labrador		Sde-C_011	Buffer TL, Omega BioTek	2	Sde-C_011_dna-plate_e1	2	F	100	100	0		Sde-C_011_dna-plate_e2	2	F	100	100	0																5/29/2025	1	Kevin_Labrador	5	4					FALSE			
Sde-CTlk_017	Sde-CTlk_017-Ex1	Absolute EtOH	5/28/2025	Kevin_Labrador	5/28/2025	Matthieu_Barcak	20-Oct	971	Kevin_Labrador		Sde-C_011	Buffer TL, Omega BioTek	2	Sde-C_011_dna-plate_e1	2	G	100	100	0		Sde-C_011_dna-plate_e2	2	G	100	100	0																5/29/2025	1	Kevin_Labrador	4	4					FALSE			
Sde-CMat_174	Sde-CMat_174-Ex1	Absolute EtOH	5/28/2025	Kevin_Labrador	5/28/2025	Matthieu_Barcak	20-Oct	971	Kevin_Labrador		Sde-C_011	Buffer TL, Omega BioTek	2	Sde-C_011_dna-plate_e1	2	H	100	100	0		Sde-C_011_dna-plate_e2	2	H	100	100	0																5/29/2025	1	Kevin_Labrador	3	4					FALSE			
Sde-CTlk_041	Sde-CTlk_041-Ex1	Absolute EtOH	5/28/2025	Kevin_Labrador	5/28/2025	Matthieu_Barcak	20-Oct	971	Kevin_Labrador		Sde-C_011	Buffer TL, Omega BioTek	2	Sde-C_011_dna-plate_e1	3	A	100	100	0		Sde-C_011_dna-plate_e2	3	A	100	100	0																5/29/2025	1	Kevin_Labrador	4	3					FALSE			
Sde-CMat_187	Sde-CMat_187-Ex1	Absolute EtOH	5/28/2025	Kevin_Labrador	5/28/2025	Matthieu_Barcak	20-Oct	971	Kevin_Labrador		Sde-C_011	Buffer TL, Omega BioTek	2	Sde-C_011_dna-plate_e1	3	B	100	100	0		Sde-C_011_dna-plate_e2	3	B	100	100	0																5/29/2025	1	Kevin_Labrador	3	2					FALSE			
Sde-CTlk_026	Sde-CTlk_026-Ex1	Absolute EtOH	5/28/2025	Kevin_Labrador	5/28/2025	Matthieu_Barcak	20-Oct	971	Kevin_Labrador		Sde-C_011	Buffer TL, Omega BioTek	2	Sde-C_011_dna-plate_e1	3	C	100	100	0		Sde-C_011_dna-plate_e2	3	C	100	100	0																5/29/2025	1	Kevin_Labrador	4	3					FALSE			
Sde-CMat_148	Sde-CMat_148-Ex1	Absolute EtOH	5/28/2025	Kevin_Labrador	5/28/2025	Matthieu_Barcak	20-Oct	971	Kevin_Labrador		Sde-C_011	Buffer TL, Omega BioTek	2	Sde-C_011_dna-plate_e1	3	D	100	100	0		Sde-C_011_dna-plate_e2	3	D	100	100	0																5/29/2025	1	Kevin_Labrador	4	2					FALSE			
Sde-CTlk_064	Sde-CTlk_064-Ex1	Absolute EtOH	5/28/2025	Kevin_Labrador	5/28/2025	Matthieu_Barcak	20-Oct	971	Kevin_Labrador		Sde-C_011	Buffer TL, Omega BioTek	2	Sde-C_011_dna-plate_e1	3	E	100	100	0		Sde-C_011_dna-plate_e2	3	E	100	100	0																5/29/2025	1	Kevin_Labrador	4	2					FALSE			
Sde-CMat_197	Sde-CMat_197-Ex1	Absolute EtOH	5/28/2025	Kevin_Labrador	5/28/2025	Matthieu_Barcak	20-Oct	971	Kevin_Labrador		Sde-C_011	Buffer TL, Omega BioTek	2	Sde-C_011_dna-plate_e1	3	F	100	100	0		Sde-C_011_dna-plate_e2	3	F	100	100	0																5/29/2025	1	Kevin_Labrador	5	4					FALSE			
Sde-CTlk_035	Sde-CTlk_035-Ex1	Absolute EtOH	5/28/2025	Kevin_Labrador	5/28/2025	Matthieu_Barcak	20-Oct	971	Kevin_Labrador		Sde-C_011	Buffer TL, Omega BioTek	2	Sde-C_011_dna-plate_e1	3	G	100	100	0		Sde-C_011_dna-plate_e2	3	G	100	100	0																5/29/2025	1	Kevin_Labrador	5	3					FALSE			
Sde-CMat_156	Sde-CMat_156-Ex1	Absolute EtOH	5/28/2025	Kevin_Labrador	5/28/2025	Matthieu_Barcak	20-Oct	971	Kevin_Labrador		Sde-C_011	Buffer TL, Omega BioTek	2	Sde-C_011_dna-plate_e1	3	H	100	100	0		Sde-C_011_dna-plate_e2	3	H	100	100	0																5/29/2025	1	Kevin_Labrador	4	2					FALSE			
Sde-CTlk_014	Sde-CTlk_014-Ex1	Absolute EtOH	5/28/2025	Kevin_Labrador	5/28/2025	Matthieu_Barcak	20-Oct	971	Kevin_Labrador		Sde-C_011	Buffer TL, Omega BioTek	2	Sde-C_011_dna-plate_e1	4	A	100	100	0		Sde-C_011_dna-plate_e2	4	A	100	100	0																5/29/2025	1	Kevin_Labrador	4	3					FALSE			
Sde-CMat_159	Sde-CMat_159-Ex1	Absolute EtOH	5/28/2025	Kevin_Labrador	5/28/2025	Matthieu_Barcak	20-Oct	971	Kevin_Labrador		Sde-C_011	Buffer TL, Omega BioTek	2	Sde-C_011_dna-plate_e1	4	B	100	100	0		Sde-C_011_dna-plate_e2	4	B	100	100	0																5/29/2025	1	Kevin_Labrador	5	2					FALSE			
Sde-CTlk_008	Sde-CTlk_008-Ex1	Absolute EtOH	5/28/2025	Kevin_Labrador	5/28/2025	Matthieu_Barcak	20-Oct	971	Kevin_Labrador		Sde-C_011	Buffer TL, Omega BioTek	2	Sde-C_011_dna-plate_e1	4	C	100	100	0		Sde-C_011_dna-plate_e2	4	C	100	100	0																5/29/2025	1	Kevin_Labrador	3	2					FALSE			
Sde-CMat_151	Sde-CMat_151-Ex1	Absolute EtOH	5/28/2025	Kevin_Labrador	5/28/2025	Matthieu_Barcak	20-Oct	971	Kevin_Labrador		Sde-C_011	Buffer TL, Omega BioTek	2	Sde-C_011_dna-plate_e1	4	D	100	100	0		Sde-C_011_dna-plate_e2	4	D	100	100	0																5/29/2025	1	Kevin_Labrador	3	3					FALSE			
Sde-CTlk_020	Sde-CTlk_020-Ex1	Absolute EtOH	5/28/2025	Kevin_Labrador	5/28/2025	Matthieu_Barcak	20-Oct	971	Kevin_Labrador		Sde-C_011	Buffer TL, Omega BioTek	2	Sde-C_011_dna-plate_e1	4	E	100	100	0		Sde-C_011_dna-plate_e2	4	E	100	100	0																5/29/2025	1	Kevin_Labrador	4	3					FALSE			
Sde-CMat_161	Sde-CMat_161-Ex1	Absolute EtOH	5/28/2025	Kevin_Labrador	5/28/2025	Matthieu_Barcak	20-Oct	971	Kevin_Labrador		Sde-C_011	Buffer TL, Omega BioTek	2	Sde-C_011_dna-plate_e1	4	F	100	100	0		Sde-C_011_dna-plate_e2	4	F	100	100	0																5/29/2025	1	Kevin_Labrador	5	3					FALSE			
Sde-CTlk_036	Sde-CTlk_036-Ex1	Absolute EtOH	5/28/2025	Kevin_Labrador	5/28/2025	Matthieu_Barcak	20-Oct	971	Kevin_Labrador		Sde-C_011	Buffer TL, Omega BioTek	2	Sde-C_011_dna-plate_e1	4	G	100	100	0		Sde-C_011_dna-plate_e2	4	G	100	100	0																5/29/2025	1	Kevin_Labrador	4	4					FALSE			
Sde-CMat_199	Sde-CMat_199-Ex1	Absolute EtOH	5/28/2025	Kevin_Labrador	5/28/2025	Matthieu_Barcak	20-Oct	971	Kevin_Labrador		Sde-C_011	Buffer TL, Omega BioTek	2	Sde-C_011_dna-plate_e1	4	H	100	100	0		Sde-C_011_dna-plate_e2	4	H	100	100	0																5/29/2025	1	Kevin_Labrador	4	4					FALSE			
Sde-CTlk_050	Sde-CTlk_050-Ex1	Absolute EtOH	5/28/2025	Kevin_Labrador	5/28/2025	Matthieu_Barcak	20-Oct	971	Kevin_Labrador		Sde-C_011	Buffer TL, Omega BioTek	2	Sde-C_011_dna-plate_e1	5	A	100	100	0		Sde-C_011_dna-plate_e2	5	A	100	100	0																5/29/2025	1	Kevin_Labrador	5	2					FALSE			
Sde-CMat_178	Sde-CMat_178-Ex1	Absolute EtOH	5/28/2025	Kevin_Labrador	5/28/2025	Matthieu_Barcak	20-Oct	971	Kevin_Labrador		Sde-C_011	Buffer TL, Omega BioTek	2	Sde-C_011_dna-plate_e1	5	B	100	100	0		Sde-C_011_dna-plate_e2	5	B	100	100	0																5/29/2025	1	Kevin_Labrador	4	2					FALSE			
Sde-CMat_175	Sde-CMat_175-Ex1	Absolute EtOH	5/28/2025	Kevin_Labrador	5/28/2025	Matthieu_Barcak	20-Oct	971	Kevin_Labrador		Sde-C_011	Buffer TL, Omega BioTek	2	Sde-C_011_dna-plate_e1	5	C	100	100	0		Sde-C_011_dna-plate_e2	5	C	100	100	0																5/29/2025	1	Kevin_Labrador	4	3					FALSE			
Sde-CTlk_022	Sde-CTlk_022-Ex1	Absolute EtOH	5/28/2025	Kevin_Labrador	5/28/2025	Matthieu_Barcak	20-Oct	971	Kevin_Labrador		Sde-C_011	Buffer TL, Omega BioTek	2	Sde-C_011_dna-plate_e1	5	D	100	100	0		Sde-C_011_dna-plate_e2	5	D	100	100	0																5/29/2025	1	Kevin_Labrador	5	4					FALSE			
Sde-CMat_180	Sde-CMat_180-Ex1	Absolute EtOH	5/28/2025	Kevin_Labrador	5/28/2025	Matthieu_Barcak	20-Oct	971	Kevin_Labrador		Sde-C_011	Buffer TL, Omega BioTek	2	Sde-C_011_dna-plate_e1	5	E	100	100	0		Sde-C_011_dna-plate_e2	5	E	100	100	0																5/29/2025	1	Kevin_Labrador	5	3					FALSE			
Sde-CTlk_097	Sde-CTlk_097-Ex1	Absolute EtOH	5/28/2025	Kevin_Labrador	5/28/2025	Matthieu_Barcak	20-Oct	971	Kevin_Labrador		Sde-C_011	Buffer TL, Omega BioTek	2	Sde-C_011_dna-plate_e1	5	F	100	100	0		Sde-C_011_dna-plate_e2	5	F	100	100	0																5/29/2025	1	Kevin_Labrador	4	4					FALSE			
Sde-CMat_190	Sde-CMat_190-Ex1	Absolute EtOH	5/28/2025	Kevin_Labrador	5/28/2025	Matthieu_Barcak	20-Oct	971	Kevin_Labrador		Sde-C_011	Buffer TL, Omega BioTek	2	Sde-C_011_dna-plate_e1	5	G	100	100	0		Sde-C_011_dna-plate_e2	5	G	100	100	0																5/29/2025	1	Kevin_Labrador	4	3					FALSE			
Sde-CTlk_057	Sde-CTlk_057-Ex1	Absolute EtOH	5/28/2025	Kevin_Labrador	5/28/2025	Matthieu_Barcak	20-Oct	971	Kevin_Labrador		Sde-C_011	Buffer TL, Omega BioTek	2	Sde-C_011_dna-plate_e1	5	H	100	100	0		Sde-C_011_dna-plate_e2	5	H	100	100	0																5/29/2025	1	Kevin_Labrador	5	3					FALSE			
Sde-CMat_147	Sde-CMat_147-Ex1	Absolute EtOH	5/28/2025	Kevin_Labrador	5/28/2025	Matthieu_Barcak	20-Oct	971	Kevin_Labrador		Sde-C_011	Buffer TL, Omega BioTek	2	Sde-C_011_dna-plate_e1	6	A	100	100	0		Sde-C_011_dna-plate_e2	6	A	100	100	0																5/29/2025	1	Kevin_Labrador	4	3					FALSE			
Sde-CTlk_075	Sde-CTlk_075-Ex1	Absolute EtOH	5/28/2025	Kevin_Labrador	5/28/2025	Matthieu_Barcak	20-Oct	971	Kevin_Labrador		Sde-C_011	Buffer TL, Omega BioTek	2	Sde-C_011_dna-plate_e1	6	B	100	100	0		Sde-C_011_dna-plate_e2	6	B	100	100	0																5/29/2025	1	Kevin_Labrador	5	5					FALSE			
Sde-CMat_182	Sde-CMat_182-Ex1	Absolute EtOH	5/28/2025	Kevin_Labrador	5/28/2025	Matthieu_Barcak	20-Oct	971	Kevin_Labrador		Sde-C_011	Buffer TL, Omega BioTek	2	Sde-C_011_dna-plate_e1	6	C	100	100	0		Sde-C_011_dna-plate_e2	6	C	100	100	0																5/29/2025	1	Kevin_Labrador	4	4					FALSE			
Sde-CTlk_056	Sde-CTlk_056-Ex1	Absolute EtOH	5/28/2025	Kevin_Labrador	5/28/2025	Matthieu_Barcak	20-Oct	971	Kevin_Labrador		Sde-C_011	Buffer TL, Omega BioTek	2	Sde-C_011_dna-plate_e1	6	D	100	100	0		Sde-C_011_dna-plate_e2	6	D	100	100	0																5/29/2025	1	Kevin_Labrador	4	2					FALSE			
Sde-CMat_168	Sde-CMat_168-Ex1	Absolute EtOH	5/28/2025	Kevin_Labrador	5/28/2025	Matthieu_Barcak	20-Oct	971	Kevin_Labrador		Sde-C_011	Buffer TL, Omega BioTek	2	Sde-C_011_dna-plate_e1	6	E	100	100	0		Sde-C_011_dna-plate_e2	6	E	100	100	0																5/29/2025	1	Kevin_Labrador	4	4					FALSE			
Sde-CTlk_065	Sde-CTlk_065-Ex1	Absolute EtOH	5/28/2025	Kevin_Labrador	5/28/2025	Matthieu_Barcak	20-Oct	971	Kevin_Labrador		Sde-C_011	Buffer TL, Omega BioTek	2	Sde-C_011_dna-plate_e1	6	F	100	100	0		Sde-C_011_dna-plate_e2	6	F	100	100	0																5/29/2025	1	Kevin_Labrador	5	5					FALSE			
Sde-CMat_191	Sde-CMat_191-Ex1	Absolute EtOH	5/28/2025	Kevin_Labrador	5/28/2025	Matthieu_Barcak	20-Oct	971	Kevin_Labrador		Sde-C_011	Buffer TL, Omega BioTek	2	Sde-C_011_dna-plate_e1	6	G	100	100	0		Sde-C_011_dna-plate_e2	6	G	100	100	0																5/29/2025	1	Kevin_Labrador	7	3					FALSE			
Sde-CTlk_096	Sde-CTlk_096-Ex1	Absolute EtOH	5/28/2025	Kevin_Labrador	5/28/2025	Matthieu_Barcak	20-Oct	971	Kevin_Labrador		Sde-C_011	Buffer TL, Omega BioTek	2	Sde-C_011_dna-plate_e1	6	H	100	100	0		Sde-C_011_dna-plate_e2	6	H	100	100	0																5/29/2025	1	Kevin_Labrador	5	2					FALSE			
Sde-CMat_171	Sde-CMat_171-Ex1	Absolute EtOH	5/28/2025	Kevin_Labrador	5/28/2025	Matthieu_Barcak	20-Oct	971	Kevin_Labrador		Sde-C_011	Buffer TL, Omega BioTek	2	Sde-C_011_dna-plate_e1	7	A	100	100	0		Sde-C_011_dna-plate_e2	7	A	100	100	0																5/29/2025	1	Kevin_Labrador	4	2					FALSE			
Sde-CTlk_009	Sde-CTlk_009-Ex1	Absolute EtOH	5/28/2025	Kevin_Labrador	5/28/2025	Matthieu_Barcak	20-Oct	971	Kevin_Labrador		Sde-C_011	Buffer TL, Omega BioTek	2	Sde-C_011_dna-plate_e1	7	B	100	100	0		Sde-C_011_dna-plate_e2	7	B	100	100	0																5/29/2025	1	Kevin_Labrador	4	2					FALSE			
Sde-CMat_172	Sde-CMat_172-Ex1	Absolute EtOH	5/28/2025	Kevin_Labrador	5/28/2025	Matthieu_Barcak	20-Oct	971	Kevin_Labrador		Sde-C_011	Buffer TL, Omega BioTek	2	Sde-C_011_dna-plate_e1	7	C	100	100	0		Sde-C_011_dna-plate_e2	7	C	100	100	0																5/29/2025	1	Kevin_Labrador	3	2					FALSE			
Sde-CTlk_028	Sde-CTlk_028-Ex1	Absolute EtOH	5/28/2025	Kevin_Labrador	5/28/2025	Matthieu_Barcak	20-Oct	971	Kevin_Labrador		Sde-C_011	Buffer TL, Omega BioTek	2	Sde-C_011_dna-plate_e1	7	D	100	100	0		Sde-C_011_dna-plate_e2	7	D	100	100	0																5/29/2025	1	Kevin_Labrador	4	2					FALSE			
Sde-CMat_157	Sde-CMat_157-Ex1	Absolute EtOH	5/28/2025	Kevin_Labrador	5/28/2025	Matthieu_Barcak	20-Oct	971	Kevin_Labrador		Sde-C_011	Buffer TL, Omega BioTek	2	Sde-C_011_dna-plate_e1	7	E	100	100	0		Sde-C_011_dna-plate_e2	7	E	100	100	0																5/29/2025	1	Kevin_Labrador	3	2					FALSE			
Sde-CTlk_037	Sde-CTlk_037-Ex1	Absolute EtOH	5/28/2025	Kevin_Labrador	5/28/2025	Matthieu_Barcak	20-Oct	971	Kevin_Labrador		Sde-C_011	Buffer TL, Omega BioTek	2	Sde-C_011_dna-plate_e1	7	F	100	100	0		Sde-C_011_dna-plate_e2	7	F	100	100	0																5/29/2025	1	Kevin_Labrador	4	1				Label was changed from 0007 to 0037	FALSE			
Sde-CMat_198	Sde-CMat_198-Ex1	Absolute EtOH	5/28/2025	Kevin_Labrador	5/28/2025	Matthieu_Barcak	20-Oct	971	Kevin_Labrador		Sde-C_011	Buffer TL, Omega BioTek	2	Sde-C_011_dna-plate_e1	7	G	100	100	0		Sde-C_011_dna-plate_e2	7	G	100	100	0																5/29/2025	1	Kevin_Labrador	5	2					FALSE			
Sde-CTlk_090	Sde-CTlk_090-Ex1	Absolute EtOH	5/28/2025	Kevin_Labrador	5/28/2025	Matthieu_Barcak	20-Oct	971	Kevin_Labrador		Sde-C_011	Buffer TL, Omega BioTek	2	Sde-C_011_dna-plate_e1	7	H	100	100	0		Sde-C_011_dna-plate_e2	7	H	100	100	0																5/29/2025	1	Kevin_Labrador	4	2					FALSE			
Sde-CMat_201	Sde-CMat_201-Ex1	Absolute EtOH	5/28/2025	Kevin_Labrador	5/28/2025	Matthieu_Barcak	20-Oct	971	Kevin_Labrador		Sde-C_011	Buffer TL, Omega BioTek	2	Sde-C_011_dna-plate_e1	8	A	100	100	0		Sde-C_011_dna-plate_e2	8	A	100	100	0																5/29/2025	1	Kevin_Labrador	4	3					FALSE			
Sde-CTlk_021	Sde-CTlk_021-Ex1	Absolute EtOH	5/28/2025	Kevin_Labrador	5/28/2025	Matthieu_Barcak	20-Oct	971	Kevin_Labrador		Sde-C_011	Buffer TL, Omega BioTek	2	Sde-C_011_dna-plate_e1	8	B	100	100	0		Sde-C_011_dna-plate_e2	8	B	100	100	0																5/29/2025	1	Kevin_Labrador	4	2					FALSE			
Sde-CTlk_076	Sde-CTlk_076-Ex1	Absolute EtOH	5/28/2025	Kevin_Labrador	5/28/2025	Matthieu_Barcak	20-Oct	971	Kevin_Labrador		Sde-C_011	Buffer TL, Omega BioTek	2	Sde-C_011_dna-plate_e1	8	C	100	100	0		Sde-C_011_dna-plate_e2	8	C	100	100	0																5/29/2025	1	Kevin_Labrador	4	2					FALSE			
Sde-CMat_185	Sde-CMat_185-Ex1	Absolute EtOH	5/28/2025	Kevin_Labrador	5/28/2025	Matthieu_Barcak	20-Oct	971	Kevin_Labrador		Sde-C_011	Buffer TL, Omega BioTek	2	Sde-C_011_dna-plate_e1	8	D	100	100	0		Sde-C_011_dna-plate_e2	8	D	100	100	0																5/29/2025	1	Kevin_Labrador	4	3					FALSE			
Sde-CTlk_023	Sde-CTlk_023-Ex1	Absolute EtOH	5/28/2025	Kevin_Labrador	5/28/2025	Matthieu_Barcak	20-Oct	971	Kevin_Labrador		Sde-C_011	Buffer TL, Omega BioTek	2	Sde-C_011_dna-plate_e1	8	E	100	100	0		Sde-C_011_dna-plate_e2	8	E	100	100	0																5/29/2025	1	Kevin_Labrador	4	4					FALSE			
Sde-CMat_149	Sde-CMat_149-Ex1	Absolute EtOH	5/28/2025	Kevin_Labrador	5/28/2025	Matthieu_Barcak	20-Oct	971	Kevin_Labrador		Sde-C_011	Buffer TL, Omega BioTek	2	Sde-C_011_dna-plate_e1	8	F	100	100	0		Sde-C_011_dna-plate_e2	8	F	100	100	0																5/29/2025	1	Kevin_Labrador	4	3					FALSE			
Sde-CTlk_030	Sde-CTlk_030-Ex1	Absolute EtOH	5/28/2025	Kevin_Labrador	5/28/2025	Matthieu_Barcak	20-Oct	971	Kevin_Labrador		Sde-C_011	Buffer TL, Omega BioTek	2	Sde-C_011_dna-plate_e1	8	G	100	100	0		Sde-C_011_dna-plate_e2	8	G	100	100	0																5/29/2025	1	Kevin_Labrador	4	2					FALSE			
Sde-CMat_173	Sde-CMat_173-Ex1	Absolute EtOH	5/28/2025	Kevin_Labrador	5/28/2025	Matthieu_Barcak	20-Oct	971	Kevin_Labrador		Sde-C_011	Buffer TL, Omega BioTek	2	Sde-C_011_dna-plate_e1	8	H	100	100	0		Sde-C_011_dna-plate_e2	8	H	100	100	0																5/29/2025	1	Kevin_Labrador	4	3					FALSE			
Sde-CTlk_084	Sde-CTlk_084-Ex1	Absolute EtOH	5/28/2025	Kevin_Labrador	5/28/2025	Kevin_Labrador	20-Oct	971	Kevin_Labrador		Sde-C_011	Buffer TL, Omega BioTek	2	Sde-C_011_dna-plate_e1	9	A	100	100	0		Sde-C_011_dna-plate_e2	9	A	100	100	0																5/29/2025	1	Kevin_Labrador	4	2					FALSE			
Sde-CMat_160	Sde-CMat_160-Ex1	Absolute EtOH	5/28/2025	Kevin_Labrador	5/28/2025	Kevin_Labrador	20-Oct	971	Kevin_Labrador		Sde-C_011	Buffer TL, Omega BioTek	2	Sde-C_011_dna-plate_e1	9	B	100	100	0		Sde-C_011_dna-plate_e2	9	B	100	100	0																5/29/2025	1	Kevin_Labrador	4	2					FALSE			
Sde-CTlk_098	Sde-CTlk_098-Ex1	Absolute EtOH	5/28/2025	Kevin_Labrador	5/28/2025	Kevin_Labrador	20-Oct	971	Kevin_Labrador		Sde-C_011	Buffer TL, Omega BioTek	2	Sde-C_011_dna-plate_e1	9	C	100	100	0		Sde-C_011_dna-plate_e2	9	C	100	100	0																5/29/2025	1	Kevin_Labrador	4	2					FALSE			
Sde-CMat_166	Sde-CMat_166-Ex1	Absolute EtOH	5/28/2025	Kevin_Labrador	5/28/2025	Kevin_Labrador	20-Oct	971	Kevin_Labrador		Sde-C_011	Buffer TL, Omega BioTek	2	Sde-C_011_dna-plate_e1	9	D	100	100	0		Sde-C_011_dna-plate_e2	9	D	100	100	0																5/29/2025	1	Kevin_Labrador	4	2					FALSE			
Sde-CTlk_043	Sde-CTlk_043-Ex1	Absolute EtOH	5/28/2025	Kevin_Labrador	5/28/2025	Kevin_Labrador	20-Oct	971	Kevin_Labrador		Sde-C_011	Buffer TL, Omega BioTek	2	Sde-C_011_dna-plate_e1	9	E	100	100	0		Sde-C_011_dna-plate_e2	9	E	100	100	0																5/29/2025	1	Kevin_Labrador	5	5					FALSE			
Sde-CMat_155	Sde-CMat_155-Ex1	Absolute EtOH	5/28/2025	Kevin_Labrador	5/28/2025	Kevin_Labrador	20-Oct	971	Kevin_Labrador		Sde-C_011	Buffer TL, Omega BioTek	2	Sde-C_011_dna-plate_e1	9	F	100	100	0		Sde-C_011_dna-plate_e2	9	F	100	100	0																5/29/2025	1	Kevin_Labrador	5	5					FALSE			
Sde-CTlk_005	Sde-CTlk_005-Ex1	Absolute EtOH	5/28/2025	Kevin_Labrador	5/28/2025	Kevin_Labrador	20-Oct	971	Kevin_Labrador		Sde-C_011	Buffer TL, Omega BioTek	2	Sde-C_011_dna-plate_e1	9	G	100	100	0		Sde-C_011_dna-plate_e2	9	G	100	100	0																5/29/2025	1	Kevin_Labrador	5	4				Label was changed from 0X05 to 0005	FALSE			
Sde-CMat_120	Sde-CMat_120-Ex1	Absolute EtOH	5/28/2025	Kevin_Labrador	5/28/2025	Kevin_Labrador	20-Oct	971	Kevin_Labrador		Sde-C_011	Buffer TL, Omega BioTek	2	Sde-C_011_dna-plate_e1	9	H	100	100	0		Sde-C_011_dna-plate_e2	9	H	100	100	0																5/29/2025	1	Kevin_Labrador	4	2				Label cannot be inserted inside the fish after tissue extraction; label placed outside.	FALSE			
Sde-CTlk_039	Sde-CTlk_039-Ex1	Absolute EtOH	5/28/2025	Kevin_Labrador	5/28/2025	Kevin_Labrador	20-Oct	971	Kevin_Labrador		Sde-C_011	Buffer TL, Omega BioTek	2	Sde-C_011_dna-plate_e1	10	A	100	100	0		Sde-C_011_dna-plate_e2	10	A	100	100	0																5/29/2025	1	Kevin_Labrador	5	4					FALSE			
Sde-CMat_186	Sde-CMat_186-Ex1	Absolute EtOH	5/28/2025	Kevin_Labrador	5/28/2025	Kevin_Labrador	20-Oct	971	Kevin_Labrador		Sde-C_011	Buffer TL, Omega BioTek	2	Sde-C_011_dna-plate_e1	10	B	100	100	0		Sde-C_011_dna-plate_e2	10	B	100	100	0																5/29/2025	1	Kevin_Labrador	4	4					FALSE			
Sde-CTlk_034	Sde-CTlk_034-Ex1	Absolute EtOH	5/28/2025	Kevin_Labrador	5/28/2025	Kevin_Labrador	20-Oct	971	Kevin_Labrador		Sde-C_011	Buffer TL, Omega BioTek	2	Sde-C_011_dna-plate_e1	10	C	100	100	0		Sde-C_011_dna-plate_e2	10	C	100	100	0																5/29/2025	1	Kevin_Labrador	5	3					FALSE			
Sde-CMat_170	Sde-CMat_170-Ex1	Absolute EtOH	5/28/2025	Kevin_Labrador	5/28/2025	Kevin_Labrador	20-Oct	971	Kevin_Labrador		Sde-C_011	Buffer TL, Omega BioTek	2	Sde-C_011_dna-plate_e1	10	D	100	100	0		Sde-C_011_dna-plate_e2	10	D	100	100	0																5/29/2025	1	Kevin_Labrador	4	3					FALSE			
Sde-CTlk_072	Sde-CTlk_072-Ex1	Absolute EtOH	5/28/2025	Kevin_Labrador	5/28/2025	Kevin_Labrador	20-Oct	971	Kevin_Labrador		Sde-C_011	Buffer TL, Omega BioTek	2	Sde-C_011_dna-plate_e1	10	E	100	100	0		Sde-C_011_dna-plate_e2	10	E	100	100	0																5/29/2025	1	Kevin_Labrador	3	2					FALSE			
Sde-CMat_153	Sde-CMat_153-Ex1	Absolute EtOH	5/28/2025	Kevin_Labrador	5/28/2025	Kevin_Labrador	20-Oct	971	Kevin_Labrador		Sde-C_011	Buffer TL, Omega BioTek	2	Sde-C_011_dna-plate_e1	10	F	100	100	0		Sde-C_011_dna-plate_e2	10	F	100	100	0																5/29/2025	1	Kevin_Labrador	3	3					FALSE			
Sde-CTlk_012	Sde-CTlk_012-Ex1	Absolute EtOH	5/28/2025	Kevin_Labrador	5/28/2025	Kevin_Labrador	20-Oct	971	Kevin_Labrador		Sde-C_011	Buffer TL, Omega BioTek	2	Sde-C_011_dna-plate_e1	10	G	100	100	0		Sde-C_011_dna-plate_e2	10	G	100	100	0																5/29/2025	1	Kevin_Labrador	5	4					FALSE			
Sde-CMat_169	Sde-CMat_169-Ex1	Absolute EtOH	5/28/2025	Kevin_Labrador	5/28/2025	Kevin_Labrador	20-Oct	971	Kevin_Labrador		Sde-C_011	Buffer TL, Omega BioTek	2	Sde-C_011_dna-plate_e1	10	H	100	100	0		Sde-C_011_dna-plate_e2	10	H	100	100	0																5/29/2025	1	Kevin_Labrador	4	3					FALSE			
Sde-CTlk_062	Sde-CTlk_062-Ex1	Absolute EtOH	5/28/2025	Kevin_Labrador	5/28/2025	Kevin_Labrador	20-Oct	971	Kevin_Labrador		Sde-C_011	Buffer TL, Omega BioTek	2	Sde-C_011_dna-plate_e1	11	A	100	100	0		Sde-C_011_dna-plate_e2	11	A	100	100	0																5/29/2025	1	Kevin_Labrador	5	2					FALSE			
Sde-CMat_142	Sde-CMat_142-Ex1	Absolute EtOH	5/28/2025	Kevin_Labrador	5/28/2025	Kevin_Labrador	20-Oct	971	Kevin_Labrador		Sde-C_011	Buffer TL, Omega BioTek	2	Sde-C_011_dna-plate_e1	11	B	100	100	0		Sde-C_011_dna-plate_e2	11	B	100	100	0																5/29/2025	1	Kevin_Labrador	4	2					FALSE			
Sde-CTlk_092	Sde-CTlk_092-Ex1	Absolute EtOH	5/28/2025	Kevin_Labrador	5/28/2025	Kevin_Labrador	20-Oct	971	Kevin_Labrador		Sde-C_011	Buffer TL, Omega BioTek	2	Sde-C_011_dna-plate_e1	11	C	100	100	0		Sde-C_011_dna-plate_e2	11	C	100	100	0																5/29/2025	1	Kevin_Labrador	5	2					FALSE			
Sde-CMat_192	Sde-CMat_192-Ex1	Absolute EtOH	5/28/2025	Kevin_Labrador	5/28/2025	Kevin_Labrador	20-Oct	971	Kevin_Labrador		Sde-C_011	Buffer TL, Omega BioTek	2	Sde-C_011_dna-plate_e1	11	D	100	100	0		Sde-C_011_dna-plate_e2	11	D	100	100	0																5/29/2025	1	Kevin_Labrador	4	2				Fish sample cut in half.	FALSE			
Sde-CTlk_051	Sde-CTlk_051-Ex1	Absolute EtOH	5/28/2025	Kevin_Labrador	5/28/2025	Kevin_Labrador	20-Oct	971	Kevin_Labrador		Sde-C_011	Buffer TL, Omega BioTek	2	Sde-C_011_dna-plate_e1	11	E	100	100	0		Sde-C_011_dna-plate_e2	11	E	100	100	0																5/29/2025	1	Kevin_Labrador	3	2					FALSE			
Sde-CMat_181	Sde-CMat_181-Ex1	Absolute EtOH	5/28/2025	Kevin_Labrador	5/28/2025	Kevin_Labrador	20-Oct	971	Kevin_Labrador		Sde-C_011	Buffer TL, Omega BioTek	2	Sde-C_011_dna-plate_e1	11	F	100	100	0		Sde-C_011_dna-plate_e2	11	F	100	100	0																5/29/2025	1	Kevin_Labrador	5	4					FALSE			
Sde-CTlk_058	Sde-CTlk_058-Ex1	Absolute EtOH	5/28/2025	Kevin_Labrador	5/28/2025	Kevin_Labrador	20-Oct	971	Kevin_Labrador		Sde-C_011	Buffer TL, Omega BioTek	2	Sde-C_011_dna-plate_e1	11	G	100	100	0		Sde-C_011_dna-plate_e2	11	G	100	100	0																5/29/2025	1	Kevin_Labrador	5	3					FALSE			
Sde-CMat_150	Sde-CMat_150-Ex1	Absolute EtOH	5/28/2025	Kevin_Labrador	5/28/2025	Kevin_Labrador	20-Oct	971	Kevin_Labrador		Sde-C_011	Buffer TL, Omega BioTek	2	Sde-C_011_dna-plate_e1	11	H	100	100	0		Sde-C_011_dna-plate_e2	11	H	100	100	0																5/29/2025	1	Kevin_Labrador	4	2					FALSE			
Sde-CTlk_055	Sde-CTlk_055-Ex1	Absolute EtOH	5/28/2025	Kevin_Labrador	5/28/2025	Kevin_Labrador	20-Oct	971	Kevin_Labrador		Sde-C_011	Buffer TL, Omega BioTek	2	Sde-C_011_dna-plate_e1	12	A	100	100	0		Sde-C_011_dna-plate_e2	12	A	100	100	0																5/29/2025	1	Kevin_Labrador	5	4					FALSE			
Sde-CMat_184	Sde-CMat_184-Ex1	Absolute EtOH	5/28/2025	Kevin_Labrador	5/28/2025	Kevin_Labrador	20-Oct	971	Kevin_Labrador		Sde-C_011	Buffer TL, Omega BioTek	2	Sde-C_011_dna-plate_e1	12	B	100	100	0		Sde-C_011_dna-plate_e2	12	B	100	100	0																5/29/2025	1	Kevin_Labrador	4	3					FALSE			
Sde-CTlk_013	Sde-CTlk_013-Ex1	Absolute EtOH	5/28/2025	Kevin_Labrador	5/28/2025	Kevin_Labrador	20-Oct	971	Kevin_Labrador		Sde-C_011	Buffer TL, Omega BioTek	2	Sde-C_011_dna-plate_e1	12	C	100	100	0		Sde-C_011_dna-plate_e2	12	C	100	100	0																5/29/2025	1	Kevin_Labrador	4	4				Label was changed from 0048 to 0013; sample used as trial for organ extraction; otolith not extracted	FALSE			
Sde-CMat_196	Sde-CMat_196-Ex1	Absolute EtOH	5/28/2025	Kevin_Labrador	5/28/2025	Kevin_Labrador	20-Oct	971	Kevin_Labrador		Sde-C_011	Buffer TL, Omega BioTek	2	Sde-C_011_dna-plate_e1	12	D	100	100	0		Sde-C_011_dna-plate_e2	12	D	100	100	0																5/29/2025	1	Kevin_Labrador	4	4					FALSE			
Sde-CTlk_094	Sde-CTlk_094-Ex1	Absolute EtOH	5/28/2025	Kevin_Labrador	5/28/2025	Kevin_Labrador	20-Oct	971	Kevin_Labrador		Sde-C_011	Buffer TL, Omega BioTek	2	Sde-C_011_dna-plate_e1	12	E	100	100	0		Sde-C_011_dna-plate_e2	12	E	100	100	0																5/29/2025	1	Kevin_Labrador	4	4					FALSE			
Sde-CMat_194	Sde-CMat_194-Ex1	Absolute EtOH	5/28/2025	Kevin_Labrador	5/28/2025	Kevin_Labrador	20-Oct	971	Kevin_Labrador		Sde-C_011	Buffer TL, Omega BioTek	2	Sde-C_011_dna-plate_e1	12	F	100	100	0		Sde-C_011_dna-plate_e2	12	F	100	100	0																5/29/2025	1	Kevin_Labrador	4	3					FALSE			
Sde-CTlk_093	Sde-CTlk_093-Ex1	Absolute EtOH	5/28/2025	Kevin_Labrador	5/28/2025	Kevin_Labrador	20-Oct	971	Kevin_Labrador		Sde-C_011	Buffer TL, Omega BioTek	2	Sde-C_011_dna-plate_e1	12	G	100	100	0		Sde-C_011_dna-plate_e2	12	G	100	100	0																5/29/2025	1	Kevin_Labrador	4	3					FALSE			
Sde-CMat_179	Sde-CMat_179-Ex1	Absolute EtOH	5/28/2025	Kevin_Labrador	5/28/2025	Kevin_Labrador	20-Oct	971	Kevin_Labrador		Sde-C_011	Buffer TL, Omega BioTek	2	Sde-C_011_dna-plate_e1	12	H	100	100	0		Sde-C_011_dna-plate_e2	12	H	100	100	0																5/29/2025	1	Kevin_Labrador	5	4					FALSE			
