individual_id	tissue_id	extraction_id	storage_solution	date_subsampling	subsampler	date_extracting	tube_stuffer	mg_tissue_extracted	digestion_min	extractor	extraction_tubeid	plateid	elution_buffer	num_elutions	elution1_plateid	elution1_plate_column	elution1_plate_row	elution1_total_volume_ul	elution1_vol_for_tamucc	elution1_vol_for_odu	elution1_nanodrop_ng_ul	elution2_plateid	elution2_plate_column	elution2_plate_row	elution2_total_volume_ul	elution2_vol_for_tamucc	elution2_vol_for_odu	elution2_nanodrop_ng_ul	elution3_plateid	elution3_plate_column	elution3_plate_row	elution3_total_volume_ul	elution3_vol_for_tamucc	elution3_vol_for_odu	elution3_nanodrop_ng_ul	elution4_plateid	elution4_plate_column	elution4_plate_row	elution4_total_volume_ul	elution4_vol_for_tamucc	elution4_vol_for_odu	elution4_nanodrop_ng_ul	date_gelled_odu	odu_volume_gelled_ul	odu_gel_jockey	elution1_gel_score_tamucc	elution2_gel_score_tamucc	elution3_gel_score_tamucc	elution4_gel_score_tamucc	elution_used	notes	correction_applied	correction_id	correction_details	correction_date
Sde-CPla_003	Sde-C-0310-E	Sde-CPla_003-Ex1	Absolute EtOH	N/A	N/A	11/3/2025	Laurel_Weeks	10-20	1210	Laurel_Weeks	N/A	Sde-C_012	Buffer TL, Omega BioTek	2	Sde-C_012-DNA-Plate_E1	5	F	100	100	0		Sde-C_012-DNA-Plate_E2	5	F	100	100	0		N/A		N/A					N/A		N/A					11/5/2025	1	Laurel_Weeks	7	1					FALSE			
Sde-CBau_005	Sde-C-0210-E	Sde-CBau_005-Ex1	Absolute EtOH	N/A	N/A	11/3/2025	Laurel_Weeks	10-20	1210	Laurel_Weeks	N/A	Sde-C_012	Buffer TL, Omega BioTek	2	Sde-C_012-DNA-Plate_E1	2	E	100	100	0		Sde-C_012-DNA-Plate_E2	2	E	100	100	0		N/A		N/A					N/A		N/A					11/5/2025	1	Laurel_Weeks	7	2					FALSE			
Sde-CLim_007	Sde-C-0425-E	Sde-CLim_007-Ex1	Absolute EtOH	N/A	N/A	11/3/2025	Laurel_Weeks	10-20	1210	Laurel_Weeks	N/A	Sde-C_012	Buffer TL, Omega BioTek	2	Sde-C_012-DNA-Plate_E1	5	H	100	100	0		Sde-C_012-DNA-Plate_E2	5	H	100	100	0		N/A		N/A					N/A		N/A					11/5/2025	1	Laurel_Weeks	7	1					FALSE			
Sde-CBau_008	Sde-C-0213-E	Sde-CBau_008-Ex1	Absolute EtOH	N/A	N/A	11/3/2025	Laurel_Weeks	10-20	1210	Shyla_Molhussen	N/A	Sde-C_012	Buffer TL, Omega BioTek	2	Sde-C_012-DNA-Plate_E1	7	E	100	100	0		Sde-C_012-DNA-Plate_E2	7	E	100	100	0		N/A		N/A					N/A		N/A					11/5/2025	1	Laurel_Weeks	7	1					FALSE			
Sde-CPla_009	Sde-C-0316-E	Sde-CPla_009-Ex1	Absolute EtOH	N/A	N/A	11/3/2025	Laurel_Weeks	10-20	1210	Lauren_Knight	N/A	Sde-C_012	Buffer TL, Omega BioTek	2	Sde-C_012-DNA-Plate_E1	1	D	100	100	0		Sde-C_012-DNA-Plate_E2	1	D	100	100	0		N/A		N/A					N/A		N/A					11/5/2025	1	Laurel_Weeks	7	5					FALSE			
Sde-CBau_011	Sde-C-0216-E	Sde-CBau_011-Ex1	Absolute EtOH	N/A	N/A	11/3/2025	Laurel_Weeks	10-20	1210	Lindsey_Woodward	N/A	Sde-C_012	Buffer TL, Omega BioTek	2	Sde-C_012-DNA-Plate_E1	3	C	100	100	0		Sde-C_012-DNA-Plate_E2	3	C	100	100	0		N/A		N/A					N/A		N/A					11/5/2025	1	Laurel_Weeks	4	5					FALSE			
Sde-CLim_014	Sde-C-0432-E	Sde-CLim_014-Ex1	Absolute EtOH	N/A	N/A	11/3/2025	Laurel_Weeks	10-20	1210	Shyla_Molhussen	N/A	Sde-C_012	Buffer TL, Omega BioTek	2	Sde-C_012-DNA-Plate_E1	5	E	100	100	0		Sde-C_012-DNA-Plate_E2	5	E	100	100	0		N/A		N/A					N/A		N/A					11/5/2025	1	Laurel_Weeks	7	4					FALSE			
Sde-CLim_015	Sde-C-0433-E	Sde-CLim_015-Ex1	Absolute EtOH	N/A	N/A	11/3/2025	Laurel_Weeks	10-20	1210	Lindsey_Woodward	N/A	Sde-C_012	Buffer TL, Omega BioTek	2	Sde-C_012-DNA-Plate_E1	12	G	100	100	0		Sde-C_012-DNA-Plate_E2	12	G	100	100	0		N/A		N/A					N/A		N/A					11/5/2025	1	Laurel_Weeks	7	2					FALSE			
Sde-CPla_016	Sde-C-0323-E	Sde-CPla_016-Ex1	Absolute EtOH	N/A	N/A	11/3/2025	Laurel_Weeks	10-20	1210	Lindsey_Woodward	N/A	Sde-C_012	Buffer TL, Omega BioTek	2	Sde-C_012-DNA-Plate_E1	8	B	100	100	0		Sde-C_012-DNA-Plate_E2	8	B	100	100	0		N/A		N/A					N/A		N/A					11/5/2025	1	Laurel_Weeks	7	4					FALSE			
Sde-CPla_017	Sde-C-0324-E	Sde-CPla_017-Ex1	Absolute EtOH	N/A	N/A	11/3/2025	Laurel_Weeks	10-20	1210	Laurel_Weeks	N/A	Sde-C_012	Buffer TL, Omega BioTek	2	Sde-C_012-DNA-Plate_E1	2	B	100	100	0		Sde-C_012-DNA-Plate_E2	2	B	100	100	0		N/A		N/A					N/A		N/A					11/5/2025	1	Laurel_Weeks	7	4					FALSE			
Sde-CBau_017	Sde-C-0222-E	Sde-CBau_017-Ex1	Absolute EtOH	N/A	N/A	11/3/2025	Laurel_Weeks	10-20	1210	Laurel_Weeks	N/A	Sde-C_012	Buffer TL, Omega BioTek	2	Sde-C_012-DNA-Plate_E1	9	C	100	100	0		Sde-C_012-DNA-Plate_E2	9	C	100	100	0		N/A		N/A					N/A		N/A					11/5/2025	1	Laurel_Weeks	7	3.5					FALSE			
Sde-CLim_017	Sde-C-0435-E	Sde-CLim_017-Ex1	Absolute EtOH	N/A	N/A	11/3/2025	Laurel_Weeks	10-20	1210	Laurel_Weeks	N/A	Sde-C_012	Buffer TL, Omega BioTek	2	Sde-C_012-DNA-Plate_E1	11	G	100	100	0		Sde-C_012-DNA-Plate_E2	11	G	100	100	0		N/A		N/A					N/A		N/A					11/5/2025	1	Laurel_Weeks	4	4					FALSE			
Sde-CBau_019	Sde-C-0224-E	Sde-CBau_019-Ex1	Absolute EtOH	N/A	N/A	11/3/2025	Laurel_Weeks	10-20	1210	Lindsey_Woodward	N/A	Sde-C_012	Buffer TL, Omega BioTek	2	Sde-C_012-DNA-Plate_E1	11	H	100	100	0		Sde-C_012-DNA-Plate_E2	11	H	100	100	0		N/A		N/A					N/A		N/A					11/5/2025	1	Laurel_Weeks	4	2					FALSE			
Sde-CLim_020	Sde-C-0438-E	Sde-CLim_020-Ex1	Absolute EtOH	N/A	N/A	11/3/2025	Laurel_Weeks	10-20	1210	Laurel_Weeks	N/A	Sde-C_012	Buffer TL, Omega BioTek	2	Sde-C_012-DNA-Plate_E1	5	D	100	100	0		Sde-C_012-DNA-Plate_E2	5	D	100	100	0		N/A		N/A					N/A		N/A					11/5/2025	1	Laurel_Weeks	4	1					FALSE			
Sde-CPla_020	Sde-C-0327-E	Sde-CPla_020-Ex1	Absolute EtOH	N/A	N/A	11/3/2025	Laurel_Weeks	10-20	1210	Lindsey_Woodward	N/A	Sde-C_012	Buffer TL, Omega BioTek	2	Sde-C_012-DNA-Plate_E1	12	A	100	100	0		Sde-C_012-DNA-Plate_E2	12	A	100	100	0		N/A		N/A					N/A		N/A					11/5/2025	1	Laurel_Weeks	7	4					FALSE			
Sde-CBau_022	Sde-C-0227-E	Sde-CBau_022-Ex1	Absolute EtOH	N/A	N/A	11/3/2025	Laurel_Weeks	10-20	1210	Laurel_Weeks	N/A	Sde-C_012	Buffer TL, Omega BioTek	2	Sde-C_012-DNA-Plate_E1	2	C	100	100	0		Sde-C_012-DNA-Plate_E2	2	C	100	100	0		N/A		N/A					N/A		N/A					11/5/2025	1	Laurel_Weeks	7	1					FALSE			
Sde-CPla_023	Sde-C-0330-E	Sde-CPla_023-Ex1	Absolute EtOH	N/A	N/A	11/3/2025	Laurel_Weeks	10-20	1210	Lindsey_Woodward	N/A	Sde-C_012	Buffer TL, Omega BioTek	2	Sde-C_012-DNA-Plate_E1	3	G	100	100	0		Sde-C_012-DNA-Plate_E2	3	G	100	100	0		N/A		N/A					N/A		N/A					11/5/2025	1	Laurel_Weeks	4	2					FALSE			
Sde-CBau_023	Sde-C-0228-E	Sde-CBau_023-Ex1	Absolute EtOH	N/A	N/A	11/3/2025	Laurel_Weeks	10-20	1210	Lindsey_Woodward	N/A	Sde-C_012	Buffer TL, Omega BioTek	2	Sde-C_012-DNA-Plate_E1	4	D	100	100	0		Sde-C_012-DNA-Plate_E2	4	D	100	100	0		N/A		N/A					N/A		N/A					11/5/2025	1	Laurel_Weeks	7	5					FALSE			
Sde-CBau_024	Sde-C-0229-E	Sde-CBau_024-Ex1	Absolute EtOH	N/A	N/A	11/3/2025	Laurel_Weeks	10-20	1210	Shyla_Molhussen	N/A	Sde-C_012	Buffer TL, Omega BioTek	2	Sde-C_012-DNA-Plate_E1	7	G	100	100	0		Sde-C_012-DNA-Plate_E2	7	G	100	100	0		N/A		N/A					N/A		N/A					11/5/2025	1	Laurel_Weeks	7	5					FALSE			
Sde-CPla_025	Sde-C-0332-E	Sde-CPla_025-Ex1	Absolute EtOH	N/A	N/A	11/3/2025	Laurel_Weeks	10-20	1210	Laurel_Weeks	N/A	Sde-C_012	Buffer TL, Omega BioTek	2	Sde-C_012-DNA-Plate_E1	6	F	100	100	0		Sde-C_012-DNA-Plate_E2	6	F	100	100	0		N/A		N/A					N/A		N/A					11/5/2025	1	Laurel_Weeks	7	4					FALSE			
Sde-CLim_028	Sde-C-0446-E	Sde-CLim_028-Ex1	Absolute EtOH	N/A	N/A	11/3/2025	Laurel_Weeks	10-20	1210	Laurel_Weeks	N/A	Sde-C_012	Buffer TL, Omega BioTek	2	Sde-C_012-DNA-Plate_E1	7	D	100	100	0		Sde-C_012-DNA-Plate_E2	7	D	100	100	0		N/A		N/A					N/A		N/A					11/5/2025	1	Laurel_Weeks	7	4					FALSE			
Sde-CPla_029	Sde-C-0336-E	Sde-CPla_029-Ex1	Absolute EtOH	N/A	N/A	11/3/2025	Laurel_Weeks	10-20	1210	Lindsey_Woodward	N/A	Sde-C_012	Buffer TL, Omega BioTek	2	Sde-C_012-DNA-Plate_E1	1	B	100	100	0		Sde-C_012-DNA-Plate_E2	1	B	100	100	0		N/A		N/A					N/A		N/A					11/5/2025	1	Laurel_Weeks	7	4					FALSE			
Sde-CBau_029	Sde-C-0234-E	Sde-CBau_029-Ex1	Absolute EtOH	N/A	N/A	11/3/2025	Laurel_Weeks	10-20	1210	Lindsey_Woodward	N/A	Sde-C_012	Buffer TL, Omega BioTek	2	Sde-C_012-DNA-Plate_E1	9	G	100	100	0		Sde-C_012-DNA-Plate_E2	9	G	100	100	0		N/A		N/A					N/A		N/A					11/5/2025	1	Laurel_Weeks	4	3.5					FALSE			
Sde-CLim_030	Sde-C-0448-E	Sde-CLim_030-Ex1	Absolute EtOH	N/A	N/A	11/3/2025	Laurel_Weeks	10-20	1210	Lindsey_Woodward	N/A	Sde-C_012	Buffer TL, Omega BioTek	2	Sde-C_012-DNA-Plate_E1	11	C	100	100	0		Sde-C_012-DNA-Plate_E2	11	C	100	100	0		N/A		N/A					N/A		N/A					11/5/2025	1	Laurel_Weeks	7	4					FALSE			
Sde-CPla_031	Sde-C-0338-E	Sde-CPla_031-Ex1	Absolute EtOH	N/A	N/A	11/3/2025	Laurel_Weeks	10-20	1210	Laurel_Weeks	N/A	Sde-C_012	Buffer TL, Omega BioTek	2	Sde-C_012-DNA-Plate_E1	12	F	100	100	0		Sde-C_012-DNA-Plate_E2	12	F	100	100	0		N/A		N/A					N/A		N/A					11/5/2025	1	Laurel_Weeks	7	2					FALSE			
Sde-CPla_033	Sde-C-0340-E	Sde-CPla_033-Ex1	Absolute EtOH	N/A	N/A	11/3/2025	Laurel_Weeks	10-20	1210	Shyla_Molhussen	N/A	Sde-C_012	Buffer TL, Omega BioTek	2	Sde-C_012-DNA-Plate_E1	6	H	100	100	0		Sde-C_012-DNA-Plate_E2	6	H	100	100	0		N/A		N/A					N/A		N/A					11/5/2025	1	Laurel_Weeks	7	4					FALSE			
Sde-CBau_033	Sde-C-0238-E	Sde-CBau_033-Ex1	Absolute EtOH	N/A	N/A	11/3/2025	Laurel_Weeks	10-20	1210	Lindsey_Woodward	N/A	Sde-C_012	Buffer TL, Omega BioTek	2	Sde-C_012-DNA-Plate_E1	11	A	100	100	0		Sde-C_012-DNA-Plate_E2	11	A	100	100	0		N/A		N/A					N/A		N/A					11/5/2025	1	Laurel_Weeks	4	4					FALSE			
Sde-CBau_034	Sde-C-0239-E	Sde-CBau_034-Ex1	Absolute EtOH	N/A	N/A	11/3/2025	Laurel_Weeks	10-20	1210	Laurel_Weeks	N/A	Sde-C_012	Buffer TL, Omega BioTek	2	Sde-C_012-DNA-Plate_E1	2	F	100	100	0		Sde-C_012-DNA-Plate_E2	2	F	100	100	0		N/A		N/A					N/A		N/A					11/5/2025	1	Laurel_Weeks	7	5					FALSE			
Sde-CBau_035	Sde-C-0240-E	Sde-CBau_035-Ex1	Absolute EtOH	N/A	N/A	11/3/2025	Laurel_Weeks	10-20	1210	Lindsey_Woodward	N/A	Sde-C_012	Buffer TL, Omega BioTek	2	Sde-C_012-DNA-Plate_E1	11	B	100	100	0		Sde-C_012-DNA-Plate_E2	11	B	100	100	0		N/A		N/A					N/A		N/A					11/5/2025	1	Laurel_Weeks	7	4					FALSE			
Sde-CPla_036	Sde-C-0343-E	Sde-CPla_036-Ex1	Absolute EtOH	N/A	N/A	11/3/2025	Laurel_Weeks	10-20	1210	Lindsey_Woodward	N/A	Sde-C_012	Buffer TL, Omega BioTek	2	Sde-C_012-DNA-Plate_E1	3	A	100	100	0		Sde-C_012-DNA-Plate_E2	3	A	100	100	0		N/A		N/A					N/A		N/A					11/5/2025	1	Laurel_Weeks	7	3.5					FALSE			
Sde-CLim_037	Sde-C-0455-E	Sde-CLim_037-Ex1	Absolute EtOH	N/A	N/A	11/3/2025	Laurel_Weeks	10-20	1210	Lindsey_Woodward	N/A	Sde-C_012	Buffer TL, Omega BioTek	2	Sde-C_012-DNA-Plate_E1	3	D	100	100	0		Sde-C_012-DNA-Plate_E2	3	D	100	100	0		N/A		N/A					N/A		N/A					11/5/2025	1	Laurel_Weeks	7	3.5					FALSE			
Sde-CPla_037	Sde-C-0344-E	Sde-CPla_037-Ex1	Absolute EtOH	N/A	N/A	11/3/2025	Laurel_Weeks	10-20	1210	Shyla_Molhussen	N/A	Sde-C_012	Buffer TL, Omega BioTek	2	Sde-C_012-DNA-Plate_E1	7	B	100	100	0		Sde-C_012-DNA-Plate_E2	7	B	100	100	0		N/A		N/A					N/A		N/A					11/5/2025	1	Laurel_Weeks	7	7					FALSE			
Sde-CBau_039	Sde-C-0244-E	Sde-CBau_039-Ex1	Absolute EtOH	N/A	N/A	11/3/2025	Laurel_Weeks	10-20	1210	Lindsey_Woodward	N/A	Sde-C_012	Buffer TL, Omega BioTek	2	Sde-C_012-DNA-Plate_E1	9	E	100	100	0		Sde-C_012-DNA-Plate_E2	9	E	100	100	0		N/A		N/A					N/A		N/A					11/5/2025	1	Laurel_Weeks	4	1					FALSE			
Sde-CPla_040	Sde-C-0347-E	Sde-CPla_040-Ex1	Absolute EtOH	N/A	N/A	11/3/2025	Laurel_Weeks	10-20	1210	Lindsey_Woodward	N/A	Sde-C_012	Buffer TL, Omega BioTek	2	Sde-C_012-DNA-Plate_E1	4	C	100	100	0		Sde-C_012-DNA-Plate_E2	4	C	100	100	0		N/A		N/A					N/A		N/A					11/5/2025	1	Laurel_Weeks	7	4					FALSE			
Sde-CLim_042	Sde-C-0460-E	Sde-CLim_042-Ex1	Absolute EtOH	N/A	N/A	11/3/2025	Laurel_Weeks	10-20	1210	Lindsey_Woodward	N/A	Sde-C_012	Buffer TL, Omega BioTek	2	Sde-C_012-DNA-Plate_E1	12	D	100	100	0		Sde-C_012-DNA-Plate_E2	12	D	100	100	0		N/A		N/A					N/A		N/A					11/5/2025	1	Laurel_Weeks	7	3.5					FALSE			
Sde-CBau_043	Sde-C-0248-E	Sde-CBau_043-Ex1	Absolute EtOH	N/A	N/A	11/3/2025	Laurel_Weeks	10-20	1210	Laurel_Weeks	N/A	Sde-C_012	Buffer TL, Omega BioTek	2	Sde-C_012-DNA-Plate_E1	1	A	100	100	0		Sde-C_012-DNA-Plate_E2	1	A	100	100	0		N/A		N/A					N/A		N/A					11/5/2025	1	Laurel_Weeks	4	2					FALSE			
Sde-CPla_045	Sde-C-0352-E	Sde-CPla_045-Ex1	Absolute EtOH	N/A	N/A	11/3/2025	Laurel_Weeks	10-20	1210	Lindsey_Woodward	N/A	Sde-C_012	Buffer TL, Omega BioTek	2	Sde-C_012-DNA-Plate_E1	1	C	100	100	0		Sde-C_012-DNA-Plate_E2	1	C	100	100	0		N/A		N/A					N/A		N/A					11/5/2025	1	Laurel_Weeks	7	0					FALSE			
Sde-CLim_045	Sde-C-0463-E	Sde-CLim_045-Ex1	Absolute EtOH	N/A	N/A	11/3/2025	Laurel_Weeks	10-20	1210	Lindsey_Woodward	N/A	Sde-C_012	Buffer TL, Omega BioTek	2	Sde-C_012-DNA-Plate_E1	3	E	100	100	0		Sde-C_012-DNA-Plate_E2	3	E	100	100	0		N/A		N/A					N/A		N/A					11/5/2025	1	Laurel_Weeks	4	5					FALSE			
Sde-CBau_046	Sde-C-0251-E	Sde-CBau_046-Ex1	Absolute EtOH	N/A	N/A	11/3/2025	Laurel_Weeks	10-20	1210	Lindsey_Woodward	N/A	Sde-C_012	Buffer TL, Omega BioTek	2	Sde-C_012-DNA-Plate_E1	9	A	100	100	0		Sde-C_012-DNA-Plate_E2	9	A	100	100	0		N/A		N/A					N/A		N/A					11/5/2025	1	Laurel_Weeks	7	1					FALSE			
Sde-CPla_047	Sde-C-0354-E	Sde-CPla_047-Ex1	Absolute EtOH	N/A	N/A	11/3/2025	Laurel_Weeks	10-20	1210	Shyla_Molhussen	N/A	Sde-C_012	Buffer TL, Omega BioTek	2	Sde-C_012-DNA-Plate_E1	4	H	100	100	0		Sde-C_012-DNA-Plate_E2	4	H	100	100	0		N/A		N/A					N/A		N/A					11/5/2025	1	Laurel_Weeks	7	2					FALSE			
Sde-CLim_048	Sde-C-0466-E	Sde-CLim_048-Ex1	Absolute EtOH	N/A	N/A	11/3/2025	Laurel_Weeks	10-20	1210	Lindsey_Woodward	N/A	Sde-C_012	Buffer TL, Omega BioTek	2	Sde-C_012-DNA-Plate_E1	8	A	100	100	0		Sde-C_012-DNA-Plate_E2	8	A	100	100	0		N/A		N/A					N/A		N/A					11/5/2025	1	Laurel_Weeks	7	4					FALSE			
Sde-CBau_049	Sde-C-0254-E	Sde-CBau_049-Ex1	Absolute EtOH	N/A	N/A	11/3/2025	Laurel_Weeks	10-20	1210	Lindsey_Woodward	N/A	Sde-C_012	Buffer TL, Omega BioTek	2	Sde-C_012-DNA-Plate_E1	11	F	100	100	0		Sde-C_012-DNA-Plate_E2	11	F	100	100	0		N/A		N/A					N/A		N/A					11/5/2025	1	Laurel_Weeks	7	2					FALSE			
Sde-CLim_050	Sde-C-0468-E	Sde-CLim_050-Ex1	Absolute EtOH	N/A	N/A	11/3/2025	Laurel_Weeks	10-20	1210	Laurel_Weeks	N/A	Sde-C_012	Buffer TL, Omega BioTek	2	Sde-C_012-DNA-Plate_E1	2	D	100	100	0		Sde-C_012-DNA-Plate_E2	2	D	100	100	0		N/A		N/A					N/A		N/A					11/5/2025	1	Laurel_Weeks	7	1					FALSE			
Sde-CBau_050	Sde-C-0255-E	Sde-CBau_050-Ex1	Absolute EtOH	N/A	N/A	11/3/2025	Laurel_Weeks	10-20	1210	Lindsey_Woodward	N/A	Sde-C_012	Buffer TL, Omega BioTek	2	Sde-C_012-DNA-Plate_E1	3	F	100	100	0		Sde-C_012-DNA-Plate_E2	3	F	100	100	0		N/A		N/A					N/A		N/A					11/5/2025	1	Laurel_Weeks	7	5					FALSE			
Sde-CPla_051	Sde-C-0358-E	Sde-CPla_051-Ex1	Absolute EtOH	N/A	N/A	11/3/2025	Laurel_Weeks	10-20	1210	Lauren_Knight	N/A	Sde-C_012	Buffer TL, Omega BioTek	2	Sde-C_012-DNA-Plate_E1	1	E	100	100	0		Sde-C_012-DNA-Plate_E2	1	E	100	100	0		N/A		N/A					N/A		N/A					11/5/2025	1	Laurel_Weeks	7	5					FALSE			
Sde-CBau_051	Sde-C-0256-E	Sde-CBau_051-Ex1	Absolute EtOH	N/A	N/A	11/3/2025	Laurel_Weeks	10-20	1210	Shyla_Molhussen	N/A	Sde-C_012	Buffer TL, Omega BioTek	2	Sde-C_012-DNA-Plate_E1	6	C	100	100	0		Sde-C_012-DNA-Plate_E2	6	C	100	100	0		N/A		N/A					N/A		N/A					11/5/2025	1	Laurel_Weeks	7	1					FALSE			
Sde-CLim_052	Sde-C-0470-E	Sde-CLim_052-Ex1	Absolute EtOH	N/A	N/A	11/3/2025	Laurel_Weeks	10-20	1210	Lindsey_Woodward	N/A	Sde-C_012	Buffer TL, Omega BioTek	2	Sde-C_012-DNA-Plate_E1	12	H	100	100	0		Sde-C_012-DNA-Plate_E2	12	H	100	100	0		N/A		N/A					N/A		N/A					11/5/2025	1	Laurel_Weeks	7	2					FALSE			
Sde-CLim_053	Sde-C-0471-E	Sde-CLim_053-Ex1	Absolute EtOH	N/A	N/A	11/3/2025	Laurel_Weeks	10-20	1210	Lindsey_Woodward	N/A	Sde-C_012	Buffer TL, Omega BioTek	2	Sde-C_012-DNA-Plate_E1	12	E	100	100	0		Sde-C_012-DNA-Plate_E2	12	E	100	100	0		N/A		N/A					N/A		N/A					11/5/2025	1	Laurel_Weeks	7	4					FALSE			
Sde-CBau_054	Sde-C-0259-E	Sde-CBau_054-Ex1	Absolute EtOH	N/A	N/A	11/3/2025	Laurel_Weeks	10-20	1210	Lindsey_Woodward	N/A	Sde-C_012	Buffer TL, Omega BioTek	2	Sde-C_012-DNA-Plate_E1	3	H	100	100	0		Sde-C_012-DNA-Plate_E2	3	H	100	100	0		N/A		N/A					N/A		N/A					11/5/2025	1	Laurel_Weeks	7	1					FALSE			
Sde-CBau_055	Sde-C-0260-E	Sde-CBau_055-Ex1	Absolute EtOH	N/A	N/A	11/3/2025	Laurel_Weeks	10-20	1210	Laurel_Weeks	N/A	Sde-C_012	Buffer TL, Omega BioTek	2	Sde-C_012-DNA-Plate_E1	7	C	100	100	0		Sde-C_012-DNA-Plate_E2	7	C	100	100	0		N/A		N/A					N/A		N/A					11/5/2025	1	Laurel_Weeks	7	7					FALSE			
Sde-CLim_055	Sde-C-0473-E	Sde-CLim_055-Ex1	Absolute EtOH	N/A	N/A	11/3/2025	Laurel_Weeks	10-20	1210	Lindsey_Woodward	N/A	Sde-C_012	Buffer TL, Omega BioTek	2	Sde-C_012-DNA-Plate_E1	10	E	100	100	0		Sde-C_012-DNA-Plate_E2	10	E	100	100	0		N/A		N/A					N/A		N/A					11/5/2025	1	Laurel_Weeks	7	1					FALSE			
Sde-CLim_056	Sde-C-0474-E	Sde-CLim_056-Ex1	Absolute EtOH	N/A	N/A	11/3/2025	Laurel_Weeks	10-20	1210	Laurel_Weeks	N/A	Sde-C_012	Buffer TL, Omega BioTek	2	Sde-C_012-DNA-Plate_E1	6	A	100	100	0		Sde-C_012-DNA-Plate_E2	6	A	100	100	0		N/A		N/A					N/A		N/A					11/5/2025	1	Laurel_Weeks	7	1					FALSE			
Sde-CLim_058	Sde-C-0476-E	Sde-CLim_058-Ex1	Absolute EtOH	N/A	N/A	11/3/2025	Laurel_Weeks	10-20	1210	Lindsey_Woodward	N/A	Sde-C_012	Buffer TL, Omega BioTek	2	Sde-C_012-DNA-Plate_E1	8	H	100	100	0		Sde-C_012-DNA-Plate_E2	8	H	100	100	0		N/A		N/A					N/A		N/A					11/5/2025	1	Laurel_Weeks	7	1					FALSE			
Sde-CBau_059	Sde-C-0264-E	Sde-CBau_059-Ex1	Absolute EtOH	N/A	N/A	11/3/2025	Laurel_Weeks	10-20	1210	Lindsey_Woodward	N/A	Sde-C_012	Buffer TL, Omega BioTek	2	Sde-C_012-DNA-Plate_E1	8	E	100	100	0		Sde-C_012-DNA-Plate_E2	8	E	100	100	0		N/A		N/A					N/A		N/A					11/5/2025	1	Laurel_Weeks	7	1					FALSE			
Sde-CLim_062	Sde-C-0480-E	Sde-CLim_062-Ex1	Absolute EtOH	N/A	N/A	11/3/2025	Laurel_Weeks	10-20	1210	Shyla_Molhussen	N/A	Sde-C_012	Buffer TL, Omega BioTek	2	Sde-C_012-DNA-Plate_E1	6	E	100	100	0		Sde-C_012-DNA-Plate_E2	6	E	100	100	0		N/A		N/A					N/A		N/A					11/5/2025	1	Laurel_Weeks	4	1					FALSE			
Sde-CBau_062	Sde-C-0267-E	Sde-CBau_062-Ex1	Absolute EtOH	N/A	N/A	11/3/2025	Laurel_Weeks	10-20	1210	Lindsey_Wooward	N/A	Sde-C_012	Buffer TL, Omega BioTek	2	Sde-C_012-DNA-Plate_E1	11	D	100	100	0		Sde-C_012-DNA-Plate_E2	11	D	100	100	0		N/A		N/A					N/A		N/A					11/5/2025	1	Laurel_Weeks	7	2					FALSE			
Sde-CBau_063	Sde-C-0268-E	Sde-CBau_063-Ex1	Absolute EtOH	N/A	N/A	11/3/2025	Laurel_Weeks	10-20	1210	Laurel_Weeks	N/A	Sde-C_012	Buffer TL, Omega BioTek	2	Sde-C_012-DNA-Plate_E1	2	G	100	100	0		Sde-C_012-DNA-Plate_E2	2	G	100	100	0		N/A		N/A					N/A		N/A					11/5/2025	1	Laurel_Weeks	4	2					FALSE			
Sde-CPla_063	Sde-C-0370-E	Sde-CPla_063-Ex1	Absolute EtOH	N/A	N/A	11/3/2025	Laurel_Weeks	10-20	1210	Lindsey_Woodward	N/A	Sde-C_012	Buffer TL, Omega BioTek	2	Sde-C_012-DNA-Plate_E1	10	D	100	100	0		Sde-C_012-DNA-Plate_E2	10	D	100	100	0		N/A		N/A					N/A		N/A					11/5/2025	1	Laurel_Weeks	7	4					FALSE			
Sde-CBau_065	Sde-C-0270-E	Sde-CBau_065-Ex1	Absolute EtOH	N/A	N/A	11/3/2025	Laurel_Weeks	10-20	1210	Laurel_Weeks	N/A	Sde-C_012	Buffer TL, Omega BioTek	2	Sde-C_012-DNA-Plate_E1	10	A	100	100	0		Sde-C_012-DNA-Plate_E2	10	A	100	100	0		N/A		N/A					N/A		N/A					11/5/2025	1	Laurel_Weeks	7	1					FALSE			
Sde-CPla_067	Sde-C-0374-E	Sde-CPla_067-Ex1	Absolute EtOH	N/A	N/A	11/3/2025	Laurel_Weeks	10-20	1210	Shyla_Molhussen	N/A	Sde-C_012	Buffer TL, Omega BioTek	2	Sde-C_012-DNA-Plate_E1	1	G	100	100	0		Sde-C_012-DNA-Plate_E2	1	G	100	100	0		N/A		N/A					N/A		N/A					11/5/2025	1	Laurel_Weeks	3.5	4					FALSE			
Sde-CBau_068	Sde-C-0273-E	Sde-CBau_068-Ex1	Absolute EtOH	N/A	N/A	11/3/2025	Laurel_Weeks	10-20	1210	Lindsey_Woodward	N/A	Sde-C_012	Buffer TL, Omega BioTek	2	Sde-C_012-DNA-Plate_E1	9	B	100	100	0		Sde-C_012-DNA-Plate_E2	9	B	100	100	0		N/A		N/A					N/A		N/A					11/5/2025	1	Laurel_Weeks	7	7					FALSE			
Sde-CLim_068	Sde-C-0486-E	Sde-CLim_068-Ex1	Absolute EtOH	N/A	N/A	11/3/2025	Laurel_Weeks	10-20	1210	Laurel_Weeks	N/A	Sde-C_012	Buffer TL, Omega BioTek	2	Sde-C_012-DNA-Plate_E1	10	H	100	100	0		Sde-C_012-DNA-Plate_E2	10	H	100	100	0		N/A		N/A					N/A		N/A					11/5/2025	1	Laurel_Weeks	7	4					FALSE			
Sde-CLim_070	Sde-C-0488-E	Sde-CLim_070-Ex1	Absolute EtOH	N/A	N/A	11/3/2025	Laurel_Weeks	10-20	1210	Laurel_Weeks	N/A	Sde-C_012	Buffer TL, Omega BioTek	2	Sde-C_012-DNA-Plate_E1	6	D	100	100	0		Sde-C_012-DNA-Plate_E2	6	D	100	100	0		N/A		N/A					N/A		N/A					11/5/2025	1	Laurel_Weeks	7	1					FALSE			
Sde-CPla_071	Sde-C-0378-E	Sde-CPla_071-Ex1	Absolute EtOH	N/A	N/A	11/3/2025	Laurel_Weeks	10-20	1210	Laurel_Weeks	N/A	Sde-C_012	Buffer TL, Omega BioTek	2	Sde-C_012-DNA-Plate_E1	6	G	100	100	0		Sde-C_012-DNA-Plate_E2	6	G	100	100	0		N/A		N/A					N/A		N/A					11/5/2025	1	Laurel_Weeks	7	4					FALSE			
Sde-CBau_071	Sde-C-0276-E	Sde-CBau_071-Ex1	Absolute EtOH	N/A	N/A	11/3/2025	Laurel_Weeks	10-20	1210	Lindsey_Woodward	N/A	Sde-C_012	Buffer TL, Omega BioTek	2	Sde-C_012-DNA-Plate_E1	10	G	100	100	0		Sde-C_012-DNA-Plate_E2	10	G	100	100	0		N/A		N/A					N/A		N/A					11/5/2025	1	Laurel_Weeks	7	1					FALSE			
Sde-CPla_074	Sde-C-0381-E	Sde-CPla_074-Ex1	Absolute EtOH	N/A	N/A	11/3/2025	Laurel_Weeks	10-20	1210	Laurel_Weeks	N/A	Sde-C_012	Buffer TL, Omega BioTek	2	Sde-C_012-DNA-Plate_E1	7	A	100	100	0		Sde-C_012-DNA-Plate_E2	7	A	100	100	0		N/A		N/A					N/A		N/A					11/5/2025	1	Laurel_Weeks	7	4					FALSE			
Sde-CLim_074	Sde-C-0492-E	Sde-CLim_074-Ex1	Absolute EtOH	N/A	N/A	11/3/2025	Laurel_Weeks	10-20	1210	Laurel_Weeks	N/A	Sde-C_012	Buffer TL, Omega BioTek	2	Sde-C_012-DNA-Plate_E1	8	G	100	100	0		Sde-C_012-DNA-Plate_E2	8	G	100	100	0		N/A		N/A					N/A		N/A					11/5/2025	1	Laurel_Weeks	7	4					FALSE			
Sde-CLim_075	Sde-C-0493-E	Sde-CLim_075-Ex1	Absolute EtOH	N/A	N/A	11/3/2025	Laurel_Weeks	10-20	1210	Lindsey_Woodward	N/A	Sde-C_012	Buffer TL, Omega BioTek	2	Sde-C_012-DNA-Plate_E1	12	C	100	100	0		Sde-C_012-DNA-Plate_E2	12	C	100	100	0		N/A		N/A					N/A		N/A					11/5/2025	1	Laurel_Weeks	7	3.5					FALSE			
Sde-CBau_076	Sde-C-0281-E	Sde-CBau_076-Ex1	Absolute EtOH	N/A	N/A	11/3/2025	Laurel_Weeks	10-20	1210	Lindsey_Woodward	N/A	Sde-C_012	Buffer TL, Omega BioTek	2	Sde-C_012-DNA-Plate_E1	11	E	100	100	0		Sde-C_012-DNA-Plate_E2	11	E	100	100	0		N/A		N/A					N/A		N/A					11/5/2025	1	Laurel_Weeks	7	3					FALSE			
Sde-CBau_077	Sde-C-0282-E	Sde-CBau_077-Ex1	Absolute EtOH	N/A	N/A	11/3/2025	Laurel_Weeks	10-20	1210	Laurel_Weeks	N/A	Sde-C_012	Buffer TL, Omega BioTek	2	Sde-C_012-DNA-Plate_E1	8	C	100	100	0		Sde-C_012-DNA-Plate_E2	8	C	100	100	0		N/A		N/A					N/A		N/A					11/5/2025	1	Laurel_Weeks	4	2					FALSE			
Sde-CLim_077	Sde-C-0495-E	Sde-CLim_077-Ex1	Absolute EtOH	N/A	N/A	11/3/2025	Laurel_Weeks	10-20	1210	Lindsey_Woodward	N/A	Sde-C_012	Buffer TL, Omega BioTek	2	Sde-C_012-DNA-Plate_E1	9	D	100	100	0		Sde-C_012-DNA-Plate_E2	9	D	100	100	0		N/A		N/A					N/A		N/A					11/5/2025	1	Laurel_Weeks	4	1					FALSE			
Sde-CPla_079	Sde-C-0386-E	Sde-CPla_079-Ex1	Absolute EtOH	N/A	N/A	11/3/2025	Laurel_Weeks	10-20	1210	Lindsey_Woodward	N/A	Sde-C_012	Buffer TL, Omega BioTek	2	Sde-C_012-DNA-Plate_E1	8	D	100	100	0		Sde-C_012-DNA-Plate_E2	8	D	100	100	0		N/A		N/A					N/A		N/A					11/5/2025	1	Laurel_Weeks	7	4					FALSE			
Sde-CPla_081	Sde-C-0388-E	Sde-CPla_081-Ex1	Absolute EtOH	N/A	N/A	11/3/2025	Laurel_Weeks	10-20	1210	Shyla_Molhussen	N/A	Sde-C_012	Buffer TL, Omega BioTek	2	Sde-C_012-DNA-Plate_E1	6	B	100	100	0		Sde-C_012-DNA-Plate_E2	6	B	100	100	0		N/A		N/A					N/A		N/A					11/5/2025	1	Laurel_Weeks	7	7					FALSE			
Sde-CBau_081	Sde-C-0286-E	Sde-CBau_081-Ex1	Absolute EtOH	N/A	N/A	11/3/2025	Laurel_Weeks	10-20	1210	Lindsey_Woodward	N/A	Sde-C_012	Buffer TL, Omega BioTek	2	Sde-C_012-DNA-Plate_E1	10	C	100	100	0		Sde-C_012-DNA-Plate_E2	10	C	100	100	0		N/A		N/A					N/A		N/A					11/5/2025	1	Laurel_Weeks	4	1					FALSE			
Sde-CLim_082	Sde-C-0500-E	Sde-CLim_082-Ex1	Absolute EtOH	N/A	N/A	11/3/2025	Laurel_Weeks	10-20	1210	Shyla_Molhussen	N/A	Sde-C_012	Buffer TL, Omega BioTek	2	Sde-C_012-DNA-Plate_E1	5	G	100	100	0		Sde-C_012-DNA-Plate_E2	5	G	100	100	0		N/A		N/A					N/A		N/A					11/5/2025	1	Laurel_Weeks	7	4					FALSE			
Sde-CLim_085	Sde-C-1028-E	Sde-CLim_085-Ex1	Absolute EtOH	N/A	N/A	11/3/2025	Laurel_Weeks	10-20	1210	Shyla_Molhussen	N/A	Sde-C_012	Buffer TL, Omega BioTek	2	Sde-C_012-DNA-Plate_E1	4	A	100	100	0		Sde-C_012-DNA-Plate_E2	4	A	100	100	0		N/A		N/A					N/A		N/A					11/5/2025	1	Laurel_Weeks	7	2					FALSE			
Sde-CBau_085	Sde-C-0290-E	Sde-CBau_085-Ex1	Absolute EtOH	N/A	N/A	11/3/2025	Laurel_Weeks	10-20	1210	Shyla_Molhussen	N/A	Sde-C_012	Buffer TL, Omega BioTek	2	Sde-C_012-DNA-Plate_E1	5	C	100	100	0		Sde-C_012-DNA-Plate_E2	5	C	100	100	0		N/A		N/A					N/A		N/A					11/5/2025	1	Laurel_Weeks	7	5					FALSE			
Sde-CPla_086	Sde-C-0393-E	Sde-CPla_086-Ex1	Absolute EtOH	N/A	N/A	11/3/2025	Laurel_Weeks	10-20	1210	Shyla_Molhussen	N/A	Sde-C_012	Buffer TL, Omega BioTek	2	Sde-C_012-DNA-Plate_E1	4	G	100	100	0		Sde-C_012-DNA-Plate_E2	4	G	100	100	0		N/A		N/A					N/A		N/A					11/5/2025	1	Laurel_Weeks	7	2					FALSE			
Sde-CLim_088	Sde-C-1031-E	Sde-CLim_088-Ex1	Absolute EtOH	N/A	N/A	11/3/2025	Laurel_Weeks	10-20	1210	Lindsey_Woodward	N/A	Sde-C_012	Buffer TL, Omega BioTek	2	Sde-C_012-DNA-Plate_E1	3	B	100	100	0		Sde-C_012-DNA-Plate_E2	3	B	100	100	0		N/A		N/A					N/A		N/A					11/5/2025	1	Laurel_Weeks	7	2					FALSE			
Sde-CPla_088	Sde-C-0395-E	Sde-CPla_088-Ex1	Absolute EtOH	N/A	N/A	11/3/2025	Laurel_Weeks	10-20	1210	Laurel_Weeks	N/A	Sde-C_012	Buffer TL, Omega BioTek	2	Sde-C_012-DNA-Plate_E1	5	A	100	100	0		Sde-C_012-DNA-Plate_E2	5	A	100	100	0		N/A		N/A					N/A		N/A					11/5/2025	1	Laurel_Weeks	7	4					FALSE			
Sde-CPla_090	Sde-C-0397-E	Sde-CPla_090-Ex1	Absolute EtOH	N/A	N/A	11/3/2025	Laurel_Weeks	10-20	1210	Lindsey_Woodward	N/A	Sde-C_012	Buffer TL, Omega BioTek	2	Sde-C_012-DNA-Plate_E1	4	F	100	100	0		Sde-C_012-DNA-Plate_E2	4	F	100	100	0		N/A		N/A					N/A		N/A					11/5/2025	1	Laurel_Weeks	7	4					FALSE			
Sde-CBau_091	Sde-C-0296-E	Sde-CBau_091-Ex1	Absolute EtOH	N/A	N/A	11/3/2025	Laurel_Weeks	10-20	1210	Laurel_Weeks	N/A	Sde-C_012	Buffer TL, Omega BioTek	2	Sde-C_012-DNA-Plate_E1	1	H	100	100	0		Sde-C_012-DNA-Plate_E2	1	H	100	100	0		N/A		N/A					N/A		N/A					11/5/2025	1	Laurel_Weeks	7	1					FALSE			
Sde-CPla_091	Sde-C-0398-E	Sde-CPla_091-Ex1	Absolute EtOH	N/A	N/A	11/3/2025	Laurel_Weeks	10-20	1210	Laurel_Weeks	N/A	Sde-C_012	Buffer TL, Omega BioTek	2	Sde-C_012-DNA-Plate_E1	2	A	100	100	0		Sde-C_012-DNA-Plate_E2	2	A	100	100	0		N/A		N/A					N/A		N/A					11/5/2025	1	Laurel_Weeks	7	4					FALSE			
Sde-CLim_091	Sde-C-1034-E	Sde-CLim_091-Ex1	Absolute EtOH	N/A	N/A	11/3/2025	Laurel_Weeks	10-20	1210	Lindsey_Woodward	N/A	Sde-C_012	Buffer TL, Omega BioTek	2	Sde-C_012-DNA-Plate_E1	4	E	100	100	0		Sde-C_012-DNA-Plate_E2	4	E	100	100	0		N/A		N/A					N/A		N/A					11/5/2025	1	Laurel_Weeks	4	2					FALSE			
Sde-CLim_092	Sde-C-1035-E	Sde-CLim_092-Ex1	Absolute EtOH	N/A	N/A	11/3/2025	Laurel_Weeks	10-20	1210	Laurel_Weeks	N/A	Sde-C_012	Buffer TL, Omega BioTek	2	Sde-C_012-DNA-Plate_E1	7	H	100	100	0		Sde-C_012-DNA-Plate_E2	7	H	100	100	0		N/A		N/A					N/A		N/A					11/5/2025	1	Laurel_Weeks	7	1					FALSE			
Sde-CPla_093	Sde-C-0400-E	Sde-CPla_093-Ex1	Absolute EtOH	N/A	N/A	11/3/2025	Laurel_Weeks	10-20	1210	Shyla_Molhussen	N/A	Sde-C_012	Buffer TL, Omega BioTek	2	Sde-C_012-DNA-Plate_E1	4	B	100	100	0		Sde-C_012-DNA-Plate_E2	4	B	100	100	0		N/A		N/A					N/A		N/A					11/5/2025	1	Laurel_Weeks	7	4					FALSE			
Sde-CPla_094	Sde-C-0401-E	Sde-CPla_094-Ex1	Absolute EtOH	N/A	N/A	11/3/2025	Laurel_Weeks	10-20	1210	Shyla_Molhussen	N/A	Sde-C_012	Buffer TL, Omega BioTek	2	Sde-C_012-DNA-Plate_E1	1	F	100	100	0		Sde-C_012-DNA-Plate_E2	1	F	100	100	0		N/A		N/A					N/A		N/A					11/5/2025	1	Laurel_Weeks	7	7					FALSE			
Sde-CBau_095	Sde-C-0300-E	Sde-CBau_095-Ex1	Absolute EtOH	N/A	N/A	11/3/2025	Laurel_Weeks	10-20	1210	Laurel_Weeks	N/A	Sde-C_012	Buffer TL, Omega BioTek	2	Sde-C_012-DNA-Plate_E1	7	F	100	100	0		Sde-C_012-DNA-Plate_E2	7	F	100	100	0		N/A		N/A					N/A		N/A					11/5/2025	1	Laurel_Weeks	7	4					FALSE			
Sde-CLim_096	Sde-C-1039-E	Sde-CLim_096-Ex1	Absolute EtOH	N/A	N/A	11/3/2025	Laurel_Weeks	10-20	1210	Laurel_Weeks	N/A	Sde-C_012	Buffer TL, Omega BioTek	2	Sde-C_012-DNA-Plate_E1	2	H	100	100	0		Sde-C_012-DNA-Plate_E2	2	H	100	100	0		N/A		N/A					N/A		N/A					11/5/2025	1	Laurel_Weeks	7	4					FALSE			
Sde-CPla_096	Sde-C-0403-E	Sde-CPla_096-Ex1	Absolute EtOH	N/A	N/A	11/3/2025	Laurel_Weeks	10-20	1210	Lindsey_Woodward	N/A	Sde-C_012	Buffer TL, Omega BioTek	2	Sde-C_012-DNA-Plate_E1	8	F	100	100	0		Sde-C_012-DNA-Plate_E2	8	F	100	100	0		N/A		N/A					N/A		N/A					11/5/2025	1	Laurel_Weeks	7	7					FALSE			
Sde-CLim_097	Sde-C-1040-E	Sde-CLim_097-Ex1	Absolute EtOH	N/A	N/A	11/3/2025	Laurel_Weeks	10-20	1210	Lindsey_Woodward	N/A	Sde-C_012	Buffer TL, Omega BioTek	2	Sde-C_012-DNA-Plate_E1	10	F	100	100	0		Sde-C_012-DNA-Plate_E2	10	F	100	100	0		N/A		N/A					N/A		N/A					11/5/2025	1	Laurel_Weeks	7	4					FALSE			
Sde-CPla_100	Sde-C-0407-E	Sde-CPla_100-Ex1	Absolute EtOH	N/A	N/A	11/3/2025	Laurel_Weeks	10-20	1210	Laurel_Weeks	N/A	Sde-C_012	Buffer TL, Omega BioTek	2	Sde-C_012-DNA-Plate_E1	9	F	100	100	0		Sde-C_012-DNA-Plate_E2	9	F	100	100	0		N/A		N/A					N/A		N/A					11/5/2025	1	Laurel_Weeks	7	7					FALSE			
Sde-CLim_101	Sde-C-1044-E	Sde-CLim_101-Ex1	Absolute EtOH	N/A	N/A	11/3/2025	Laurel_Weeks	10-20	1210	Lindsey_Woodward	N/A	Sde-C_012	Buffer TL, Omega BioTek	2	Sde-C_012-DNA-Plate_E1	12	B	100	100	0		Sde-C_012-DNA-Plate_E2	12	B	100	100	0		N/A		N/A					N/A		N/A					11/5/2025	1	Laurel_Weeks	7	2					FALSE			
Sde-CLim_102	Sde-C-1045-E	Sde-CLim_102-Ex1	Absolute EtOH	N/A	N/A	11/3/2025	Laurel_Weeks	10-20	1210	Lindsey_Woodward	N/A	Sde-C_012	Buffer TL, Omega BioTek	2	Sde-C_012-DNA-Plate_E1	9	H	100	100	0		Sde-C_012-DNA-Plate_E2	9	H	100	100	0		N/A		N/A					N/A		N/A					11/5/2025	1	Laurel_Weeks	4	1					FALSE			
Sde-CPla_103	Sde-C-0410-E	Sde-CPla_103-Ex1	Absolute EtOH	N/A	N/A	11/3/2025	Laurel_Weeks	10-20	1210	Shyla_Molhussen	N/A	Sde-C_012	Buffer TL, Omega BioTek	2	Sde-C_012-DNA-Plate_E1	5	B	100	100	0		Sde-C_012-DNA-Plate_E2	5	B	100	100	0		N/A		N/A					N/A		N/A					11/5/2025	1	Laurel_Weeks	7	7					FALSE			
Sde-CPla_107	Sde-C-0414-E	Sde-CPla_107-Ex1	Absolute EtOH	N/A	N/A	11/3/2025	Laurel_Weeks	10-20	1210	Lindsey_Woodward	N/A	Sde-C_012	Buffer TL, Omega BioTek	2	Sde-C_012-DNA-Plate_E1	10	B	100	100	0		Sde-C_012-DNA-Plate_E2	10	B	100	100	0		N/A		N/A					N/A		N/A					11/5/2025	1	Laurel_Weeks	4	4					FALSE			
Sde-CBau_002	Sde-C-0207-E	Sde-CBau_002-Ex1	Absolute EtOH	N/A	N/A	11/13/2025	Laurel_Weeks	10-20	1243	Lauren_Knight	N/A	Sde-C_013	Buffer TL, Omega BioTek	2	Sde-C_013-DNA-Plate_E1	7	A	100	100	0		Sde-C_013-DNA-Plate_E2	7	A	100	100	0		N/A		N/A					N/A		N/A					11/15/2025	1	Laurel_Weeks							FALSE			
Sde-CLim_002	Sde-C-0420-E	Sde-CLim_002-Ex1	Absolute EtOH	N/A	N/A	11/13/2025	Laurel_Weeks	10-20	1243	Mariah_Isaacs	N/A	Sde-C_013	Buffer TL, Omega BioTek	2	Sde-C_013-DNA-Plate_E1	9	B	100	100	0		Sde-C_013-DNA-Plate_E2	9	B	100	100	0		N/A		N/A					N/A		N/A					11/15/2025	1	Laurel_Weeks							FALSE			
Sde-CLim_004	Sde-C-0422-E	Sde-CLim_004-Ex1	Absolute EtOH	N/A	N/A	11/13/2025	Laurel_Weeks	10-20	1243	Lauren_Knight	N/A	Sde-C_013	Buffer TL, Omega BioTek	2	Sde-C_013-DNA-Plate_E1	10	D	100	100	0		Sde-C_013-DNA-Plate_E2	10	D	100	100	0		N/A		N/A					N/A		N/A					11/15/2025	1	Laurel_Weeks							FALSE			
Sde-CBau_006	Sde-C-0211-E	Sde-CBau_006-Ex1	Absolute EtOH	N/A	N/A	11/13/2025	Laurel_Weeks	10-20	1243	Lauren_Knight	N/A	Sde-C_013	Buffer TL, Omega BioTek	2	Sde-C_013-DNA-Plate_E1	11	E	100	100	0		Sde-C_013-DNA-Plate_E2	11	E	100	100	0		N/A		N/A					N/A		N/A					11/15/2025	1	Laurel_Weeks							FALSE			
Sde-CLim_006	Sde-C-0424-E	Sde-CLim_006-Ex1	Absolute EtOH	N/A	N/A	11/13/2025	Laurel_Weeks	10-20	1243	Lauren_Knight	N/A	Sde-C_013	Buffer TL, Omega BioTek	2	Sde-C_013-DNA-Plate_E1	9	G	100	100	0		Sde-C_013-DNA-Plate_E2	9	G	100	100	0		N/A		N/A					N/A		N/A					11/15/2025	1	Laurel_Weeks							FALSE			
Sde-CLim_010	Sde-C-0428-E	Sde-CLim_010-Ex1	Absolute EtOH	N/A	N/A	11/13/2025	Laurel_Weeks	10-20	1243	Mariah_Isaacs	N/A	Sde-C_013	Buffer TL, Omega BioTek	2	Sde-C_013-DNA-Plate_E1	7	C	100	100	0		Sde-C_013-DNA-Plate_E2	7	C	100	100	0		N/A		N/A					N/A		N/A					11/15/2025	1	Laurel_Weeks							FALSE			
Sde-CBau_010	Sde-C-0215-E	Sde-CBau_010-Ex1	Absolute EtOH	N/A	N/A	11/13/2025	Laurel_Weeks	10-20	1243	Lauren_Knight	N/A	Sde-C_013	Buffer TL, Omega BioTek	2	Sde-C_013-DNA-Plate_E1	3	F	100	100	0		Sde-C_013-DNA-Plate_E2	3	F	100	100	0		N/A		N/A					N/A		N/A					11/15/2025	1	Laurel_Weeks							FALSE			
Sde-CPla_012	Sde-C-0319-E	Sde-CPla_012-Ex1	Absolute EtOH	N/A	N/A	11/13/2025	Laurel_Weeks	10-20	1243	Lauren_Knight	N/A	Sde-C_013	Buffer TL, Omega BioTek	2	Sde-C_013-DNA-Plate_E1	4	B	100	100	0		Sde-C_013-DNA-Plate_E2	4	B	100	100	0		N/A		N/A					N/A		N/A					11/15/2025	1	Laurel_Weeks							FALSE			
Sde-CBau_012	Sde-C-0217-E	Sde-CBau_012-Ex1	Absolute EtOH	N/A	N/A	11/13/2025	Laurel_Weeks	10-20	1243	Mariah_Isaacs	N/A	Sde-C_013	Buffer TL, Omega BioTek	2	Sde-C_013-DNA-Plate_E1	1	G	100	100	0		Sde-C_013-DNA-Plate_E2	1	G	100	100	0		N/A		N/A					N/A		N/A					11/15/2025	1	Laurel_Weeks							FALSE			
Sde-CBau_013	Sde-C-0218-E	Sde-CBau_013-Ex1	Absolute EtOH	N/A	N/A	11/13/2025	Laurel_Weeks	10-20	1243	Mariah_Isaacs	N/A	Sde-C_013	Buffer TL, Omega BioTek	2	Sde-C_013-DNA-Plate_E1	2	E	100	100	0		Sde-C_013-DNA-Plate_E2	2	E	100	100	0		N/A		N/A					N/A		N/A					11/15/2025	1	Laurel_Weeks							FALSE			
Sde-CLim_013	Sde-C-0431-E	Sde-CLim_013-Ex1	Absolute EtOH	N/A	N/A	11/13/2025	Laurel_Weeks	10-20	1243	Lauren_Knight	N/A	Sde-C_013	Buffer TL, Omega BioTek	2	Sde-C_013-DNA-Plate_E1	6	H	100	100	0		Sde-C_013-DNA-Plate_E2	6	H	100	100	0		N/A		N/A					N/A		N/A					11/15/2025	1	Laurel_Weeks							FALSE			
Sde-CBau_014	Sde-C-0219-E	Sde-CBau_014-Ex1	Absolute EtOH	N/A	N/A	11/13/2025	Laurel_Weeks	10-20	1243	Lauren_Knight	N/A	Sde-C_013	Buffer TL, Omega BioTek	2	Sde-C_013-DNA-Plate_E1	1	H	100	100	0		Sde-C_013-DNA-Plate_E2	1	H	100	100	0		N/A		N/A					N/A		N/A					11/15/2025	1	Laurel_Weeks							FALSE			
Sde-CBau_016	Sde-C-0221-E	Sde-CBau_016-Ex1	Absolute EtOH	N/A	N/A	11/13/2025	Laurel_Weeks	10-20	1243	Mariah_Isaacs	N/A	Sde-C_013	Buffer TL, Omega BioTek	2	Sde-C_013-DNA-Plate_E1	10	A	100	100	0		Sde-C_013-DNA-Plate_E2	10	A	100	100	0		N/A		N/A					N/A		N/A					11/15/2025	1	Laurel_Weeks							FALSE			
Sde-CLim_018	Sde-C-0436-E	Sde-CLim_018-Ex1	Absolute EtOH	N/A	N/A	11/13/2025	Laurel_Weeks	10-20	1243	Mariah_Isaacs	N/A	Sde-C_013	Buffer TL, Omega BioTek	2	Sde-C_013-DNA-Plate_E1	9	F	100	100	0		Sde-C_013-DNA-Plate_E2	9	F	100	100	0		N/A		N/A					N/A		N/A					11/15/2025	1	Laurel_Weeks							FALSE			
Sde-CLim_019	Sde-C-0437-E	Sde-CLim_019-Ex1	Absolute EtOH	N/A	N/A	11/13/2025	Laurel_Weeks	10-20	1243	Lauren_Knight	N/A	Sde-C_013	Buffer TL, Omega BioTek	2	Sde-C_013-DNA-Plate_E1	11	A	100	100	0		Sde-C_013-DNA-Plate_E2	11	A	100	100	0		N/A		N/A					N/A		N/A					11/15/2025	1	Laurel_Weeks							FALSE			
Sde-CLim_021	Sde-C-0439-E	Sde-CLim_021-Ex1	Absolute EtOH	N/A	N/A	11/13/2025	Laurel_Weeks	10-20	1243	Lauren_Knight	N/A	Sde-C_013	Buffer TL, Omega BioTek	2	Sde-C_013-DNA-Plate_E1	8	A	100	100	0		Sde-C_013-DNA-Plate_E2	8	A	100	100	0		N/A		N/A					N/A		N/A					11/15/2025	1	Laurel_Weeks							FALSE			
Sde-CPla_021	Sde-C-0328-E	Sde-CPla_021-Ex1	Absolute EtOH	N/A	N/A	11/13/2025	Laurel_Weeks	10-20	1243	Mariah_Isaacs	N/A	Sde-C_013	Buffer TL, Omega BioTek	2	Sde-C_013-DNA-Plate_E1	6	D	100	100	0		Sde-C_013-DNA-Plate_E2	6	D	100	100	0		N/A		N/A					N/A		N/A					11/15/2025	1	Laurel_Weeks							FALSE			
Sde-CBau_021	Sde-C-0226-E	Sde-CBau_021-Ex1	Absolute EtOH	N/A	N/A	11/13/2025	Laurel_Weeks	10-20	1243	Lauren_Knight	N/A	Sde-C_013	Buffer TL, Omega BioTek	2	Sde-C_013-DNA-Plate_E1	8	G	100	100	0		Sde-C_013-DNA-Plate_E2	8	G	100	100	0		N/A		N/A					N/A		N/A					11/15/2025	1	Laurel_Weeks							FALSE			
Sde-CLim_023	Sde-C-0441-E	Sde-CLim_023-Ex1	Absolute EtOH	N/A	N/A	11/13/2025	Laurel_Weeks	10-20	1243	Lauren_Knight	N/A	Sde-C_013	Buffer TL, Omega BioTek	2	Sde-C_013-DNA-Plate_E1	9	C	100	100	0		Sde-C_013-DNA-Plate_E2	9	C	100	100	0		N/A		N/A					N/A		N/A					11/15/2025	1	Laurel_Weeks							FALSE			
Sde-CBau_025	Sde-C-0230-E	Sde-CBau_025-Ex1	Absolute EtOH	N/A	N/A	11/13/2025	Laurel_Weeks	10-20	1243	Mariah_Isaacs	N/A	Sde-C_013	Buffer TL, Omega BioTek	2	Sde-C_013-DNA-Plate_E1	12	H	100	100	0		Sde-C_013-DNA-Plate_E2	12	H	100	100	0		N/A		N/A					N/A		N/A					11/15/2025	1	Laurel_Weeks							FALSE			
Sde-CLim_026	Sde-C-0444-E	Sde-CLim_026-Ex1	Absolute EtOH	N/A	N/A	11/13/2025	Laurel_Weeks	10-20	1243	Mariah_Isaacs	N/A	Sde-C_013	Buffer TL, Omega BioTek	2	Sde-C_013-DNA-Plate_E1	11	D	100	100	0		Sde-C_013-DNA-Plate_E2	11	D	100	100	0		N/A		N/A					N/A		N/A					11/15/2025	1	Laurel_Weeks							FALSE			
Sde-CBau_026	Sde-C-0231-E	Sde-CBau_026-Ex1	Absolute EtOH	N/A	N/A	11/13/2025	Laurel_Weeks	10-20	1243	Mariah_Isaacs	N/A	Sde-C_013	Buffer TL, Omega BioTek	2	Sde-C_013-DNA-Plate_E1	4	E	100	100	0		Sde-C_013-DNA-Plate_E2	4	E	100	100	0		N/A		N/A					N/A		N/A					11/15/2025	1	Laurel_Weeks							FALSE			
Sde-CPla_026	Sde-C-0333-E	Sde-CPla_026-Ex1	Absolute EtOH	N/A	N/A	11/13/2025	Laurel_Weeks	10-20	1243	Mariah_Isaacs	N/A	Sde-C_013	Buffer TL, Omega BioTek	2	Sde-C_013-DNA-Plate_E1	5	G	100	100	0		Sde-C_013-DNA-Plate_E2	5	G	100	100	0		N/A		N/A					N/A		N/A					11/15/2025	1	Laurel_Weeks							FALSE			
Sde-CPla_027	Sde-C-0334-E	Sde-CPla_027-Ex1	Absolute EtOH	N/A	N/A	11/13/2025	Laurel_Weeks	10-20	1243	Mariah_Isaacs	N/A	Sde-C_013	Buffer TL, Omega BioTek	2	Sde-C_013-DNA-Plate_E1	3	A	100	100	0		Sde-C_013-DNA-Plate_E2	3	A	100	100	0		N/A		N/A					N/A		N/A					11/15/2025	1	Laurel_Weeks							FALSE			
Sde-CBau_028	Sde-C-0233-E	Sde-CBau_028-Ex1	Absolute EtOH	N/A	N/A	11/13/2025	Laurel_Weeks	10-20	1243	Mariah_Isaacs	N/A	Sde-C_013	Buffer TL, Omega BioTek	2	Sde-C_013-DNA-Plate_E1	5	D	100	100	0		Sde-C_013-DNA-Plate_E2	5	D	100	100	0		N/A		N/A					N/A		N/A					11/15/2025	1	Laurel_Weeks							FALSE			
Sde-CPla_030	Sde-C-0337-E	Sde-CPla_030-Ex1	Absolute EtOH	N/A	N/A	11/13/2025	Laurel_Weeks	10-20	1243	Mariah_Isaacs	N/A	Sde-C_013	Buffer TL, Omega BioTek	2	Sde-C_013-DNA-Plate_E1	9	D	100	100	0		Sde-C_013-DNA-Plate_E2	9	D	100	100	0		N/A		N/A					N/A		N/A					11/15/2025	1	Laurel_Weeks							FALSE			
Sde-CBau_031	Sde-C-0236-E	Sde-CBau_031-Ex1	Absolute EtOH	N/A	N/A	11/13/2025	Laurel_Weeks	10-20	1243	Lauren_Knight	N/A	Sde-C_013	Buffer TL, Omega BioTek	2	Sde-C_013-DNA-Plate_E1	9	A	100	100	0		Sde-C_013-DNA-Plate_E2	9	A	100	100	0		N/A		N/A					N/A		N/A					11/15/2025	1	Laurel_Weeks							FALSE			
Sde-CLim_032	Sde-C-0450-E	Sde-CLim_032-Ex1	Absolute EtOH	N/A	N/A	11/13/2025	Laurel_Weeks	10-20	1243	Lauren_Knight	N/A	Sde-C_013	Buffer TL, Omega BioTek	2	Sde-C_013-DNA-Plate_E1	12	B	100	100	0		Sde-C_013-DNA-Plate_E2	12	B	100	100	0		N/A		N/A					N/A		N/A					11/15/2025	1	Laurel_Weeks							FALSE			
Sde-CBau_032	Sde-C-0237-E	Sde-CBau_032-Ex1	Absolute EtOH	N/A	N/A	11/13/2025	Laurel_Weeks	10-20	1243	Lauren_Knight	N/A	Sde-C_013	Buffer TL, Omega BioTek	2	Sde-C_013-DNA-Plate_E1	2	H	100	100	0		Sde-C_013-DNA-Plate_E2	2	H	100	100	0		N/A		N/A					N/A		N/A					11/15/2025	1	Laurel_Weeks							FALSE			
Sde-CLim_034	Sde-C-0452-E	Sde-CLim_034-Ex1	Absolute EtOH	N/A	N/A	11/13/2025	Laurel_Weeks	10-20	1243	Lauren_Knight	N/A	Sde-C_013	Buffer TL, Omega BioTek	2	Sde-C_013-DNA-Plate_E1	6	E	100	100	0		Sde-C_013-DNA-Plate_E2	6	E	100	100	0		N/A		N/A					N/A		N/A					11/15/2025	1	Laurel_Weeks							FALSE			
Sde-CBau_036	Sde-C-0241-E	Sde-CBau_036-Ex1	Absolute EtOH	N/A	N/A	11/13/2025	Laurel_Weeks	10-20	1243	Lauren_Knight	N/A	Sde-C_013	Buffer TL, Omega BioTek	2	Sde-C_013-DNA-Plate_E1	4	F	100	100	0		Sde-C_013-DNA-Plate_E2	4	F	100	100	0		N/A		N/A					N/A		N/A					11/15/2025	1	Laurel_Weeks							FALSE			
Sde-CBau_037	Sde-C-0242-E	Sde-CBau_037-Ex1	Absolute EtOH	N/A	N/A	11/13/2025	Laurel_Weeks	10-20	1243	Lauren_Knight	N/A	Sde-C_013	Buffer TL, Omega BioTek	2	Sde-C_013-DNA-Plate_E1	9	E	100	100	0		Sde-C_013-DNA-Plate_E2	9	E	100	100	0		N/A		N/A					N/A		N/A					11/15/2025	1	Laurel_Weeks							FALSE			
Sde-CPla_038	Sde-C-0345-E	Sde-CPla_038-Ex1	Absolute EtOH	N/A	N/A	11/13/2025	Laurel_Weeks	10-20	1243	Lauren_Knight	N/A	Sde-C_013	Buffer TL, Omega BioTek	2	Sde-C_013-DNA-Plate_E1	10	G	100	100	0		Sde-C_013-DNA-Plate_E2	10	G	100	100	0		N/A		N/A					N/A		N/A					11/15/2025	1	Laurel_Weeks							FALSE			
Sde-CPla_039	Sde-C-0346-E	Sde-CPla_039-Ex1	Absolute EtOH	N/A	N/A	11/13/2025	Laurel_Weeks	10-20	1243	Lauren_Knight	N/A	Sde-C_013	Buffer TL, Omega BioTek	2	Sde-C_013-DNA-Plate_E1	10	E	100	100	0		Sde-C_013-DNA-Plate_E2	10	E	100	100	0		N/A		N/A					N/A		N/A					11/15/2025	1	Laurel_Weeks							FALSE			
Sde-CBau_040	Sde-C-0245-E	Sde-CBau_040-Ex1	Absolute EtOH	N/A	N/A	11/13/2025	Laurel_Weeks	10-20	1243	Lauren_Knight	N/A	Sde-C_013	Buffer TL, Omega BioTek	2	Sde-C_013-DNA-Plate_E1	2	D	100	100	0		Sde-C_013-DNA-Plate_E2	2	D	100	100	0		N/A		N/A					N/A		N/A					11/15/2025	1	Laurel_Weeks							FALSE			
Sde-CBau_041	Sde-C-0246-E	Sde-CBau_041-Ex1	Absolute EtOH	N/A	N/A	11/13/2025	Laurel_Weeks	10-20	1243	Mariah_Isaacs	N/A	Sde-C_013	Buffer TL, Omega BioTek	2	Sde-C_013-DNA-Plate_E1	5	A	100	100	0		Sde-C_013-DNA-Plate_E2	5	A	100	100	0		N/A		N/A					N/A		N/A					11/15/2025	1	Laurel_Weeks							FALSE			
Sde-CLim_041	Sde-C-0459-E	Sde-CLim_041-Ex1	Absolute EtOH	N/A	N/A	11/13/2025	Laurel_Weeks	10-20	1243	Lauren_Knight	N/A	Sde-C_013	Buffer TL, Omega BioTek	2	Sde-C_013-DNA-Plate_E1	3	D	100	100	0		Sde-C_013-DNA-Plate_E2	3	D	100	100	0		N/A		N/A					N/A		N/A					11/15/2025	1	Laurel_Weeks							FALSE			
Sde-CPla_043	Sde-C-0350-E	Sde-CPla_043-Ex1	Absolute EtOH	N/A	N/A	11/13/2025	Laurel_Weeks	10-20	1243	Mariah_Isaacs	N/A	Sde-C_013	Buffer TL, Omega BioTek	2	Sde-C_013-DNA-Plate_E1	4	C	100	100	0		Sde-C_013-DNA-Plate_E2	4	C	100	100	0		N/A		N/A					N/A		N/A					11/15/2025	1	Laurel_Weeks							FALSE			
Sde-CPla_046	Sde-C-0353-E	Sde-CPla_046-Ex1	Absolute EtOH	N/A	N/A	11/13/2025	Laurel_Weeks	10-20	1243	Mariah_Isaacs	N/A	Sde-C_013	Buffer TL, Omega BioTek	2	Sde-C_013-DNA-Plate_E1	2	A	100	100	0		Sde-C_013-DNA-Plate_E2	2	A	100	100	0		N/A		N/A					N/A		N/A					11/15/2025	1	Laurel_Weeks							FALSE			
Sde-CLim_046	Sde-C-0464-E	Sde-CLim_046-Ex1	Absolute EtOH	N/A	N/A	11/13/2025	Laurel_Weeks	10-20	1243	Mariah_Isaacs	N/A	Sde-C_013	Buffer TL, Omega BioTek	2	Sde-C_013-DNA-Plate_E1	8	D	100	100	0		Sde-C_013-DNA-Plate_E2	8	D	100	100	0		N/A		N/A					N/A		N/A					11/15/2025	1	Laurel_Weeks							FALSE			
Sde-CBau_048	Sde-C-0253-E	Sde-CBau_048-Ex1	Absolute EtOH	N/A	N/A	11/13/2025	Laurel_Weeks	10-20	1243	Mariah_Isaacs	N/A	Sde-C_013	Buffer TL, Omega BioTek	2	Sde-C_013-DNA-Plate_E1	12	D	100	100	0		Sde-C_013-DNA-Plate_E2	12	D	100	100	0		N/A		N/A					N/A		N/A					11/15/2025	1	Laurel_Weeks							FALSE			
Sde-CPla_048	Sde-C-0355-E	Sde-CPla_048-Ex1	Absolute EtOH	N/A	N/A	11/13/2025	Laurel_Weeks	10-20	1243	Lauren_Knight	N/A	Sde-C_013	Buffer TL, Omega BioTek	2	Sde-C_013-DNA-Plate_E1	11	F	100	100	0		Sde-C_013-DNA-Plate_E2	11	F	100	100	0		N/A		N/A					N/A		N/A					11/15/2025	1	Laurel_Weeks							FALSE			
Sde-CLim_049	Sde-C-0467-E	Sde-CLim_049-Ex1	Absolute EtOH	N/A	N/A	11/13/2025	Laurel_Weeks	10-20	1243	Mariah_Isaacs	N/A	Sde-C_013	Buffer TL, Omega BioTek	2	Sde-C_013-DNA-Plate_E1	12	A	100	100	0		Sde-C_013-DNA-Plate_E2	12	A	100	100	0		N/A		N/A					N/A		N/A					11/15/2025	1	Laurel_Weeks							FALSE			
Sde-CPla_049	Sde-C-0356-E	Sde-CPla_049-Ex2	Absolute EtOH	N/A	N/A	11/13/2025	Laurel_Weeks	10-20	1243	Mariah_Isaacs	N/A	Sde-C_013	Buffer TL, Omega BioTek	2	Sde-C_013-DNA-Plate_E1	7	H	100	100	0		Sde-C_013-DNA-Plate_E2	7	H	100	100	0		N/A		N/A					N/A		N/A					11/15/2025	1	Laurel_Weeks						sample extracted twice; other extraction in 7E	FALSE			
Sde-CPla_050	Sde-C-0357-E	Sde-CPla_050-Ex1	Absolute EtOH	N/A	N/A	11/13/2025	Laurel_Weeks	10-20	1243	Lauren_Knight	N/A	Sde-C_013	Buffer TL, Omega BioTek	2	Sde-C_013-DNA-Plate_E1	11	C	100	100	0		Sde-C_013-DNA-Plate_E2	11	C	100	100	0		N/A		N/A					N/A		N/A					11/15/2025	1	Laurel_Weeks							FALSE			
Sde-CPla_052	Sde-C-0359-E	Sde-CPla_052-Ex1	Absolute EtOH	N/A	N/A	11/13/2025	Laurel_Weeks	10-20	1243	Lauren_Knight	N/A	Sde-C_013	Buffer TL, Omega BioTek	2	Sde-C_013-DNA-Plate_E1	2	F	100	100	0		Sde-C_013-DNA-Plate_E2	2	F	100	100	0		N/A		N/A					N/A		N/A					11/15/2025	1	Laurel_Weeks							FALSE			
Sde-CPla_054	Sde-C-0361-E	Sde-CPla_054-Ex1	Absolute EtOH	N/A	N/A	11/13/2025	Laurel_Weeks	10-20	1243	Lauren_Knight	N/A	Sde-C_013	Buffer TL, Omega BioTek	2	Sde-C_013-DNA-Plate_E1	6	F	100	100	0		Sde-C_013-DNA-Plate_E2	6	F	100	100	0		N/A		N/A					N/A		N/A					11/15/2025	1	Laurel_Weeks							FALSE			
Sde-CPla_055	Sde-C-0362-E	Sde-CPla_055-Ex1	Absolute EtOH	N/A	N/A	11/13/2025	Laurel_Weeks	10-20	1243	Lauren_Knight	N/A	Sde-C_013	Buffer TL, Omega BioTek	2	Sde-C_013-DNA-Plate_E1	7	D	100	100	0		Sde-C_013-DNA-Plate_E2	7	D	100	100	0		N/A		N/A					N/A		N/A					11/15/2025	1	Laurel_Weeks							FALSE			
Sde-CBau_056	Sde-C-0261-E	Sde-CBau_056-Ex1	Absolute EtOH	N/A	N/A	11/13/2025	Laurel_Weeks	10-20	1243	Mariah_Isaacs	N/A	Sde-C_013	Buffer TL, Omega BioTek	2	Sde-C_013-DNA-Plate_E1	6	G	100	100	0		Sde-C_013-DNA-Plate_E2	6	G	100	100	0		N/A		N/A					N/A		N/A					11/15/2025	1	Laurel_Weeks							FALSE			
Sde-CBau_057	Sde-C-0262-E	Sde-CBau_057-Ex1	Absolute EtOH	N/A	N/A	11/13/2025	Laurel_Weeks	10-20	1243	Lauren_Knight	N/A	Sde-C_013	Buffer TL, Omega BioTek	2	Sde-C_013-DNA-Plate_E1	1	A	100	100	0		Sde-C_013-DNA-Plate_E2	1	A	100	100	0		N/A		N/A					N/A		N/A					11/15/2025	1	Laurel_Weeks							FALSE			
Sde-CPla_058	Sde-C-0365-E	Sde-CPla_058-Ex1	Absolute EtOH	N/A	N/A	11/13/2025	Laurel_Weeks	10-20	1243	Lauren_Knight	N/A	Sde-C_013	Buffer TL, Omega BioTek	2	Sde-C_013-DNA-Plate_E1	4	A	100	100	0		Sde-C_013-DNA-Plate_E2	4	A	100	100	0		N/A		N/A					N/A		N/A					11/15/2025	1	Laurel_Weeks							FALSE			
Sde-CPla_059	Sde-C-0366-E	Sde-CPla_059-Ex1	Absolute EtOH	N/A	N/A	11/13/2025	Laurel_Weeks	10-20	1243	Mariah_Isaacs	N/A	Sde-C_013	Buffer TL, Omega BioTek	2	Sde-C_013-DNA-Plate_E1	6	A	100	100	0		Sde-C_013-DNA-Plate_E2	6	A	100	100	0		N/A		N/A					N/A		N/A					11/15/2025	1	Laurel_Weeks						Skin lost from piece that muscle was extracted from; another piece with muscle intact still in tube	FALSE			
Sde-CLim_059	Sde-C-0477-E	Sde-CLim_059-Ex1	Absolute EtOH	N/A	N/A	11/13/2025	Laurel_Weeks	10-20	1243	Lauren_Knight	N/A	Sde-C_013	Buffer TL, Omega BioTek	2	Sde-C_013-DNA-Plate_E1	8	H	100	100	0		Sde-C_013-DNA-Plate_E2	8	H	100	100	0		N/A		N/A					N/A		N/A					11/15/2025	1	Laurel_Weeks							FALSE			
Sde-CLim_060	Sde-C-0478-E	Sde-CLim_060-Ex1	Absolute EtOH	N/A	N/A	11/13/2025	Laurel_Weeks	10-20	1243	Lauren_Knight	N/A	Sde-C_013	Buffer TL, Omega BioTek	2	Sde-C_013-DNA-Plate_E1	8	B	100	100	0		Sde-C_013-DNA-Plate_E2	8	B	100	100	0		N/A		N/A					N/A		N/A					11/15/2025	1	Laurel_Weeks							FALSE			
Sde-CPla_062	Sde-C-0369-E	Sde-CPla_062-Ex1	Absolute EtOH	N/A	N/A	11/13/2025	Laurel_Weeks	10-20	1243	Lauren_Knight	N/A	Sde-C_013	Buffer TL, Omega BioTek	2	Sde-C_013-DNA-Plate_E1	2	B	100	100	0		Sde-C_013-DNA-Plate_E2	2	B	100	100	0		N/A		N/A					N/A		N/A					11/15/2025	1	Laurel_Weeks							FALSE			
Sde-CLim_064	Sde-C-0482-E	Sde-CLim_064-Ex1	Absolute EtOH	N/A	N/A	11/13/2025	Laurel_Weeks	10-20	1243	Lauren_Knight	N/A	Sde-C_013	Buffer TL, Omega BioTek	2	Sde-C_013-DNA-Plate_E1	5	C	100	100	0		Sde-C_013-DNA-Plate_E2	5	C	100	100	0		N/A		N/A					N/A		N/A					11/15/2025	1	Laurel_Weeks							FALSE			
Sde-CPla_064	Sde-C-0371-E	Sde-CPla_064-Ex1	Absolute EtOH	N/A	N/A	11/13/2025	Laurel_Weeks	10-20	1243	Lauren_Knight	N/A	Sde-C_013	Buffer TL, Omega BioTek	2	Sde-C_013-DNA-Plate_E1	5	H	100	100	0		Sde-C_013-DNA-Plate_E2	5	H	100	100	0		N/A		N/A					N/A		N/A					11/15/2025	1	Laurel_Weeks							FALSE			
Sde-CBau_067	Sde-C-0272-E	Sde-CBau_067-Ex1	Absolute EtOH	N/A	N/A	11/13/2025	Laurel_Weeks	10-20	1243	Lauren_Knight	N/A	Sde-C_013	Buffer TL, Omega BioTek	2	Sde-C_013-DNA-Plate_E1	11	H	100	100	0		Sde-C_013-DNA-Plate_E2	11	H	100	100	0		N/A		N/A					N/A		N/A					11/15/2025	1	Laurel_Weeks							FALSE			
Sde-CPla_069	Sde-C-0376-E	Sde-CPla_069-Ex1	Absolute EtOH	N/A	N/A	11/13/2025	Laurel_Weeks	10-20	1243	Lauren_Knight	N/A	Sde-C_013	Buffer TL, Omega BioTek	2	Sde-C_013-DNA-Plate_E1	4	G	100	100	0		Sde-C_013-DNA-Plate_E2	4	G	100	100	0		N/A		N/A					N/A		N/A					11/15/2025	1	Laurel_Weeks							FALSE			
Sde-CBau_070	Sde-C-0275-E	Sde-CBau_070-Ex1	Absolute EtOH	N/A	N/A	11/13/2025	Laurel_Weeks	10-20	1243	Lauren_Knight	N/A	Sde-C_013	Buffer TL, Omega BioTek	2	Sde-C_013-DNA-Plate_E1	5	F	100	100	0		Sde-C_013-DNA-Plate_E2	5	F	100	100	0		N/A		N/A					N/A		N/A					11/15/2025	1	Laurel_Weeks							FALSE			
Sde-CLim_072	Sde-C-0490-E	Sde-CLim_072-Ex1	Absolute EtOH	N/A	N/A	11/13/2025	Laurel_Weeks	10-20	1243	Mariah_Isaacs	N/A	Sde-C_013	Buffer TL, Omega BioTek	2	Sde-C_013-DNA-Plate_E1	11	G	100	100	0		Sde-C_013-DNA-Plate_E2	11	G	100	100	0		N/A		N/A					N/A		N/A					11/15/2025	1	Laurel_Weeks							FALSE			
Sde-CPla_073	Sde-C-0380-E	Sde-CPla_073-Ex1	Absolute EtOH	N/A	N/A	11/13/2025	Laurel_Weeks	10-20	1243	Mariah_Isaacs	N/A	Sde-C_013	Buffer TL, Omega BioTek	2	Sde-C_013-DNA-Plate_E1	12	F	100	100	0		Sde-C_013-DNA-Plate_E2	12	F	100	100	0		N/A		N/A					N/A		N/A					11/15/2025	1	Laurel_Weeks							FALSE			
Sde-CBau_074	Sde-C-0279-E	Sde-CBau_074-Ex1	Absolute EtOH	N/A	N/A	11/13/2025	Laurel_Weeks	10-20	1243	Mariah_Isaacs	N/A	Sde-C_013	Buffer TL, Omega BioTek	2	Sde-C_013-DNA-Plate_E1	7	B	100	100	0		Sde-C_013-DNA-Plate_E2	7	B	100	100	0		N/A		N/A					N/A		N/A					11/15/2025	1	Laurel_Weeks							FALSE			
Sde-CBau_075	Sde-C-0280-E	Sde-CBau_075-Ex1	Absolute EtOH	N/A	N/A	11/13/2025	Laurel_Weeks	10-20	1243	Lauren_Knight	N/A	Sde-C_013	Buffer TL, Omega BioTek	2	Sde-C_013-DNA-Plate_E1	1	B	100	100	0		Sde-C_013-DNA-Plate_E2	1	B	100	100	0		N/A		N/A					N/A		N/A					11/15/2025	1	Laurel_Weeks							FALSE			
Sde-CPla_076	Sde-C-0383-E	Sde-CPla_076-Ex1	Absolute EtOH	N/A	N/A	11/13/2025	Laurel_Weeks	10-20	1243	Lauren_Knight	N/A	Sde-C_013	Buffer TL, Omega BioTek	2	Sde-C_013-DNA-Plate_E1	8	C	100	100	0		Sde-C_013-DNA-Plate_E2	8	C	100	100	0		N/A		N/A					N/A		N/A					11/15/2025	1	Laurel_Weeks							FALSE			
Sde-CLim_076	Sde-C-0494-E	Sde-CLim_076-Ex1	Absolute EtOH	N/A	N/A	11/13/2025	Laurel_Weeks	10-20	1243	Mariah_Isaacs	N/A	Sde-C_013	Buffer TL, Omega BioTek	2	Sde-C_013-DNA-Plate_E1	8	F	100	100	0		Sde-C_013-DNA-Plate_E2	8	F	100	100	0		N/A		N/A					N/A		N/A					11/15/2025	1	Laurel_Weeks							FALSE			
Sde-CPla_078	Sde-C-0385-E	Sde-CPla_078-Ex1	Absolute EtOH	N/A	N/A	11/13/2025	Laurel_Weeks	10-20	1243	Lauren_Knight	N/A	Sde-C_013	Buffer TL, Omega BioTek	2	Sde-C_013-DNA-Plate_E1	5	E	100	100	0		Sde-C_013-DNA-Plate_E2	5	E	100	100	0		N/A		N/A					N/A		N/A					11/15/2025	1	Laurel_Weeks							FALSE			
Sde-CLim_078	Sde-C-0496-E	Sde-CLim_078-Ex1	Absolute EtOH	N/A	N/A	11/13/2025	Laurel_Weeks	10-20	1243	Lauren_Knight	N/A	Sde-C_013	Buffer TL, Omega BioTek	2	Sde-C_013-DNA-Plate_E1	1	F	100	100	0		Sde-C_013-DNA-Plate_E2	1	F	100	100	0		N/A		N/A					N/A		N/A					11/15/2025	1	Laurel_Weeks							FALSE			
Sde-CBau_079	Sde-C-0284-E	Sde-CBau_079-Ex1	Absolute EtOH	N/A	N/A	11/13/2025	Laurel_Weeks	10-20	1243	Mariah_Isaacs	N/A	Sde-C_013	Buffer TL, Omega BioTek	2	Sde-C_013-DNA-Plate_E1	11	B	100	100	0		Sde-C_013-DNA-Plate_E2	11	B	100	100	0		N/A		N/A					N/A		N/A					11/15/2025	1	Laurel_Weeks							FALSE			
Sde-CLim_079	Sde-C-0497-E	Sde-CLim_079-Ex1	Absolute EtOH	N/A	N/A	11/13/2025	Laurel_Weeks	10-20	1243	Lauren_Knight	N/A	Sde-C_013	Buffer TL, Omega BioTek	2	Sde-C_013-DNA-Plate_E1	7	G	100	100	0		Sde-C_013-DNA-Plate_E2	7	G	100	100	0		N/A		N/A					N/A		N/A					11/15/2025	1	Laurel_Weeks							FALSE			
Sde-CLim_080	Sde-C-0498-E	Sde-CLim_080-Ex1	Absolute EtOH	N/A	N/A	11/13/2025	Laurel_Weeks	10-20	1243	Lauren_Knight	N/A	Sde-C_013	Buffer TL, Omega BioTek	2	Sde-C_013-DNA-Plate_E1	10	B	100	100	0		Sde-C_013-DNA-Plate_E2	10	B	100	100	0		N/A		N/A					N/A		N/A					11/15/2025	1	Laurel_Weeks							FALSE			
Sde-CLim_081	Sde-C-0499-E	Sde-CLim_081-Ex1	Absolute EtOH	N/A	N/A	11/13/2025	Laurel_Weeks	10-20	1243	Lauren_Knight	N/A	Sde-C_013	Buffer TL, Omega BioTek	2	Sde-C_013-DNA-Plate_E1	4	H	100	100	0		Sde-C_013-DNA-Plate_E2	4	H	100	100	0		N/A		N/A					N/A		N/A					11/15/2025	1	Laurel_Weeks							FALSE			
Sde-CPla_082	Sde-C-0389-E	Sde-CPla_082-Ex1	Absolute EtOH	N/A	N/A	11/13/2025	Laurel_Weeks	10-20	1243	Lauren_Knight	N/A	Sde-C_013	Buffer TL, Omega BioTek	2	Sde-C_013-DNA-Plate_E1	8	E	100	100	0		Sde-C_013-DNA-Plate_E2	8	E	100	100	0		N/A		N/A					N/A		N/A					11/15/2025	1	Laurel_Weeks							FALSE			
Sde-CBau_083	Sde-C-0288-E	Sde-CBau_083-Ex1	Absolute EtOH	N/A	N/A	11/13/2025	Laurel_Weeks	10-20	1243	Lauren_Knight	N/A	Sde-C_013	Buffer TL, Omega BioTek	2	Sde-C_013-DNA-Plate_E1	3	B	100	100	0		Sde-C_013-DNA-Plate_E2	3	B	100	100	0		N/A		N/A					N/A		N/A					11/15/2025	1	Laurel_Weeks							FALSE			
Sde-CPla_084	Sde-C-0391-E	Sde-CPla_084-Ex1	Absolute EtOH	N/A	N/A	11/13/2025	Laurel_Weeks	10-20	1243	Mariah_Isaacs	N/A	Sde-C_013	Buffer TL, Omega BioTek	2	Sde-C_013-DNA-Plate_E1	2	G	100	100	0		Sde-C_013-DNA-Plate_E2	2	G	100	100	0		N/A		N/A					N/A		N/A					11/15/2025	1	Laurel_Weeks							FALSE			
Sde-CLim_087	Sde-C-1030-E	Sde-CLim_087-Ex1	Absolute EtOH	N/A	N/A	11/13/2025	Laurel_Weeks	10-20	1243	Mariah_Isaacs	N/A	Sde-C_013	Buffer TL, Omega BioTek	2	Sde-C_013-DNA-Plate_E1	3	E	100	100	0		Sde-C_013-DNA-Plate_E2	3	E	100	100	0		N/A		N/A					N/A		N/A					11/15/2025	1	Laurel_Weeks							FALSE			
Sde-CPla_089	Sde-C-0396-E	Sde-CPla_089-Ex1	Absolute EtOH	N/A	N/A	11/13/2025	Laurel_Weeks	10-20	1243	Mariah_Isaacs	N/A	Sde-C_013	Buffer TL, Omega BioTek	2	Sde-C_013-DNA-Plate_E1	10	H	100	100	0		Sde-C_013-DNA-Plate_E2	10	H	100	100	0		N/A		N/A					N/A		N/A					11/15/2025	1	Laurel_Weeks							FALSE			
Sde-CBau_090	Sde-C-0295-E	Sde-CBau_090-Ex1	Absolute EtOH	N/A	N/A	11/13/2025	Laurel_Weeks	10-20	1243	Lauren_Knight	N/A	Sde-C_013	Buffer TL, Omega BioTek	2	Sde-C_013-DNA-Plate_E1	9	H	100	100	0		Sde-C_013-DNA-Plate_E2	9	H	100	100	0		N/A		N/A					N/A		N/A					11/15/2025	1	Laurel_Weeks							FALSE			
Sde-CPla_092	Sde-C-0399-E	Sde-CPla_092-Ex1	Absolute EtOH	N/A	N/A	11/13/2025	Laurel_Weeks	10-20	1243	Mariah_Isaacs	N/A	Sde-C_013	Buffer TL, Omega BioTek	2	Sde-C_013-DNA-Plate_E1	2	C	100	100	0		Sde-C_013-DNA-Plate_E2	2	C	100	100	0		N/A		N/A					N/A		N/A					11/15/2025	1	Laurel_Weeks							FALSE			
Sde-CLim_093	Sde-C-1036-E	Sde-CLim_093-Ex1	Absolute EtOH	N/A	N/A	11/13/2025	Laurel_Weeks	10-20	1243	Lauren_Knight	N/A	Sde-C_013	Buffer TL, Omega BioTek	2	Sde-C_013-DNA-Plate_E1	12	C	100	100	0		Sde-C_013-DNA-Plate_E2	12	C	100	100	0		N/A		N/A					N/A		N/A					11/15/2025	1	Laurel_Weeks							FALSE			
Sde-CLim_094	Sde-C-1037-E	Sde-CLim_094-Ex1	Absolute EtOH	N/A	N/A	11/13/2025	Laurel_Weeks	10-20	1243	Lauren_Knight	N/A	Sde-C_013	Buffer TL, Omega BioTek	2	Sde-C_013-DNA-Plate_E1	6	B	100	100	0		Sde-C_013-DNA-Plate_E2	6	B	100	100	0		N/A		N/A					N/A		N/A					11/15/2025	1	Laurel_Weeks							FALSE			
Sde-CBau_094	Sde-C-0299-E	Sde-CBau_094-Ex1	Absolute EtOH	N/A	N/A	11/13/2025	Laurel_Weeks	10-20	1243	Mariah_Isaacs	N/A	Sde-C_013	Buffer TL, Omega BioTek	2	Sde-C_013-DNA-Plate_E1	3	H	100	100	0		Sde-C_013-DNA-Plate_E2	3	H	100	100	0		N/A		N/A					N/A		N/A					11/15/2025	1	Laurel_Weeks							FALSE			
Sde-CBau_096	Sde-C-0301-E	Sde-CBau_096-Ex1	Absolute EtOH	N/A	N/A	11/13/2025	Laurel_Weeks	10-20	1243	Lauren_Knight	N/A	Sde-C_013	Buffer TL, Omega BioTek	2	Sde-C_013-DNA-Plate_E1	5	B	100	100	0		Sde-C_013-DNA-Plate_E2	5	B	100	100	0		N/A		N/A					N/A		N/A					11/15/2025	1	Laurel_Weeks							FALSE			
Sde-CPla_097	Sde-C-0404-E	Sde-CPla_097-Ex1	Absolute EtOH	N/A	N/A	11/13/2025	Laurel_Weeks	10-20	1243	Mariah_Isaacs	N/A	Sde-C_013	Buffer TL, Omega BioTek	2	Sde-C_013-DNA-Plate_E1	1	C	100	100	0		Sde-C_013-DNA-Plate_E2	1	C	100	100	0		N/A		N/A					N/A		N/A					11/15/2025	1	Laurel_Weeks							FALSE			
Sde-CLim_098	Sde-C-1041-E	Sde-CLim_098-Ex1	Absolute EtOH	N/A	N/A	11/13/2025	Laurel_Weeks	10-20	1243	Lauren_Knight	N/A	Sde-C_013	Buffer TL, Omega BioTek	2	Sde-C_013-DNA-Plate_E1	4	D	100	100	0		Sde-C_013-DNA-Plate_E2	4	D	100	100	0		N/A		N/A					N/A		N/A					11/15/2025	1	Laurel_Weeks							FALSE			
Sde-CBau_098	Sde-C-0303-E	Sde-CBau_098-Ex1	Absolute EtOH	N/A	N/A	11/13/2025	Laurel_Weeks	10-20	1243	Mariah_Isaacs	N/A	Sde-C_013	Buffer TL, Omega BioTek	2	Sde-C_013-DNA-Plate_E1	10	F	100	100	0		Sde-C_013-DNA-Plate_E2	10	F	100	100	0		N/A		N/A					N/A		N/A					11/15/2025	1	Laurel_Weeks							FALSE			
Sde-CLim_099	Sde-C-1042-E	Sde-CLim_099-Ex1	Absolute EtOH	N/A	N/A	11/13/2025	Laurel_Weeks	10-20	1243	Mariah_Isaacs	N/A	Sde-C_013	Buffer TL, Omega BioTek	2	Sde-C_013-DNA-Plate_E1	12	G	100	100	0		Sde-C_013-DNA-Plate_E2	12	G	100	100	0		N/A		N/A					N/A		N/A					11/15/2025	1	Laurel_Weeks							FALSE			
Sde-CLim_100	Sde-C-1043-E	Sde-CLim_100-Ex1	Absolute EtOH	N/A	N/A	11/13/2025	Laurel_Weeks	10-20	1243	Lauren_Knight	N/A	Sde-C_013	Buffer TL, Omega BioTek	2	Sde-C_013-DNA-Plate_E1	3	G	100	100	0		Sde-C_013-DNA-Plate_E2	3	G	100	100	0		N/A		N/A					N/A		N/A					11/15/2025	1	Laurel_Weeks							FALSE			
Sde-CPla_101	Sde-C-0408-E	Sde-CPla_101-Ex1	Absolute EtOH	N/A	N/A	11/13/2025	Laurel_Weeks	10-20	1243	Lauren_Knight	N/A	Sde-C_013	Buffer TL, Omega BioTek	2	Sde-C_013-DNA-Plate_E1	3	C	100	100	0		Sde-C_013-DNA-Plate_E2	3	C	100	100	0		N/A		N/A					N/A		N/A					11/15/2025	1	Laurel_Weeks							FALSE			
Sde-CPla_104	Sde-C-0411-E	Sde-CPla_104-Ex1	Absolute EtOH	N/A	N/A	11/13/2025	Laurel_Weeks	10-20	1243	Mariah_Isaacs	N/A	Sde-C_013	Buffer TL, Omega BioTek	2	Sde-C_013-DNA-Plate_E1	10	C	100	100	0		Sde-C_013-DNA-Plate_E2	10	C	100	100	0		N/A		N/A					N/A		N/A					11/15/2025	1	Laurel_Weeks							FALSE			
Sde-CLim_105	Sde-C-1048-E	Sde-CLim_105-Ex1	Absolute EtOH	N/A	N/A	11/13/2025	Laurel_Weeks	10-20	1243	Lauren_Knight	N/A	Sde-C_013	Buffer TL, Omega BioTek	2	Sde-C_013-DNA-Plate_E1	12	E	100	100	0		Sde-C_013-DNA-Plate_E2	12	E	100	100	0		N/A		N/A					N/A		N/A					11/15/2025	1	Laurel_Weeks							FALSE			
Sde-CLim_107	Sde-C-1050-E	Sde-CLim_107-Ex1	Absolute EtOH	N/A	N/A	11/13/2025	Laurel_Weeks	10-20	1243	Lauren_Knight	N/A	Sde-C_013	Buffer TL, Omega BioTek	2	Sde-C_013-DNA-Plate_E1	7	F	100	100	0		Sde-C_013-DNA-Plate_E2	7	F	100	100	0		N/A		N/A					N/A		N/A					11/15/2025	1	Laurel_Weeks							FALSE			
Sde-CPla_108	Sde-C-0415-E	Sde-CPla_108-Ex1	Absolute EtOH	N/A	N/A	11/13/2025	Laurel_Weeks	10-20	1243	Lauren_Knight	N/A	Sde-C_013	Buffer TL, Omega BioTek	2	Sde-C_013-DNA-Plate_E1	6	C	100	100	0		Sde-C_013-DNA-Plate_E2	6	C	100	100	0		N/A		N/A					N/A		N/A					11/15/2025	1	Laurel_Weeks							FALSE			
Sde-CPla_112	Sde-C-0419b-E	Sde-CPla_112-Ex1	Absolute EtOH	N/A	N/A	11/13/2025	Laurel_Weeks	10-20	1243	Lauren_Knight	N/A	Sde-C_013	Buffer TL, Omega BioTek	2	Sde-C_013-DNA-Plate_E1	1	E	100	100	0		Sde-C_013-DNA-Plate_E2	1	E	100	100	0		N/A		N/A					N/A		N/A					11/15/2025	1	Laurel_Weeks							FALSE			
Sde-CBau_003	Sde-C-0208-E	Sde-CBau_003-Ex1	Absolute EtOH	N/A		4/1/2026	Laurel_Weeks	10-15	1468	Laurel_Weeks	1A	Sde-C_tubes-DNA	Buffer TL, Omega BioTek	2	Sde-C_tubes-DNA_1A-E1	1	A	100	100	0		1A-E2	1	A	100	100	0		N/A		N/A					N/A		N/A					4/2/2026	1	Laurel_Weeks							FALSE			
Sde-CBau_060	Sde-C-0265-E	Sde-CBau_060-Ex1	Absolute EtOH	N/A		4/1/2026	Laurel_Weeks	10-15	1468	Laurel_Weeks	1B	Sde-C_tubes-DNA	Buffer TL, Omega BioTek	2	Sde-C_tubes-DNA_1B-E1	1	B	100	100	0		1B-E2	1	B	100	100	0		N/A		N/A					N/A		N/A					4/2/2026	1	Laurel_Weeks							FALSE			
