sequencing_batch_id	species_code	era	site_id	match_id	collection_year_start	sequencing_type	#_of_individuals	seq_run_number	seq_complete?	hpc_name	hpc_path	read_length	project_owner	data_uploaded_by	geome_expedition_name	geome_expedition_guid	ncbi_bioproject_accession_number	ncbi_biosample_accession_number	ncbi_project_title	ncbi_data_public?	sequencing_notes	bioinformatics_notes
Abu_APnd_1909_LCWGS_1	Abu	A	Pnd	Pand	1909	LCWGS	55	1	Yes	wahab.hpc.odu.edu	/archive/carpenterlab/pire/pire_ambassis_buruensis_lcwgs/1st_sequencing_run	PE_150	see_notes	Mikaela Salvador	Abu_1909_CebuCity_Cebu_lcwgs	https://n2t.net/ark:/21547/GYl2	PRJNA1336322	NA	Ambassis_buruensis_1909_CebuCity_Cebu_lcwgs	No	mix of 3-6 species: A. buruensis, A. urotaenia, A. interrupta. see slack page. https://philippinespi-aqw9760.slack.com/archives/CT7B2AX7W/p1741204172250839.	NA
Abu_APnd_1909_LCWGS_2	Abu	A	Pnd	Pand	1909	LCWGS	48	2	Yes	wahab.hpc.odu.edu	/archive/carpenterlab/pire/pire_ambassis_buruensis_lcwgs/2nd_sequencing_run	PE_150	see_notes	Mikaela Salvador	Abu_1909_CebuCity_Cebu_lcwgs	https://n2t.net/ark:/21547/GYl2	PRJNA1336322	NA	Ambassis_buruensis_1909_CebuMarket_Cebu_lcwgs	No	mix of 3-6 species: A. buruensis, A. urotaenia, A. interrupta. see slack page. https://philippinespi-aqw9760.slack.com/archives/CT7B2AX7W/p1741204172250839.	NA
Abu_CPnd_2021_LCWGS_1	Abu	C	Pnd	Pand	2021	LCWGS	64	1	Yes	wahab.hpc.odu.edu	/archive/carpenterlab/pire/pire_ambassis_buruensis_lcwgs/1st_sequencing_run	PE_150	see_notes	Mikaela Salvador	Abu_2021_Getafe_Bohol_lcwgs	https://n2t.net/ark:/21547/GYr2	PRJNA1336836	NA	Ambassis_buruensis_2021_Getafe_Bohol_lcwgs	No	A. urotaenia. see slack page. https://philippinespi-aqw9760.slack.com/archives/CT7B2AX7W/p1741204172250839.	NA
Abu_CPnd_2021_LCWGS_2	Abu	C	Pnd	Pand	2021	LCWGS	48	2	Yes	wahab.hpc.odu.edu	/archive/carpenterlab/pire/pire_ambassis_buruensis_lcwgs/2nd_sequencing_run	PE_150	see_notes	Mikaela Salvador	Abu_2021_Getafe_Bohol_lcwgs	https://n2t.net/ark:/21547/GYr2	PRJNA1336836	NA	Ambassis_buruensis_2021_Getafe_Bohol_lcwgs	No	A. urotaenia. see slack page. https://philippinespi-aqw9760.slack.com/archives/CT7B2AX7W/p1741204172250839.	NA
Abu_CPnd_1909_SSL_1	Abu	C	Pnd	Pand	1909	SSL	1	1	Yes	wahab.hpc.odu.edu	/home/e1garcia/shotgun_PIRE/pire_ssl_data_processing/ambassis_buruensis	PE_150	see_notes	NA	NA	NA	NA	NA	NA	NA	was this 1909 or 2021? likely A. urotaenia. see slack page. https://philippinespi-aqw9760.slack.com/archives/CT7B2AX7W/p1741204172250839.	NA
Adu_AGui_1908_LCWGS_1	Adu	A	Gui	Guij	1908	LCWGS	49	1	NA	wahab.hpc.odu.edu	/archive/carpenterlab/pire/pire_atherinomorus_duodecimalis_lcwgs/1st_sequencing_run	PE_150	Brendan_Reid	Jason Selwyn	Adu_1908_CityofGuihulngan_NegrosOriental_lcwgs	https://n2t.net/ark:/21547/Gdi2	PRJNA1348150	NA	Doboatherina_duodecimalis_1908_CityofGuihulngan_NegrosOriental_lcwgs	NA	NA	NA
Adu_AHam_1908_LCWGS_1	Adu	A	Ham	HamC	1908	LCWGS	93	1	NA	wahab.hpc.odu.edu	/archive/carpenterlab/pire/pire_atherinomorus_duodecimalis_lcwgs/1st_sequencing_run	PE_150	Brendan_Reid	Jason Selwyn	Adu_1908_Nasugbu_Batangas_lcwgs	https://n2t.net/ark:/21547/Gdo2	PRJNA1348151	NA	Doboatherina_duodecimalis_1908_Nasugbu_Batangas_lcwgs	NA	NA	NA
Adu_AMat_1909_LCWGS_1	Adu	A	Mat	MatB	1909	LCWGS	85	1	NA	wahab.hpc.odu.edu	/archive/carpenterlab/pire/pire_atherinomorus_duodecimalis_lcwgs/1st_sequencing_run	PE_150	Brendan_Reid	Jason Selwyn	Adu_1909_Matnog_Sorsogon_lcwgs	https://n2t.net/ark:/21547/Gdu2	PRJNA1348152	NA	Doboatherina_duodecimalis_1909_Matnog_Sorsogon_lcwgs	NA	NA	NA
Adu_ASub_1908_LCWGS_1	Adu	A	Sub	SubB	1908	LCWGS	48	1	Yes	wahab.hpc.odu.edu	/archive/carpenterlab/pire/pire_atherinomorus_duodecimalis_lcwgs/1st_sequencing_run	PE_150	Brendan_Reid	Jason Selwyn	Adu_1908_Olongapo_Zambales_lcwgs	https://n2t.net/ark:/21547/GeG2	PRJNA1348174	NA	Doboatherina_duodecimalis_1908_Olongapo_Zambales_lcwgs	NA	NA	NA
Adu_ASub_1908_LCWGS_2	Adu	A	Sub	SubB	1908	LCWGS	48	2	Yes	wahab.hpc.odu.edu	/archive/carpenterlab/pire/pire_atherinomorus_duodecimalis_lcwgs/2nd_sequencing_run	PE_150	Brendan_Reid	Jason Selwyn	Adu_1908_Olongapo_Zambales_lcwgs	https://n2t.net/ark:/21547/GeG2	PRJNA1348174	NA	Doboatherina_duodecimalis_1908_Olongapo_Zambales_lcwgs	NA	NA	NA
Adu_ASub_1908_LCWGS_3	Adu	A	Sub	SubB	1908	LCWGS	48	3	Yes	wahab.hpc.odu.edu	/archive/carpenterlab/pire/pire_atherinomorus_duodecimalis_lcwgs/3rd_sequencing_run	PE_150	Brendan_Reid	Jason Selwyn	Adu_1908_Olongapo_Zambales_lcwgs	https://n2t.net/ark:/21547/GeG2	PRJNA1348174	NA	Doboatherina_duodecimalis_1908_Olongapo_Zambales_lcwgs	NA	NA	NA
Adu_ATag_1908_LCWGS_1	Adu	A	Tag	Tagb	1908	LCWGS	40	1	NA	wahab.hpc.odu.edu	/archive/carpenterlab/pire/pire_atherinomorus_duodecimalis_lcwgs/1st_sequencing_run	PE_150	Brendan_Reid	Jason Selwyn	Adu_1908_TagbilaranCity_Bohol_lcwgs	https://n2t.net/ark:/21547/GeM2	PRJNA1348179	NA	Doboatherina_duodecimalis_1908_TagbilaranCity_Bohol_lcwgs	NA	NA	NA
Adu_ATag_1908_LCWGS_4	Adu	A	Tag	Tagb	1908	LCWGS	40	4	NA	wahab.hpc.odu.edu	/archive/carpenterlab/pire/pire_atherinomorus_duodecimalis_lcwgs/4th_sequencing_run	PE_150	Brendan_Reid	Jason Selwyn	Adu_1908_TagbilaranCity_Bohol_lcwgs	https://n2t.net/ark:/21547/GeM2	PRJNA1348179	NA	Doboatherina_duodecimalis_1908_TagbilaranCity_Bohol_lcwgs	NA	NA	NA
Adu_ATaw_1908_LCWGS_1	Adu	A	Taw	Tawi	1908	LCWGS	69	1	NA	wahab.hpc.odu.edu	/archive/carpenterlab/pire/pire_atherinomorus_duodecimalis_lcwgs/1st_sequencing_run	PE_150	Brendan_Reid	Jason Selwyn	Adu_1908_Bongao_Tawitawi_lcwgs	https://n2t.net/ark:/21547/GeT2	PRJNA1348148	NA	Doboatherina_duodecimalis_1908_Bongao_Tawi-tawi_lcwgs, Oct 23 '25	NA	NA	NA
Adu_CGal_2022_LCWGS_1	Adu	C	Gal	PGal	2022	LCWGS	64	1	NA	wahab.hpc.odu.edu	/archive/carpenterlab/pire/pire_atherinomorus_duodecimalis_lcwgs/1st_sequencing_run	PE_150	Brendan_Reid	Jason Selwyn	Adu_2018_PuertoGalera_OrientalMindoro_lcwgs	https://n2t.net/ark:/21547/GeZ2	PRJNA1348153	NA	Doboatherina_duodecimalis_2018_PuertoGalera_OrientalMindoro_lcwgs	NA	NA	NA
Adu_CGui_2021_LCWGS_1	Adu	C	Gui	Guij	2021	LCWGS	64	1	NA	wahab.hpc.odu.edu	/archive/carpenterlab/pire/pire_atherinomorus_duodecimalis_lcwgs/1st_sequencing_run	PE_150	Brendan_Reid	Jason Selwyn	Adu_2021_CityofGuihulngan_NegrosOriental_lcwgs	https://n2t.net/ark:/21547/Gef2	PRJNA1348159	NA	Doboatherina_duodecimalis_2021_CityofGuihulngan_NegrosOriental_lcwgs	NA	NA	NA
Adu_CHam_2019_LCWGS_1	Adu	C	Ham	HamC	2019	LCWGS	47	1	NA	wahab.hpc.odu.edu	/archive/carpenterlab/pire/pire_atherinomorus_duodecimalis_lcwgs/1st_sequencing_run	PE_150	Brendan_Reid	Jason Selwyn	Adu_2019_Nasugbu_Batangas_lcwgs	https://n2t.net/ark:/21547/Gel2	PRJNA1348154	NA	Doboatherina_duodecimalis_2019_Nasugbu_Batangas_lcwgs	NA	NA	NA
Adu_CMat_2017_LCWGS_1	Adu	C	Mat	MatB	2017	LCWGS	47	1	NA	wahab.hpc.odu.edu	/archive/carpenterlab/pire/pire_atherinomorus_duodecimalis_lcwgs/1st_sequencing_run	PE_150	Brendan_Reid	NA	NA	NA	NA	NA	NA	NA	NA	NA
Adu_CSub_2019_LCWGS_1	Adu	C	Sub	SubB	2019	LCWGS	48	1	Yes	wahab.hpc.odu.edu	/archive/carpenterlab/pire/pire_atherinomorus_duodecimalis_lcwgs/1st_sequencing_run	PE_150	Brendan_Reid	Jason Selwyn	Adu_2019_Subic_Zambales_lcwgs	https://n2t.net/ark:/21547/Ger2	PRJNA1348155	NA	Doboatherina_duodecimalis_2019_Subic_Zambales_lcwgs	NA	NA	NA
Adu_CSub_2019_LCWGS_2	Adu	C	Sub	SubB	2019	LCWGS	48	2	Yes	wahab.hpc.odu.edu	/archive/carpenterlab/pire/pire_atherinomorus_duodecimalis_lcwgs/2nd_sequencing_run	PE_150	Brendan_Reid	Jason Selwyn	Adu_2019_Subic_Zambales_lcwgs	https://n2t.net/ark:/21547/Ger2	PRJNA1348155	NA	Doboatherina_duodecimalis_2019_Subic_Zambales_lcwgs	NA	NA	NA
Adu_CSub_2019_LCWGS_3	Adu	C	Sub	SubB	2019	LCWGS	48	3	Yes	wahab.hpc.odu.edu	/archive/carpenterlab/pire/pire_atherinomorus_duodecimalis_lcwgs/3rd_sequencing_run	PE_150	Brendan_Reid	Jason Selwyn	Adu_2019_Subic_Zambales_lcwgs	https://n2t.net/ark:/21547/Ger2	PRJNA1348155	NA	Doboatherina_duodecimalis_2019_Subic_Zambales_lcwgs	NA	NA	NA
Adu_CTag_2021_LCWGS_1	Adu	C	Tag	Tagb	2021	LCWGS	64	1	NA	wahab.hpc.odu.edu	/archive/carpenterlab/pire/pire_atherinomorus_duodecimalis_lcwgs/1st_sequencing_run	PE_150	Brendan_Reid	Jason Selwyn	Adu_2021_TagbilaranCity_Bohol_lcwgs	https://n2t.net/ark:/21547/Gex2	PRJNA1348160	NA	Doboatherina_duodecimalis_2021_TagbilaranCity_Bohol_lcwgs	NA	NA	NA
Adu_CTag_2021_LCWGS_4	Adu	C	Tag	Tagb	2021	LCWGS	48	4	NA	wahab.hpc.odu.edu	/archive/carpenterlab/pire/pire_atherinomorus_duodecimalis_lcwgs/4th_sequencing_run	PE_150	Brendan_Reid	Jason Selwyn	Adu_2021_TagbilaranCity_Bohol_lcwgs	https://n2t.net/ark:/21547/Gex2	PRJNA1348160	NA	Doboatherina_duodecimalis_2021_TagbilaranCity_Bohol_lcwgs	NA	NA	NA
Adu_CTaw_2021_LCWGS_1	Adu	C	Taw	Tawi	2021	LCWGS	64	1	NA	wahab.hpc.odu.edu	/archive/carpenterlab/pire/pire_atherinomorus_duodecimalis_lcwgs/1st_sequencing_run	PE_150	Brendan_Reid	Jason Selwyn	Adu_2021_Bongao_Tawitawi_lcwgs	https://n2t.net/ark:/21547/GfD2	PRJNA1348156	NA	Doboatherina_duodecimalis_2021_Bongao_Tawi-tawi_lcwgs	NA	NA	NA
Aen_AHam_1908_CSSL_1	Aen	A	Ham	HamC	1908	CSSL	60	1	Yes	wahab.hpc.odu.edu	/home/e1garcia/shotgun_PIRE/pire_cssl_data_processing/atherinomorus_endrachtensis	PE_150	Rene_Clark	Kyra_Fitz	Aen_1908_Nasugbu_Batangas	https://n2t.net/ark:/21547/FLX2	PRJNA990820	NA	Atherinomorus_endrachtensis_1908_Nasugbu_Batangas_CaptureSeq	Yes	NA	NA
Aen_CBat_2018_CSSL_1	Aen	C	Bat	HamC	2018	CSSL	95	1	Yes	wahab.hpc.odu.edu	/home/e1garcia/shotgun_PIRE/pire_cssl_data_processing/atherinomorus_endrachtensis	PE_150	Rene_Clark	Kyra_Fitz	Aen_2018_Nasugbu_Batangas	https://n2t.net/ark:/21547/FLd2	PRJNA991591	NA	Atherinomorus_endrachtensis_2018_Nasugbu_Batangas_CaptureSeq	Yes	NA	NA
Hte-CTic_070_Ex2	Ako	C	NA	NA	NA	NA	NA	NA	NA	NA	NA	NA	NA	NA	NA	NA	PRJNA1052058	SAMN39830499	NA	No	denovo genome assembly	NA
Aur-CRag_022	Aur	C	NA	NA	NA	NA	NA	NA	NA	NA	NA	NA	NA	NA	NA	NA	PRJNA1052058	SAMN39830500	NA	No	denovo genome assembly	NA
Hte-CTic_070	Aur	C	NA	NA	NA	NA	NA	NA	NA	NA	NA	NA	NA	NA	NA	NA	PRJNA1052058	SAMN39830500	NA	No	denovo genome assembly	NA
Cha_ACeb_1908_LCWGS_2	Cha	A	Ceb	Pand	1908	LCWGS	7	2	No	wahab.hpc.odu.edu	/archive/carpenterlab/pire/pire_corythoichthys_haematopterus_lcwgs/1st_sequencing_run	PE_150	John_Whalen	NA	Cha_1908_CebuCity_Cebu_lcwgs	https://n2t.net/ark:/21547/GdL2	PRJNA1338349	NA	Corythoichthys_haematopterus_1908_CebuCity_Cebu_lcwgs	No	NA	NA
Cha_APnd_1909_LCWGS_1	Cha	A	Pnd	Pand	1909	LCWGS	33	1	No	wahab.hpc.odu.edu	/archive/carpenterlab/pire/pire_corythoichthys_haematopterus_lcwgs/1st_sequencing_run	PE_150	John_Whalen	NA	Cha_1909_Getafe_Bohol_lcwgs	https://n2t.net/ark:/21547/GdF2	PRJNA1338567	NA	Corythoichthys_haematopterus_1909_Getafe_Bohol_lcwgs	No	NA	NA
Cha_APnd_1908_LCWGS_1	Cha	A	Pnd	Pand	1908	LCWGS	7	1	No	wahab.hpc.odu.edu	/archive/carpenterlab/pire/pire_corythoichthys_haematopterus_lcwgs/1st_sequencing_run	PE_150	John_Whalen	NA	Cha_1908_CebuCity_Cebu_lcwgs	https://n2t.net/ark:/21547/GdL2	PRJNA1338349	NA	Corythoichthys_haematopterus_1908_CebuCity_Cebu_lcwgs	No	NA	NA
Cha_APnd_1909_LCWGS_2	Cha	A	Pnd	Pand	1909	LCWGS	33	2	No	wahab.hpc.odu.edu	/archive/carpenterlab/pire/pire_corythoichthys_haematopterus_lcwgs/2nd_sequencing_run	PE_150	John_Whalen	NA	Cha_1909_Getafe_Bohol_lcwgs	https://n2t.net/ark:/21547/GdF2	PRJNA1338567	NA	Corythoichthys_haematopterus_1909_Getafe_Bohol_lcwgs	No	NA	NA
Cha_CPnd_2021_LCWGS_1	Cha	C	Pnd	Pand	2021	LCWGS	64	1	No	wahab.hpc.odu.edu	/archive/carpenterlab/pire/pire_corythoichthys_haematopterus_lcwgs/1st_sequencing_run	PE_150	John_Whalen	NA	Cha_2021_Getafe_Bohol_lcwgs	https://n2t.net/ark:/21547/Gcz2	PRJNA1338510	NA	Corythoichthys_haematopterus_2021_Getafe_Bohol_lcwgs	No	NA	NA
Cha_CPnd_2021_LCWGS_2	Cha	C	Pnd	Pand	2021	LCWGS	48	2	No	wahab.hpc.odu.edu	/archive/carpenterlab/pire/pire_corythoichthys_haematopterus_lcwgs/2nd_sequencing_run	PE_150	John_Whalen	NA	Cha_2021_Getafe_Bohol_lcwgs	https://n2t.net/ark:/21547/Gcz2	PRJNA1338510	NA	Corythoichthys_haematopterus_2021_Getafe_Bohol_lcwgs	No	NA	NA
Cha_CPnd_2021_SSL_1	Cha	C	Pnd	Pand	2021	SSL	1	1	Yes	wahab.hpc.odu.edu	/home/e1garcia/shotgun_PIRE/pire_ssl_data_processing/corythoichthys_haematopterus	PE_150	John_Whalen	NA	Cha_2021_PandanonIsland_Bohol_ssl	NA	NA	NA	NA	NA	NA	NA
Cvi_APal_1909_LCWGS_1	Cvi	A	Pal	Bali	1909	LCWGS	40	1	Yes	wahab.hpc.odu.edu	/home/e1garcia/shotgun_PIRE/pire_lcwgs_data_processing/chromis_viridis/1st_sequencing_run	PE_150	Jem_Baldisimo	Gianna_Mazzei	Cvi_1909_BatagIsland_NorthernSamar_lcwgs	https://n2t.net/ark:/21547/GWe2	PRJNA1313343	NA	Chromis_viridis_1909_BatagIsland_NorthernSamar_lcwgs	No	NA	NA
Cvi_APal_1909_LCWGS_2	Cvi	A	Pal	Bali	1909	LCWGS	40	2	Yes	wahab.hpc.odu.edu	/home/e1garcia/shotgun_PIRE/pire_lcwgs_data_processing/chromis_viridis/2nd_sequencing_run	PE_150	Jem_Baldisimo	Gianna_Mazzei	Cvi_1909_BatagIsland_NorthernSamar_lcwgs	https://n2t.net/ark:/21547/GWe2	PRJNA1313343	NA	Chromis_viridis_1909_BatagIsland_NorthernSamar_lcwgs	No	NA	NA
Cvi_CPal_2022_LCWGS_1	Cvi	C	Pal	Bali	2022	LCWGS	64	1	Yes	wahab.hpc.odu.edu	/home/e1garcia/shotgun_PIRE/pire_lcwgs_data_processing/chromis_viridis/1st_sequencing_run	PE_150	Jem_Baldisimo	Gianna_Mazzei	Cvi_2022_Biri_NorthernSamar_lcwgs	https://n2t.net/ark:/21547/GWY2	PRJNA1313319	NA	Chromis_viridis_2022_Biri_NorthernSamar_lcwgs	No	NA	NA
Cvi_CPal_2022_LCWGS_2	Cvi	C	Pal	Bali	2022	LCWGS	48	2	Yes	wahab.hpc.odu.edu	/home/e1garcia/shotgun_PIRE/pire_lcwgs_data_processing/chromis_viridis/2nd_sequencing_run	PE_150	Jem_Baldisimo	Gianna_Mazzei	Cvi_2022_Biri_NorthernSamar_lcwgs	https://n2t.net/ark:/21547/GWY2	PRJNA1313319	NA	Chromis_viridis_2022_Biri_NorthernSamar_lcwgs	No	NA	NA
Cvi_CPal_2022_SSL_1	Cvi	C	Pal	Bali	2022	SSL	1	1	Yes	wahab.hpc.odu.edu	/home/e1garcia/shotgun_PIRE/pire_ssl_data_processing/chromis_viridis	PE_150	Jem_Baldisimo	NA	NA	NA	NA	NA	NA	NA	NA	NA
Dar_AJol_1908_LCWGS_1	Dar	A	Jol	Jolo	1908	LCWGS	21	1	No	wahab.hpc.odu.edu	/home/e1garcia/shotgun_PIRE/pire_lcwgs_data_processing/dascyllus_aruanus/1st_sequencing_run	PE_150	Jem_Baldisimo	Gianna_Mazzei	Dar_1908_MarungasIsland_Sulu_lcwgs	https://n2t.net/ark:/21547/GUW2	PRJNA1052058	NA	Dascyllus_aruanus_1908_MarungasIsland_Sulu_lcwgs	No	NA	NA
Dar_AJol_1908_LCWGS_2	Dar	A	Jol	Jolo	1908	LCWGS	21	2	NA	wahab.hpc.odu.edu	/archive/carpenterlab/pire/pire_dascyllus_aruanus_lcwgs/2nd_sequencing_run	PE_150	Jem_Baldisimo	Gianna_Mazzei	Dar_1908_MarungasIsland_Sulu_lcwgs	https://n2t.net/ark:/21547/GUW2	PRJNA1052058	NA	Dascyllus_aruanus_1908_MarungasIsland_Sulu_lcwgs	No	NA	NA
Dar_CJol_2021_LCWGS_1	Dar	C	Jol	Jolo	2021	LCWGS	64	1	No	wahab.hpc.odu.edu	/home/e1garcia/shotgun_PIRE/pire_lcwgs_data_processing/dascyllus_aruanus/1st_sequencing_run	PE_150	Jem_Baldisimo	Gianna_Mazzei	Dar_2021_JoloIsland_Sulu_lcwgs	https://n2t.net/ark:/21547/GUc2	PRJNA1310006	NA	Dascyllus_aruanus_2021_JoloIsland_Sulu_lcwgs	No	NA	NA
Dar_CJol_2021_LCWGS_2	Dar	C	Jol	Jolo	2021	LCWGS	48	2	NA	wahab.hpc.odu.edu	/archive/carpenterlab/pire/pire_dascyllus_aruanus_lcwgs/2nd_sequencing_run	PE_150	Jem_Baldisimo	Gianna_Mazzei	Dar_2021_JoloIsland_Sulu_lcwgs	https://n2t.net/ark:/21547/GUc2	PRJNA1310006	NA	Dascyllus_aruanus_2021_JoloIsland_Sulu_lcwgs	No	NA	NA
Dar_CJol_2021_SSL_1	Dar	C	Jol	Jolo	2021	SSL	1	1	Yes	wahab.hpc.odu.edu	/home/e1garcia/shotgun_PIRE/pire_ssl_data_processing/dascyllus_aruanus	PE_150	Jem_Baldisimo	NA	NA	NA	NA	NA	NA	NA	NA	NA
Adu-CHam_028	Dba	C	NA	NA	NA	NA	NA	NA	NA	NA	NA	NA	NA	NA	NA	NA	PRJNA1052058	SAMN39830502	NA	No	denovo genome assembly	NA
Adu-CMat_001	Dba	C	NA	NA	NA	NA	NA	NA	NA	NA	NA	NA	NA	NA	NA	NA	PRJNA1052058	SAMN39830502	NA	No	denovo genome assembly	NA
Eps_CBai_2018_SSL_1	Eps	C	Bai	Bais	2018	SSL	1	1	Yes	wahab.hpc.odu.edu	/home/e1garcia/shotgun_PIRE/pire_ssl_data_processing/encrasicholina_pseudoheteroloba	PE_150	dropped_species	NA	NA	NA	NA	NA	NA	NA	Sequencing_data_weird-dropping_from_priority_list	NA
Gma_CRag_2022_SSL_1	Gma	C	Rag	RagR	2022	SSL	1	1	Yes	wahab.hpc.odu.edu	/home/e1garcia/shotgun_PIRE/pire_ssl_data_processing/gerres_macracanthus	PE_150	Brendan_Reid	NA	NA	NA	NA	NA	NA	NA	NA	NA
Gmi_ABas_1909_CSSL_1	Gmi	A	Bas	Basu	1909	CSSL	28	1	Yes	wahab.hpc.odu.edu	/home/e1garcia/shotgun_PIRE/pire_cssl_data_processing/gazza_minuta/1st_sequencing_run	PE_150	Chandy_Jablonski	NA	NA	NA	NA	NA	NA	NA	NA	NA
Gmi_ABas_1909_CSSL_2	Gmi	A	Bas	Basu	1909	CSSL	52	2	Yes	wahab.hpc.odu.edu	/home/e1garcia/shotgun_PIRE/pire_cssl_data_processing/gazza_minuta/2nd_sequencing_run	PE_150	Chandy_Jablonski	NA	NA	NA	NA	NA	NA	NA	NA	NA
Gmi_AHam_1908_CSSL_1	Gmi	A	Ham	HamC	1908	CSSL	33	1	Yes	wahab.hpc.odu.edu	/home/e1garcia/shotgun_PIRE/pire_cssl_data_processing/gazza_minuta/1st_sequencing_run	PE_150	Rene_Clark	Kyra_Fitz	Gmi_1908_Nasugbu_Batangas	https://n2t.net/ark:/21547/FMB2	PRJNA998057	NA	Gazza_minuta_1908_Nasugbu_Batangas_CaptureSeq	No	NA	NA
Gmi_AHam_1908_CSSL_2	Gmi	A	Ham	HamC	1908	CSSL	68	2	Yes	wahab.hpc.odu.edu	/home/e1garcia/shotgun_PIRE/pire_cssl_data_processing/gazza_minuta/2nd_sequencing_run	PE_150	Rene_Clark	Kyra_Fitz	Gmi_1908_Nasugbu_Batangas	https://n2t.net/ark:/21547/FMB2	PRJNA998057	NA	Gazza_minuta_1908_Nasugbu_Batangas_CaptureSeq	No	NA	NA
Gmi_CBas_2019_CSSL_1	Gmi	C	Bas	Basu	2019	CSSL	92	1	Yes	wahab.hpc.odu.edu	/home/e1garcia/shotgun_PIRE/pire_cssl_data_processing/gazza_minuta/1st_sequencing_run	PE_150	Chandy_Jablonski	NA	NA	NA	NA	NA	NA	NA	NA	NA
Gmi_CBas_2019_CSSL_2	Gmi	C	Bas	Basu	2019	CSSL	61	2	Yes	wahab.hpc.odu.edu	/home/e1garcia/shotgun_PIRE/pire_cssl_data_processing/gazza_minuta/2nd_sequencing_run	PE_150	Chandy_Jablonski	NA	NA	NA	NA	NA	NA	NA	NA	NA
Gmi_CBat_2018_CSSL_1	Gmi	C	Bat	HamC	2018	CSSL	96	1	Yes	wahab.hpc.odu.edu	/home/e1garcia/shotgun_PIRE/pire_cssl_data_processing/gazza_minuta/1st_sequencing_run	PE_150	Rene_Clark	Kyra_Fitz	Gmi_2018_Nasugbu_Batangas	https://n2t.net/ark:/21547/FMH2	PRJNA998814	NA	Gazza_minuta_2018_Nasugbu_Batangas_CaptureSeq	No	NA	NA
Gmi_CBat_2018_CSSL_2	Gmi	C	Bat	HamC	2018	CSSL	64	2	Yes	wahab.hpc.odu.edu	/home/e1garcia/shotgun_PIRE/pire_cssl_data_processing/gazza_minuta/2nd_sequencing_run	PE_150	Rene_Clark	Kyra_Fitz	Gmi_2018_Nasugbu_Batangas	https://n2t.net/ark:/21547/FMH2	PRJNA998814	NA	Gazza_minuta_2018_Nasugbu_Batangas_CaptureSeq	No	NA	NA
Goy_APnd_1909_LCWGS_1	Goy	A	Pnd	Pand	1909	LCWGS	67	1	Yes	wahab.hpc.odu.edu	/archive/carpenterlab/pire/pire_gerres_oyena_lcwgs/1st_sequencing_run	PE_150	John_Whalen	Gianna_Mazzei	Goy_1909_Getafe_Bohol_lcwgs	https://n2t.net/ark:/21547/FvB2	PRJNA1193264	NA	Gerres_oyena_1909_Getafe_Bohol_lcwgs	No	Albatross_separated_into_two_expeditions_since_individuals_(001-054)_and_(055-067)_differed_by_year_and_municipality	NA
Goy_APnd_1908_LCWGS_1	Goy	A	Pnd	Pand	1908	LCWGS	13	1	Yes	wahab.hpc.odu.edu	/archive/carpenterlab/pire/pire_gerres_oyena_lcwgs/1st_sequencing_run	PE_150	John_Whalen	Gianna_Mazzei	Goy_1908_Calape_Bohol_lcwgs	https://n2t.net/ark:/21547/FvH2	PRJNA1193122	NA	Gerres_oyena_1908_Calape_Bohol_lcwgs	No	Albatross_separated_into_two_expeditions_since_individuals_(001-054)_and_(055-067)_differed_by_year_and_municipality.SiteID_Pnd_on_Wahab	NA
Goy_APnd_1909_LCWGS_2	Goy	A	Pnd	Pand	1909	LCWGS	48	2	Yes	wahab.hpc.odu.edu	/archive/carpenterlab/pire/pire_gerres_oyena_lcwgs/2nd_sequencing_run	PE_150	John_Whalen	Gianna_Mazzei	Goy_1909_Getafe_Bohol_lcwgs	https://n2t.net/ark:/21547/FvB2	PRJNA1193264	NA	Gerres_oyena_1909_Getafe_Bohol_lcwgs	No	Albatross_separated_into_two_expeditions_since_individuals_(001-054)_and_(055-067)_differed_by_year_and_municipality	NA
Goy_APnd_1908_LCWGS_2	Goy	A	Pnd	Pand	1908	LCWGS	7	2	Yes	wahab.hpc.odu.edu	/archive/carpenterlab/pire/pire_gerres_oyena_lcwgs/2nd_sequencing_run	PE_150	John_Whalen	Gianna_Mazzei	Goy_1908_Calape_Bohol_lcwgs	https://n2t.net/ark:/21547/FvH2	PRJNA1193122	NA	Gerres_oyena_1908_Calape_Bohol_lcwgs	No	Albatross_separated_into_two_expeditions_since_individuals_(001-054)_and_(055-067)_differed_by_year_and_municipality.SiteID_Pnd_on_Wahab	NA
Goy_CPnd_2021_LCWGS_1	Goy	C	Pnd	Pand	2021	LCWGS	64	1	Yes	wahab.hpc.odu.edu	/archive/carpenterlab/pire/pire_gerres_oyena_lcwgs/1st_sequencing_run	PE_150	John_Whalen	Gianna_Mazzei	Goy_2021_Getafe_Bohol_lcwgs	https://n2t.net/ark:/21547/FvN2	PRJNA1193268	NA	Gerres_oyena_2021_Getafe_Bohol_lcwgs	No	NA	NA
Goy_CPnd_2021_LCWGS_2	Goy	C	Pnd	Pand	2021	LCWGS	48	2	Yes	wahab.hpc.odu.edu	/archive/carpenterlab/pire/pire_gerres_oyena_lcwgs/2nd_sequencing_run	PE_150	John_Whalen	Gianna_Mazzei	Goy_2021_Getafe_Bohol_lcwgs	https://n2t.net/ark:/21547/FvN2	PRJNA1193268	NA	Gerres_oyena_2021_Getafe_Bohol_lcwgs	No	NA	NA
Goy_CPas_2019_SSL_1	Goy	C	Pas	RagR	2019	SSL	1	1	Yes	wahab.hpc.odu.edu	/home/e1garcia/shotgun_PIRE/pire_ssl_data_processing/gerres_oyena	PE_150	John_Whalen	NA	Goy_2019_Pasacao_Luzon_ssl	NA	NA	NA	NA	NA	NA	NA
Hmi_ABas_1909_CSSL_1	Hmi	A	Bas	Daet	1909	CSSL	43	1	Yes	wahab.hpc.odu.edu	/home/e1garcia/shotgun_PIRE/pire_cssl_data_processing/halichoeres_miniatus	PE_150	Brendan_Reid	Gianna_Mazzei	Hmi_1909_Mercedes_Camarines-Norte_cssl	https://n2t.net/ark:/21547/Fvt2	PRJNA1197750	NA	Halichoeres_miniatus_1909_Mercedes_Camarines-Norte_CaptureSeq	No	low_coverage,_in_the_queue_for_more_sequencing_as_of_12/20/2023_(René_and_Brendan)	NA
Hmi_AMac_1909_CSSL_1	Hmi	A	Mac	Daet	1909	CSSL	49	1	Yes	wahab.hpc.odu.edu	/home/e1garcia/shotgun_PIRE/pire_cssl_data_processing/halichoeres_miniatus	PE_150	Brendan_Reid	Gianna_Mazzei	Hmi_1909_Paracale_Camarines-Norte_cssl	https://n2t.net/ark:/21547/Fvz2	PRJNA1197752	NA	Halichoeres_miniatus_1909_Paracale_Camarines-Norte_CaptureSeq	No	low_coverage,_in_the_queue_for_more_sequencing_as_of_12/20/2023_(René_and_Brendan)	NA
Hmi_CBas_2019_CSSL_1	Hmi	C	Bas	Daet	2019	CSSL	47	1	Yes	wahab.hpc.odu.edu	/home/e1garcia/shotgun_PIRE/pire_cssl_data_processing/halichoeres_miniatus	PE_150	Brendan_Reid	Gianna_Mazzei	Hmi_2019_Mercedes_Camarines-Norte_cssl	https://n2t.net/ark:/21547/FwF2	PRJNA1197495	NA	Halichoeres_miniatus_2019_Mercedes_Camarines-Norte_CaptureSeq	No	low_coverage,_in_the_queue_for_more_sequencing_as_of_12/20/2023_(René_and_Brendan)	NA
Hmi_CBas_2019_CSSL_2	Hmi	C	Bas	Daet	2019	CSSL	47	2	Yes	wahab.hpc.odu.edu	/archive/carpenterlab/pire/pire_halichoeres_miniatus_cssl/2nd_sequencing_run	PE_150	Brendan_Reid	Gianna_Mazzei	Hmi_2019_Mercedes_Camarines-Norte_cssl	https://n2t.net/ark:/21547/FwF2	PRJNA1197495	NA	Halichoeres_miniatus_2019_Mercedes_Camarines-Norte_CaptureSeq	No	NA	NA
Hmi_CPar_2019_CSSL_1	Hmi	C	Par	Daet	2019	CSSL	48	1	Yes	wahab.hpc.odu.edu	/home/e1garcia/shotgun_PIRE/pire_cssl_data_processing/halichoeres_miniatus	PE_150	Brendan_Reid	Gianna_Mazzei	Hmi_2019_Paracale_Camarines-Norte_cssl	https://n2t.net/ark:/21547/FwL2	PRJNA1197494	NA	Halichoeres_miniatus_2019_Paracale_Camarines-Norte_CaptureSeq	No	low_coverage,_in_the_queue_for_more_sequencing_as_of_12/20/2023_(René_and_Brendan)	NA
Hmi_CPar_2019_CSSL_2	Hmi	C	Par	Daet	2019	CSSL	48	2	Yes	wahab.hpc.odu.edu	/archive/carpenterlab/pire/pire_halichoeres_miniatus_cssl/2nd_sequencing_run	PE_150	Brendan_Reid	Gianna_Mazzei	Hmi_2019_Paracale_Camarines-Norte_cssl	https://n2t.net/ark:/21547/FwL2	PRJNA1197494	NA	Halichoeres_miniatus_2019_Paracale_Camarines-Norte_CaptureSeq	No	NA	NA
Hmi_CPar_2019_SSL_1	Hmi	C	Par	Daet	2019	SSL	1	1	Yes	wahab.hpc.odu.edu	/home/e1garcia/shotgun_PIRE/pire_ssl_data_processing/halichoeres_miniatus	PE_150	Brendan_Reid	NA	NA	NA	NA	NA	NA	NA	NA	NA
Hqu_CNas_2018_SSL_1	Hqu	C	Nas	Nasu	2018	SSL	1	1	Yes	wahab.hpc.odu.edu	/home/e1garcia/shotgun_PIRE/pire_ssl_data_processing/herklotsichthys_quadrimaculatus	PE_150	Brendan_Reid	NA	NA	NA	NA	NA	NA	NA	NA	NA
Hte_ATic_1908_CSSL_1	Hte	A	Tic	MatB	1908	CSSL	54	1	Yes	wahab.hpc.odu.edu	/home/e1garcia/shotgun_PIRE/pire_cssl_data_processing/hypoatherina_temminckii	PE_150	Brendan_Reid	NA	NA	NA	NA	NA	NA	NA	Per_lot_sheet,_this_appears_to_be_a_mix_of_H._temminckii_and_H._panatela_(M._Pinsky_2023-11-14)	NA
Hte_ABur_1908_LCWGS_1	Hte	A	Bur	CanB	1908	LCWGS	95	1	No	wahab.hpc.odu.edu	/home/e1garcia/shotgun_PIRE/pire_lcwgs_data_processing/hypoatherina_temminckii/1st_sequencing_run	PE_150	Brendan_Reid	Jason Selwyn	Hte_1908_SanPascual_Masbate_lcwgs	https://n2t.net/ark:/21547/Gbq2	PRJNA1337496	NA	Hypoatherina_temminckii_1908_SanPascual_Masbate_lcwgs	NA	NA	NA
Hte_ABur_1908_LCWGS_2	Hte	A	Bur	CanB	1908	LCWGS	48	2	NA	wahab.hpc.odu.edu	/archive/carpenterlab/pire/pire_hypoatherina_temminckii_lcwgs/2nd_sequencing_run	PE_150	Brendan_Reid	Jason Selwyn	Hte_1908_SanPascual_Masbate_lcwgs	https://n2t.net/ark:/21547/Gbq2	PRJNA1337496	NA	Hypoatherina_temminckii_1908_SanPascual_Masbate_lcwgs	NA	NA	NA
Hte_AJol_1908_LCWGS_1	Hte	A	Jol	Jolo	1908	LCWGS	96	1	No	wahab.hpc.odu.edu	/home/e1garcia/shotgun_PIRE/pire_lcwgs_data_processing/hypoatherina_temminckii/1st_sequencing_run	PE_150	Brendan_Reid	Jason Selwyn	Hte_1908_Jolo_Sulu_lcwgs	https://n2t.net/ark:/21547/Gbw2	PRJNA1337494	NA	Hypoatherina_temminckii_1908_Jolo_Sulu_lcwgs	NA	NA	NA
Hte_AJol_1908_LCWGS_2	Hte	A	Jol	Jolo	1908	LCWGS	48	2	NA	wahab.hpc.odu.edu	/archive/carpenterlab/pire/pire_hypoatherina_temminckii_lcwgs/2nd_sequencing_run	PE_150	Brendan_Reid	Jason Selwyn	Hte_1908_Jolo_Sulu_lcwgs	https://n2t.net/ark:/21547/Gbw2	PRJNA1337494	NA	Hypoatherina_temminckii_1908_Jolo_Sulu_lcwgs	NA	NA	NA
Hte_AMvi_1908_LCWGS_1	Hte	A	Mvi	Masi	1908	LCWGS	57	1	No	wahab.hpc.odu.edu	/home/e1garcia/shotgun_PIRE/pire_lcwgs_data_processing/hypoatherina_temminckii/1st_sequencing_run	PE_150	Brendan_Reid	Jason Selwyn	Hte_1908_Masinloc_Zambales_lcwgs	https://n2t.net/ark:/21547/Gbe2	PRJNA1337495	NA	Hypoatherina_temminckii_1908_Masinloc_Zambales_lcwgs	NA	NA	NA
Hte_AMvi_1908_LCWGS_2	Hte	A	Mvi	Masi	1908	LCWGS	48	2	NA	wahab.hpc.odu.edu	/archive/carpenterlab/pire/pire_hypoatherina_temminckii_lcwgs/2nd_sequencing_run	PE_150	Brendan_Reid	Jason Selwyn	Hte_1908_Masinloc_Zambales_lcwgs	https://n2t.net/ark:/21547/Gbe2	PRJNA1337495	NA	Hypoatherina_temminckii_1908_Masinloc_Zambales_lcwgs	NA	NA	NA
Hte_APnd_1909_LCWGS_1	Hte	A	Pnd	Pand	1909	LCWGS	32	1	No	wahab.hpc.odu.edu	/archive/carpenterlab/pire/pire_hypoatherina_temminckii_lcwgs/1st_sequencing_run	PE_150	John_Whalen	Jason Selwyn	Hte_1909_Getafe_Bohol_lcwgs	https://n2t.net/ark:/21547/GcC2	PRJNA1337498	NA	Hypoatherina_temminckii_1909_Getafe_Bohol_lcwgs	NA	NA	NA
Hte_APnd_1909_LCWGS_2	Hte	A	Pnd	Pand	1909	LCWGS	32	2	No	wahab.hpc.odu.edu	/archive/carpenterlab/pire/pire_hypoatherina_temminckii_lcwgs/2nd_sequencing_run	PE_150	John_Whalen	Jason Selwyn	Hte_1909_Getafe_Bohol_lcwgs	https://n2t.net/ark:/21547/GcC2	PRJNA1337498	NA	Hypoatherina_temminckii_1909_Getafe_Bohol_lcwgs	NA	NA	NA
Hte_ATaw_1908_LCWGS_1	Hte	A	Taw	Tawi	1908	LCWGS	78	1	No	wahab.hpc.odu.edu	/home/e1garcia/shotgun_PIRE/pire_lcwgs_data_processing/hypoatherina_temminckii/1st_sequencing_run	PE_150	Brendan_Reid	Jason Selwyn	Hte_1908_Bongao_Tawitawi_lcwgs	https://n2t.net/ark:/21547/Gbk2	PRJNA1337492	NA	Hypoatherina_temminckii_1908_Bongao_Tawi-tawi_lcwgs,	NA	NA	NA
Hte_ATaw_1908_LCWGS_2	Hte	A	Taw	Tawi	1908	LCWGS	48	2	NA	wahab.hpc.odu.edu	/archive/carpenterlab/pire/pire_hypoatherina_temminckii_lcwgs/2nd_sequencing_run	PE_150	Brendan_Reid	Jason Selwyn	Hte_1908_Bongao_Tawitawi_lcwgs	https://n2t.net/ark:/21547/Gbk2	PRJNA1337492	NA	Hypoatherina_temminckii_1908_Bongao_Tawi-tawi_lcwgs,	NA	NA	NA
Hte_ATic_1908_LCWGS_1	Hte	A	Tic	MatB	1908	LCWGS	82	1	No	wahab.hpc.odu.edu	/home/e1garcia/shotgun_PIRE/pire_lcwgs_data_processing/hypoatherina_temminckii/1st_sequencing_run	PE_150	Brendan_Reid	Jason Selwyn	Hte_1908_Bulan_Sorsogon_lcwgs	https://n2t.net/ark:/21547/GbS2	PRJNA1337493	NA	Hypoatherina_temminckii_1908_Bulan_Sorsogon_lcwgs	NA	NA	NA
Hte_CBur_2022_LCWGS_1	Hte	C	Bur	CanB	2022	LCWGS	64	1	No	wahab.hpc.odu.edu	/home/e1garcia/shotgun_PIRE/pire_lcwgs_data_processing/hypoatherina_temminckii/1st_sequencing_run	PE_150	Brendan_Reid	Jason Selwyn	Hte_2022_SanPascual_Masbate_lcwgs	https://n2t.net/ark:/21547/Gch2	PRJNA1337504	NA	Hypoatherina_temminckii_2022_SanPascual_Masbate_lcwgs	NA	NA	NA
Hte_CBur_2022_LCWGS_2	Hte	C	Bur	CanB	2022	LCWGS	48	2	NA	wahab.hpc.odu.edu	/archive/carpenterlab/pire/pire_hypoatherina_temminckii_lcwgs/2nd_sequencing_run	PE_150	Brendan_Reid	Jason Selwyn	Hte_2022_SanPascual_Masbate_lcwgs	https://n2t.net/ark:/21547/Gch2	PRJNA1337504	NA	Hypoatherina_temminckii_2022_SanPascual_Masbate_lcwgs	NA	NA	NA
Hte_CJol_2021_LCWGS_1	Hte	C	Jol	Jolo	2021	LCWGS	64	1	No	wahab.hpc.odu.edu	/home/e1garcia/shotgun_PIRE/pire_lcwgs_data_processing/hypoatherina_temminckii/1st_sequencing_run	PE_150	Brendan_Reid	Jason Selwyn	Hte_2021_PanglimaEstino_Sulu_lcwgs	https://n2t.net/ark:/21547/Gcn2	PRJNA1337503	NA	Hypoatherina_temminckii_2021_PanglimaEstino_Sulu_lcwgs	NA	NA	NA
Hte_CJol_2021_LCWGS_2	Hte	C	Jol	Jolo	2021	LCWGS	48	2	NA	wahab.hpc.odu.edu	/archive/carpenterlab/pire/pire_hypoatherina_temminckii_lcwgs/2nd_sequencing_run	PE_150	Brendan_Reid	Jason Selwyn	Hte_2021_PanglimaEstino_Sulu_lcwgs	https://n2t.net/ark:/21547/Gcn2	PRJNA1337503	NA	Hypoatherina_temminckii_2021_PanglimaEstino_Sulu_lcwgs	NA	NA	NA
Hte_CMvi_2019_LCWGS_1	Hte	C	Mvi	Masi	2019	LCWGS	58	1	No	wahab.hpc.odu.edu	/home/e1garcia/shotgun_PIRE/pire_lcwgs_data_processing/hypoatherina_temminckii/1st_sequencing_run	PE_150	Brendan_Reid	Jason Selwyn	Hte_2019_Palaulg_Zambales_lcwgs	https://n2t.net/ark:/21547/GcP2	PRJNA1337500	NA	Hypoatherina_temminckii_2019_Palaulg_Zambales_lcwgs	NA	NA	NA
Hte_CMvi_2019_LCWGS_2	Hte	C	Mvi	Masi	2019	LCWGS	48	2	NA	wahab.hpc.odu.edu	/archive/carpenterlab/pire/pire_hypoatherina_temminckii_lcwgs/2nd_sequencing_run	PE_150	Brendan_Reid	Jason Selwyn	Hte_2019_Palaulg_Zambales_lcwgs	https://n2t.net/ark:/21547/GcP2	PRJNA1337500	NA	Hypoatherina_temminckii_2019_Palaulg_Zambales_lcwgs	NA	NA	NA
Hte_CPnd_2021_LCWGS_1	Hte	C	Pnd	Pand	2021	LCWGS	64	1	No	wahab.hpc.odu.edu	/archive/carpenterlab/pire/pire_hypoatherina_temminckii_lcwgs/1st_sequencing_run	PE_150	John_Whalen	Jason Selwyn	Hte_2021_Getafe_Bohol_lcwgs	https://n2t.net/ark:/21547/Gcb2	PRJNA1337502	NA	Hypoatherina_temminckii_2021_Getafe_Bohol_lcwgs	NA	NA	NA
Hte_CPnd_2021_LCWGS_2	Hte	C	Pnd	Pand	2021	LCWGS	48	2	No	wahab.hpc.odu.edu	/archive/carpenterlab/pire/pire_hypoatherina_temminckii_lcwgs/2nd_sequencing_run	PE_150	John_Whalen	Jason Selwyn	Hte_2021_Getafe_Bohol_lcwgs	https://n2t.net/ark:/21547/Gcb2	PRJNA1337502	NA	Hypoatherina_temminckii_2021_Getafe_Bohol_lcwgs	NA	NA	NA
Hte_CTaw_2021_LCWGS_1	Hte	C	Taw	Tawi	2021	LCWGS	64	1	No	wahab.hpc.odu.edu	/home/e1garcia/shotgun_PIRE/pire_lcwgs_data_processing/hypoatherina_temminckii/1st_sequencing_run	PE_150	Brendan_Reid	Jason Selwyn	Hte_2021_Bongao_Tawitawi_lcwgs	https://n2t.net/ark:/21547/GcV2	PRJNA1337501	NA	Hypoatherina_temminckii_2021_Bongao_Tawi-tawi_lcwgs	NA	NA	NA
Hte_CTaw_2021_LCWGS_2	Hte	C	Taw	Tawi	2021	LCWGS	48	2	NA	wahab.hpc.odu.edu	/archive/carpenterlab/pire/pire_hypoatherina_temminckii_lcwgs/2nd_sequencing_run	PE_150	Brendan_Reid	Jason Selwyn	Hte_2021_Bongao_Tawitawi_lcwgs	https://n2t.net/ark:/21547/GcV2	PRJNA1337501	NA	Hypoatherina_temminckii_2021_Bongao_Tawi-tawi_lcwgs	NA	NA	NA
Hte_CTic_2017_LCWGS_1	Hte	C	Tic	MatB	2017	LCWGS	63	1	No	wahab.hpc.odu.edu	/home/e1garcia/shotgun_PIRE/pire_lcwgs_data_processing/hypoatherina_temminckii/1st_sequencing_run	PE_150	Brendan_Reid	Jason Selwyn	Hte_2017_Bulan_Sorsogon_lcwgs	https://n2t.net/ark:/21547/GcI2	PRJNA1337499	NA	Hypoatherina_temminckii_2017_Bulan_Sorsogon_lcwgs	NA	NA	NA
Hte_CTic_2017_SSL_1	Hte	C	Tic	MatB	2017	SSL	1	1	Yes	wahab.hpc.odu.edu	/home/e1garcia/shotgun_PIRE/pire_ssl_data_processing/hypoatherina_temminckii	PE_150	Brendan_Reid	NA	NA	NA	NA	NA	NA	NA	Directory_only_has_probe_design	NA
Sob-CKal_015	Hte	C	NA	NA	NA	NA	NA	NA	NA	NA	NA	NA	NA	NA	NA	NA	PRJNA1052058	SAMN39830503	NA	No	denovo genome assembly	NA
Sob-CKal_019	Hte	C	NA	NA	NA	NA	NA	NA	NA	NA	NA	NA	NA	NA	NA	NA	PRJNA1052058	SAMN39830503	NA	No	denovo genome assembly	NA
Leq_ABas_1909_CSSL_1	Leq	A	Bas	SMig	1909	CSSL	52	1	Yes	wahab.hpc.odu.edu	/home/e1garcia/shotgun_PIRE/pire_cssl_data_processing/leiognathus_equula/1st_sequencing_run	PE_150	Brendan_Reid	NA	NA	NA	NA	NA	NA	NA	NA	NA
Leq_ABas_1909_CSSL_2	Leq	A	Bas	SMig	1909	CSSL	46	2	Yes	wahab.hpc.odu.edu	/home/e1garcia/shotgun_PIRE/pire_cssl_data_processing/leiognathus_equula/2nd_sequencing_run	PE_150	Brendan_Reid	NA	NA	NA	NA	NA	NA	NA	NA	NA
Leq_CMig_2017_CSSL_1	Leq	C	Mig	SMig	2017	CSSL	62	1	Yes	wahab.hpc.odu.edu	/home/e1garcia/shotgun_PIRE/pire_cssl_data_processing/leiognathus_equula/1st_sequencing_run	PE_150	Brendan_Reid	NA	NA	NA	NA	NA	NA	NA	NA	NA
Leq_CMig_2017_CSSL_2	Leq	C	Mig	SMig	2017	CSSL	6	2	Yes	wahab.hpc.odu.edu	/home/e1garcia/shotgun_PIRE/pire_cssl_data_processing/leiognathus_equula/2nd_sequencing_run	PE_150	Brendan_Reid	NA	NA	NA	NA	NA	NA	NA	NA	NA
Lle_AHam_1908_CSSL_1	Lle	A	Ham	HamC	1908	CSSL	32	1	Yes	wahab.hpc.odu.edu	/home/e1garcia/shotgun_PIRE/pire_cssl_data_processing/leiognathus_leuciscus	PE_150	Rene_Clark	Kyra_Fitz	Ela_1908_Nasugbu_Batangas	https://n2t.net/ark:/21547/FMR2	PRJNA998845	NA	Equulites_laterofenestra_1908_Nasugbu_Batangas_CaptureSeq	No	Originally_identified_as_Leiognathus_leuciscus,_later_identification_corrected_to_Equulites_laterofenestra	NA
Lle_CNas_2018_CSSL_1	Lle	C	Nas	HamC	2018	CSSL	96	1	Yes	wahab.hpc.odu.edu	/home/e1garcia/shotgun_PIRE/pire_cssl_data_processing/leiognathus_leuciscus	PE_150	Rene_Clark	Kyra_Fitz	Ela_2018_Nasugbu_Batangas	https://n2t.net/ark:/21547/FMX2	PRJNA999299	NA	Equulites_laterofenestra_2018_Nasugbu_Batangas_CaptureSeq	No	Originally_identified_as_Leiognathus_leuciscus,_later_identification_corrected_to_Equulites_laterofenestra	NA
Lle-CNas_054	Lle	C	NA	NA	NA	NA	NA	NA	NA	NA	NA	NA	NA	NA	NA	NA	PRJNA1073454	SRR29777845	NA	No	denovo genome assembly	NA
Lva_APnd_1909_LCWGS_1	Lva	A	Pnd	Pand	1909	LCWGS	47	1	No	wahab.hpc.odu.edu	/archive/carpenterlab/pire/pire_lethrinus_variegatus_lcwgs/1st_sequencing_run	PE_150	John_Whalen	Jason Selwyn	Lva_1909_Getafe_Bohol_lcwgs	https://n2t.net/ark:/21547/GbF2	PRJNA1337420	NA	Lethrinus_variegatus_1909_Getafe_Bohol_lcwgs	NA	NA	NA
Lva_APnd_1909_LCWGS_2	Lva	A	Pnd	Pand	1909	LCWGS	47	2	NA	wahab.hpc.odu.edu	/archive/carpenterlab/pire/pire_lethrinus_variegatus_lcwgs/2nd_sequencing_run	PE_150	John_Whalen	Jason Selwyn	Lva_1909_Getafe_Bohol_lcwgs	https://n2t.net/ark:/21547/GbF2	PRJNA1337420	NA	Lethrinus_variegatus_1909_Getafe_Bohol_lcwgs	NA	NA	NA
Lva_APnd_1909_LCWGS_3	Lva	A	Pnd	Pand	1909	LCWGS	47	3	NA	wahab.hpc.odu.edu	/archive/carpenterlab/pire/pire_lethrinus_variegatus_lcwgs/3rd_sequencing_run	PE_150	John_Whalen	Jason Selwyn	Lva_1909_Getafe_Bohol_lcwgs	https://n2t.net/ark:/21547/GbF2	PRJNA1337420	NA	Lethrinus_variegatus_1909_Getafe_Bohol_lcwgs	NA	NA	NA
Lva_CPnd_2021_LCWGS_1	Lva	C	Pnd	Pand	2021	LCWGS	48	1	No	wahab.hpc.odu.edu	/archive/carpenterlab/pire/pire_lethrinus_variegatus_lcwgs/1st_sequencing_run	PE_150	John_Whalen	Jason Selwyn	Lva_2021_Getafe_Bohol_lcwgs	https://n2t.net/ark:/21547/GbL2	PRJNA1337175	NA	Lethrinus_variegatus_2021_Getafe_Bohol_lcwgs	NA	NA	NA
Lva_CPnd_2021_LCWGS_2	Lva	C	Pnd	Pand	2021	LCWGS	48	2	NA	wahab.hpc.odu.edu	/archive/carpenterlab/pire/pire_lethrinus_variegatus_lcwgs/2nd_sequencing_run	PE_150	John_Whalen	Jason Selwyn	Lva_2021_Getafe_Bohol_lcwgs	https://n2t.net/ark:/21547/GbL2	PRJNA1337175	NA	Lethrinus_variegatus_2021_Getafe_Bohol_lcwgs	NA	NA	NA
Lva_CPnd_2021_LCWGS_3	Lva	C	Pnd	Pand	2021	LCWGS	48	3	NA	wahab.hpc.odu.edu	/archive/carpenterlab/pire/pire_lethrinus_variegatus_lcwgs/3rd_sequencing_run	PE_150	John_Whalen	Jason Selwyn	Lva_2021_Getafe_Bohol_lcwgs	https://n2t.net/ark:/21547/GbL2	PRJNA1337175	NA	Lethrinus_variegatus_2021_Getafe_Bohol_lcwgs	NA	NA	NA
Lva_CPnd_2021_SSL_1	Lva	C	Pnd	Pand	2021	SSL	1	1	Yes	wahab.hpc.odu.edu	/home/e1garcia/shotgun_PIRE/pire_ssl_data_processing/lethrinus_variegatus	PE_150	John_Whalen	NA	Lva_2021_PandanonIsland_Bohol_ssl	NA	NA	NA	NA	NA	NA	NA
Och_ACan_1909_LCWGS_3	Och	A	Can	CanB	1909	LCWGS	24	3	NA	wahab.hpc.odu.edu	/archive/carpenterlab/pire/pire_ostorhinchus_chrysopomus_lcwgs/3rd_sequencing_run	PE_150	up_for_grabs	Jason Selwyn	Och_1909_SanPascual_Masbate_lcwgs	https://n2t.net/ark:/21547/Gaz2	PRJNA1337169	NA	Ostorhinchus_chrysopomus_1909_SanPascual_Masbate_lcwgs	NA	NA	NA
Och_ACan_1909_LCWGS_4	Och	A	Can	CanB	1909	LCWGS	24	4	NA	wahab.hpc.odu.edu	/archive/carpenterlab/pire/pire_ostorhinchus_chrysopomus_lcwgs/4th_sequencing_run	PE_150	up_for_grabs	Jason Selwyn	Och_1909_SanPascual_Masbate_lcwgs	https://n2t.net/ark:/21547/Gaz2	PRJNA1337169	NA	Ostorhinchus_chrysopomus_1909_SanPascual_Masbate_lcwgs	NA	NA	NA
Och_ACat_1908_LCWGS_1	Och	A	Cat	Catb	1908	LCWGS	46	1	NA	wahab.hpc.odu.edu	/archive/carpenterlab/pire/pire_ostorhinchus_chrysopomus_lcwgs/1st_sequencing_run	PE_150	up_for_grabs	Jason Selwyn	Och_1908_Catbalogan_Samar_lcwgs	https://n2t.net/ark:/21547/Gat2	PRJNA1347927	NA	Ostorhinchus_chrysopomus_1908_Catbalogan_Samar_lcwgs	NA	NA	NA
Och_ACat_1908_LCWGS_2	Och	A	Cat	Catb	1908	LCWGS	46	2	NA	wahab.hpc.odu.edu	/archive/carpenterlab/pire/pire_ostorhinchus_chrysopomus_lcwgs/2nd_sequencing_run	PE_150	up_for_grabs	Jason Selwyn	Och_1908_Catbalogan_Samar_lcwgs	https://n2t.net/ark:/21547/Gat2	PRJNA1347927	NA	Ostorhinchus_chrysopomus_1908_Catbalogan_Samar_lcwgs	NA	NA	NA
Och_ACat_1908_LCWGS_4	Och	A	Cat	Catb	1908	LCWGS	41	4	NA	wahab.hpc.odu.edu	/archive/carpenterlab/pire/pire_ostorhinchus_chrysopomus_lcwgs/4th_sequencing_run	PE_150	up_for_grabs	Jason Selwyn	Och_1908_Catbalogan_Samar_lcwgs	https://n2t.net/ark:/21547/Gat2	PRJNA1347927	NA	Ostorhinchus_chrysopomus_1908_Catbalogan_Samar_lcwgs	NA	NA	NA
Och_ATum_1908_LCWGS_1	Och	A	Tum	Tumi	1908	LCWGS	37	1	NA	wahab.hpc.odu.edu	/archive/carpenterlab/pire/pire_ostorhinchus_chrysopomus_lcwgs/1st_sequencing_run	PE_150	up_for_grabs	Jason Selwyn	Och_1908_Sitangkai_Tawitawi_lcwgs	https://n2t.net/ark:/21547/Gah2	PRJNA1347863	NA	Ostorhinchus_chrysopomus_1908_Sitangkai_Tawitawi_lcwgs	NA	NA	NA
Och_ATum_1908_LCWGS_2	Och	A	Tum	Tumi	1908	LCWGS	37	2	NA	wahab.hpc.odu.edu	/archive/carpenterlab/pire/pire_ostorhinchus_chrysopomus_lcwgs/2nd_sequencing_run	PE_150	up_for_grabs	Jason Selwyn	Och_1908_Sitangkai_Tawitawi_lcwgs	https://n2t.net/ark:/21547/Gah2	PRJNA1347863	NA	Ostorhinchus_chrysopomus_1908_Sitangkai_Tawitawi_lcwgs	NA	NA	NA
Och_ATum_1908_LCWGS_4	Och	A	Tum	Tumi	1908	LCWGS	36	4	NA	wahab.hpc.odu.edu	/archive/carpenterlab/pire/pire_ostorhinchus_chrysopomus_lcwgs/4th_sequencing_run	PE_150	up_for_grabs	Jason Selwyn	Och_1908_Sitangkai_Tawitawi_lcwgs	https://n2t.net/ark:/21547/Gah2	PRJNA1347863	NA	Ostorhinchus_chrysopomus_1908_Sitangkai_Tawitawi_lcwgs	NA	NA	NA
Och_CBur_2022_LCWGS_3	Och	C	Bur	CanB	2022	LCWGS	64	3	NA	wahab.hpc.odu.edu	/archive/carpenterlab/pire/pire_ostorhinchus_chrysopomus_lcwgs/3rd_sequencing_run	PE_150	up_for_grabs	NA	NA	NA	NA	NA	NA	NA	NA	NA
Och_CBur_2022_LCWGS_4	Och	C	Bur	CanB	2022	LCWGS	48	4	NA	wahab.hpc.odu.edu	/archive/carpenterlab/pire/pire_ostorhinchus_chrysopomus_lcwgs/4th_sequencing_run	PE_150	up_for_grabs	NA	NA	NA	NA	NA	NA	NA	NA	NA
Och_CCat_2022_LCWGS_1	Och	C	Cat	Catb	2022	LCWGS	63	1	NA	wahab.hpc.odu.edu	/archive/carpenterlab/pire/pire_ostorhinchus_chrysopomus_lcwgs/1st_sequencing_run	PE_150	up_for_grabs	Jason Selwyn	Och_2022_Catbalogan_Samar_lcwgs	https://n2t.net/ark:/21547/Gat2	PRJNA1348095	NA	Ostorhinchus_chrysopomus_2022_Catbalogan_Samar_lcwgs	NA	NA	NA
Och_CCat_2022_LCWGS_2	Och	C	Cat	Catb	2022	LCWGS	63	2	NA	wahab.hpc.odu.edu	/archive/carpenterlab/pire/pire_ostorhinchus_chrysopomus_lcwgs/2nd_sequencing_run	PE_150	up_for_grabs	Jason Selwyn	Och_2022_Catbalogan_Samar_lcwgs	https://n2t.net/ark:/21547/Gat2	PRJNA1348095	NA	Ostorhinchus_chrysopomus_2022_Catbalogan_Samar_lcwgs	NA	NA	NA
Och_CCat_2022_LCWGS_4	Och	C	Cat	Catb	2022	LCWGS	48	4	NA	wahab.hpc.odu.edu	/archive/carpenterlab/pire/pire_ostorhinchus_chrysopomus_lcwgs/4th_sequencing_run	PE_150	up_for_grabs	Jason Selwyn	Och_2022_Catbalogan_Samar_lcwgs	https://n2t.net/ark:/21547/Gat2	PRJNA1348095	NA	Ostorhinchus_chrysopomus_2022_Catbalogan_Samar_lcwgs	NA	NA	NA
Och_CTum_2021_LCWGS_1	Och	C	Tum	Tumi	2021	LCWGS	50	1	NA	wahab.hpc.odu.edu	/archive/carpenterlab/pire/pire_ostorhinchus_chrysopomus_lcwgs/1st_sequencing_run	PE_150	up_for_grabs	Jason Selwyn	Och_2021_Sitangkai_Tawitawi_lcwgs	https://n2t.net/ark:/21547/Gan2	PRJNA1347862	NA	Ostorhinchus_chrysopomus_2021_Sitangkai_Tawitawi_lcwgs	NA	NA	NA
Och_CTum_2021_LCWGS_2	Och	C	Tum	Tumi	2021	LCWGS	50	2	NA	wahab.hpc.odu.edu	/archive/carpenterlab/pire/pire_ostorhinchus_chrysopomus_lcwgs/2nd_sequencing_run	PE_150	up_for_grabs	Jason Selwyn	Och_2021_Sitangkai_Tawitawi_lcwgs	https://n2t.net/ark:/21547/Gan2	PRJNA1347862	NA	Ostorhinchus_chrysopomus_2021_Sitangkai_Tawitawi_lcwgs	NA	NA	NA
Och_CTum_2021_LCWGS_4	Och	C	Tum	Tumi	2021	LCWGS	48	4	NA	wahab.hpc.odu.edu	/archive/carpenterlab/pire/pire_ostorhinchus_chrysopomus_lcwgs/4th_sequencing_run	PE_150	up_for_grabs	Jason Selwyn	Och_2021_Sitangkai_Tawitawi_lcwgs	https://n2t.net/ark:/21547/Gan2	PRJNA1347862	NA	Ostorhinchus_chrysopomus_2021_Sitangkai_Tawitawi_lcwgs	NA	NA	NA
Och_CTum_2021_SSL_1	Och	C	Tum	Tumi	2021	SSL	1	1	Yes	wahab.hpc.odu.edu	/home/e1garcia/shotgun_PIRE/pire_ssl_data_processing/ostorhinchus_chrysopomus	PE_150	Brendan_Reid	NA	NA	NA	NA	NA	NA	NA	NA	NA
Par_ARag_1909_LCWGS_1	Par	A	Rag	RagR	1909	LCWGS	21	1	Yes	wahab.hpc.odu.edu	/home/e1garcia/shotgun_PIRE/pire_lcwgs_data_processing/periophthalmus_argentilineatus/1st_sequencing_run	PE_150	Brendan_Reid	NA	NA	NA	NA	NA	NA	NA	very_high_contamination_likely_unusable	NA
Par_ARag_1909_LCWGS_2	Par	A	Rag	RagR	1909	LCWGS	21	2	Yes	wahab.hpc.odu.edu	/home/e1garcia/shotgun_PIRE/pire_lcwgs_data_processing/periophthalmus_argentilineatus/2nd_sequencing_run	PE_150	Brendan_Reid	NA	NA	NA	NA	NA	NA	NA	very_high_contamination_likely_unusable	NA
Par_CPas_2019_LCWGS_1	Par	C	Pas	RagR	2019	LCWGS	50	1	Yes	wahab.hpc.odu.edu	/home/e1garcia/shotgun_PIRE/pire_lcwgs_data_processing/periophthalmus_argentilineatus/1st_sequencing_run	PE_150	Brendan_Reid	NA	NA	NA	NA	NA	NA	NA	NA	NA
Par_CPas_2019_LCWGS_2	Par	C	Pas	RagR	2019	LCWGS	50	2	Yes	wahab.hpc.odu.edu	/home/e1garcia/shotgun_PIRE/pire_lcwgs_data_processing/periophthalmus_argentilineatus/2nd_sequencing_run	PE_150	Brendan_Reid	NA	NA	NA	NA	NA	NA	NA	NA	NA
Par_CPas_2019_SSL_1	Par	C	Pas	RagR	2019	SSL	1	1	Yes	wahab.hpc.odu.edu	/home/e1garcia/shotgun_PIRE/pire_ssl_data_processing/periophthalmus_argentilineatus	PE_150	Brendan_Reid	NA	NA	NA	NA	NA	NA	NA	NA	NA
Pba_ABir_1909_LCWGS_1	Pba	A	Bir	Bali	1909	LCWGS	13	1	NA	wahab.hpc.odu.edu	/archive/carpenterlab/pire/pire_pomacentrus_brachialis_lcwgs/1st_sequencing_run	PE_150	Jem_Baldisimo	Jason Selwyn	Pbr_1909_Biri_NorthernSamar_lcwgs	https://n2t.net/ark:/21547/GfJ2	PRJNA1348186	NA	Pomacentrus_brachialis_1909_Biri_NorthernSamar_lcwgs	NA	NA	NA
Pba_ABir_1909_LCWGS_2	Pba	A	Bir	Bali	1909	LCWGS	13	2	NA	wahab.hpc.odu.edu	/archive/carpenterlab/pire/pire_pomacentrus_brachialis_lcwgs/2nd_sequencing_run	PE_150	Jem_Baldisimo	Jason Selwyn	Pbr_1909_Biri_NorthernSamar_lcwgs	https://n2t.net/ark:/21547/GfJ2	PRJNA1348186	NA	Pomacentrus_brachialis_1909_Biri_NorthernSamar_lcwgs	NA	NA	NA
Pba_ABur_1908_LCWGS_1	Pba	A	Bur	Buri	1908	LCWGS	56	1	NA	wahab.hpc.odu.edu	/archive/carpenterlab/pire/pire_pomacentrus_brachialis_lcwgs/1st_sequencing_run	PE_150	Jem_Baldisimo	Jason Selwyn	Pbr_1908_SanPascual_Masbate_lcwgs	https://n2t.net/ark:/21547/GfW2	PRJNA1348191	NA	Pomacentrus_brachialis_1908_SanPascual_Masbate_lcwgs	NA	NA	NA
Pba_ABur_1908_LCWGS_2	Pba	A	Bur	Buri	1908	LCWGS	48	2	NA	wahab.hpc.odu.edu	/archive/carpenterlab/pire/pire_pomacentrus_brachialis_lcwgs/2nd_sequencing_run	PE_150	Jem_Baldisimo	Jason Selwyn	Pbr_1908_SanPascual_Masbate_lcwgs	https://n2t.net/ark:/21547/GfW2	PRJNA1348191	NA	Pomacentrus_brachialis_1908_SanPascual_Masbate_lcwgs	NA	NA	NA
Pba_AGal_1908_LCWGS_1	Pba	A	Gal	PGal	1908	LCWGS	20	1	NA	wahab.hpc.odu.edu	/archive/carpenterlab/pire/pire_pomacentrus_brachialis_lcwgs/1st_sequencing_run	PE_150	Jem_Baldisimo	Jason Selwyn	Pbr_1909_Batangas_Batangas_lcwgs	https://n2t.net/ark:/21547/Gfo2	PRJNA1348184	NA	Pomacentrus_brachialis_1909_Batangas_Batangas_lcwgs	NA	NA	NA
Pba_AGal_1908_LCWGS_2	Pba	A	Gal	PGal	1908	LCWGS	20	2	NA	wahab.hpc.odu.edu	/archive/carpenterlab/pire/pire_pomacentrus_brachialis_lcwgs/2nd_sequencing_run	PE_150	Jem_Baldisimo	Jason Selwyn	Pbr_1909_Batangas_Batangas_lcwgs	https://n2t.net/ark:/21547/Gfo2	PRJNA1348184	NA	Pomacentrus_brachialis_1909_Batangas_Batangas_lcwgs	NA	NA	NA
Pba_AMar_1908_LCWGS_1	Pba	A	Mar	PGal	1908	LCWGS	14	1	NA	wahab.hpc.odu.edu	/archive/carpenterlab/pire/pire_pomacentrus_brachialis_lcwgs/1st_sequencing_run	PE_150	Jem_Baldisimo	Jason Selwyn	Pbr_1908_Batangas_Batangas_lcwgs	https://n2t.net/ark:/21547/Gfi2	PRJNA1348194	NA	Pomacentrus_brachialis_1908_Batangas_Batangas_lcwgs	NA	NA	NA
Pba_AMar_1908_LCWGS_2	Pba	A	Mar	PGal	1908	LCWGS	14	2	NA	wahab.hpc.odu.edu	/archive/carpenterlab/pire/pire_pomacentrus_brachialis_lcwgs/2nd_sequencing_run	PE_150	Jem_Baldisimo	Jason Selwyn	Pbr_1908_Batangas_Batangas_lcwgs	https://n2t.net/ark:/21547/Gfi2	PRJNA1348194	NA	Pomacentrus_brachialis_1908_Batangas_Batangas_lcwgs	NA	NA	NA
Pba_APal_1909_LCWGS_1	Pba	A	Pal	Bali	1909	LCWGS	10	1	NA	wahab.hpc.odu.edu	/archive/carpenterlab/pire/pire_pomacentrus_brachialis_lcwgs/1st_sequencing_run	PE_150	Jem_Baldisimo	Jason Selwyn	Pbr_1909_Salvacion_NorthernSamar_lcwgs	https://n2t.net/ark:/21547/GfQ2	PRJNA1348187	NA	Pomacentrus_brachialis_1909_Salvacion_NorthernSamar_lcwgs	NA	NA	NA
Pba_APal_1909_LCWGS_2	Pba	A	Pal	Bali	1909	LCWGS	10	2	NA	wahab.hpc.odu.edu	/archive/carpenterlab/pire/pire_pomacentrus_brachialis_lcwgs/2nd_sequencing_run	PE_150	Jem_Baldisimo	Jason Selwyn	Pbr_1909_Salvacion_NorthernSamar_lcwgs	https://n2t.net/ark:/21547/GfQ2	PRJNA1348187	NA	Pomacentrus_brachialis_1909_Salvacion_NorthernSamar_lcwgs	NA	NA	NA
Pba_ATat_1908_LCWGS_1	Pba	A	Tat	Tata	1908	LCWGS	21	1	NA	wahab.hpc.odu.edu	/archive/carpenterlab/pire/pire_pomacentrus_brachialis_lcwgs/1st_sequencing_run	PE_150	Jem_Baldisimo	Jason Selwyn	Pbr_1908_Bongao_Tawitawi_lcwgs	https://n2t.net/ark:/21547/Gfu2	PRJNA1348185	NA	Pomacentrus_brachialis_1908_Bongao_Tawi-tawi_lcwgs	NA	NA	NA
Pba_ATat_1908_LCWGS_2	Pba	A	Tat	Tata	1908	LCWGS	21	2	NA	wahab.hpc.odu.edu	/archive/carpenterlab/pire/pire_pomacentrus_brachialis_lcwgs/2nd_sequencing_run	PE_150	Jem_Baldisimo	Jason Selwyn	Pbr_1908_Bongao_Tawitawi_lcwgs	https://n2t.net/ark:/21547/Gfu2	PRJNA1348185	NA	Pomacentrus_brachialis_1908_Bongao_Tawi-tawi_lcwgs	NA	NA	NA
Pba_CCab_2022_LCWGS_1	Pba	C	Cab	Bali	2022	LCWGS	68	1	NA	wahab.hpc.odu.edu	/archive/carpenterlab/pire/pire_pomacentrus_brachialis_lcwgs/1st_sequencing_run	PE_150	Jem_Baldisimo	Jason Selwyn	Pbr_2022_Biri_NorthernSamar_lcwgs; Pbr_2022_Allen_NorthernSamar_lcwgs	https://n2t.net/ark:/21547/GgA2; https://n2t.net/ark:/21547/GgG2	PRJNA1348189; PRJNA1348196	NA	Pomacentrus_brachialis_2022_Biri_NorthernSamar_lcwgs; Pomacentrus_brachialis_2022_Allen_NorthernSamar_lcwgs	NA	NA	NA
Pba_CCab_2022_LCWGS_2	Pba	C	Cab	Bali	2022	LCWGS	48	2	NA	wahab.hpc.odu.edu	/archive/carpenterlab/pire/pire_pomacentrus_brachialis_lcwgs/2nd_sequencing_run	PE_150	Jem_Baldisimo	Jason Selwyn	Pbr_2022_Biri_NorthernSamar_lcwgs; Pbr_2022_Allen_NorthernSamar_lcwgs	https://n2t.net/ark:/21547/GgA2; https://n2t.net/ark:/21547/GgG2	PRJNA1348189; PRJNA1348196	NA	Pomacentrus_brachialis_2022_Biri_NorthernSamar_lcwgs; Pomacentrus_brachialis_2022_Allen_NorthernSamar_lcwgs	NA	NA	NA
Pba_CMas_2022_LCWGS_1	Pba	C	Mas	Buri	2022	LCWGS	25	1	NA	wahab.hpc.odu.edu	/archive/carpenterlab/pire/pire_pomacentrus_brachialis_lcwgs/1st_sequencing_run	PE_150	Jem_Baldisimo	Jason Selwyn	Pbr_2022_SanPascual_Masbate_lcwgs	https://n2t.net/ark:/21547/GgM2	PRJNA1348190	NA	Pomacentrus_brachialis_2022_SanPascual_Masbate_lcwgs	NA	NA	NA
Pba_CMas_2022_LCWGS_2	Pba	C	Mas	Buri	2022	LCWGS	25	2	NA	wahab.hpc.odu.edu	/archive/carpenterlab/pire/pire_pomacentrus_brachialis_lcwgs/2nd_sequencing_run	PE_150	Jem_Baldisimo	Jason Selwyn	Pbr_2022_SanPascual_Masbate_lcwgs	https://n2t.net/ark:/21547/GgM2	PRJNA1348190	NA	Pomacentrus_brachialis_2022_SanPascual_Masbate_lcwgs	NA	NA	NA
Pba_CTat_2021_LCWGS_1	Pba	C	Tat	Tata	2021	LCWGS	64	1	NA	wahab.hpc.odu.edu	/archive/carpenterlab/pire/pire_pomacentrus_brachialis_lcwgs/1st_sequencing_run	PE_150	Jem_Baldisimo	Jason Selwyn	Pbr_2021_Bongao_Tawitawi_lcwgs	https://n2t.net/ark:/21547/GgT2	PRJNA1348195	NA	Pomacentrus_brachialis_2021_Bongao_Tawi-tawi_lcwgs	NA	NA	NA
Pba_CTat_2021_LCWGS_2	Pba	C	Tat	Tata	2021	LCWGS	48	2	NA	wahab.hpc.odu.edu	/archive/carpenterlab/pire/pire_pomacentrus_brachialis_lcwgs/2nd_sequencing_run	PE_150	Jem_Baldisimo	Jason Selwyn	Pbr_2021_Bongao_Tawitawi_lcwgs	https://n2t.net/ark:/21547/GgT2	PRJNA1348195	NA	Pomacentrus_brachialis_2021_Bongao_Tawi-tawi_lcwgs	NA	NA	NA
Pba_CVer_2022_LCWGS_1	Pba	C	Ver	PGal	2022	LCWGS	45	1	NA	wahab.hpc.odu.edu	/archive/carpenterlab/pire/pire_pomacentrus_brachialis_lcwgs/1st_sequencing_run	PE_150	Jem_Baldisimo	Jason Selwyn	Pbr_2022_Batangas_Batangas_lcwgs	https://n2t.net/ark:/21547/GgZ2	PRJNA1348198	NA	Pomacentrus_brachialis_2022_Batangas_Batangas_lcwgs	NA	NA	NA
Pba_CVer_2022_LCWGS_2	Pba	C	Ver	PGal	2022	LCWGS	45	2	NA	wahab.hpc.odu.edu	/archive/carpenterlab/pire/pire_pomacentrus_brachialis_lcwgs/2nd_sequencing_run	PE_150	Jem_Baldisimo	Jason Selwyn	Pbr_2022_Batangas_Batangas_lcwgs	https://n2t.net/ark:/21547/GgZ2	PRJNA1348198	NA	Pomacentrus_brachialis_2022_Batangas_Batangas_lcwgs	NA	NA	NA
Pba_CTat_2021_SSL_1	Pba	C	Tat	Tata	2021	SSL	1	1	Yes	wahab.hpc.odu.edu	/home/e1garcia/shotgun_PIRE/pire_ssl_data_processing/pomacentrus_brachialis	PE_150	Jem_Baldisimo	NA	NA	NA	NA	NA	NA	NA	NA	NA
Pbb_AGal_1908_LCWGS_1	Pbb	A	Gal	PGal	1908	LCWGS	36	1	Yes	wahab.hpc.odu.edu	/home/e1garcia/shotgun_PIRE/pire_lcwgs_data_processing/parupeneus_barberinus/1st_sequencing_run	PE_150	Jem_Baldisimo	Gianna_Mazzei	Pbb_1908_Puerto-Galera_Oriental-Mindoro_lcwgs	https://n2t.net/ark:/21547/Fpk2	PRJNA1171860	NA	Parupeneus_barberinus_1908_Puerto-Galera_Oriental-Mindoro_lcwgs	No	NA	NA
Pbb_AGal_1908_LCWGS_2	Pbb	A	Gal	PGal	1908	LCWGS	32	2	Yes	wahab.hpc.odu.edu	/archive/carpenterlab/pire/pire_parupeneus_barberinus_lcwgs/2nd_sequencing_run	PE_150	Jem_Baldisimo	Gianna_Mazzei	Pbb_1908_Puerto-Galera_Oriental-Mindoro_lcwgs	https://n2t.net/ark:/21547/Fpk2	PRJNA1171860	NA	Parupeneus_barberinus_1908_Puerto-Galera_Oriental-Mindoro_lcwgs	No	NA	NA
Pbb_CGal_2022_LCWGS_1	Pbb	C	Gal	PGal	2022	LCWGS	36	1	Yes	wahab.hpc.odu.edu	/home/e1garcia/shotgun_PIRE/pire_lcwgs_data_processing/parupeneus_barberinus/1st_sequencing_run	PE_150	Jem_Baldisimo	Gianna_Mazzei	Pbb_2022_Batangas-City_Batangas_lcwgs	https://n2t.net/ark:/21547/FqK2	PRJNA1170328	NA	Parupeneus_barberinus_2022_Batangas-City_Batangas_lcwgs	No	2_location_codes:_individuals_001-008_CGal,_009_and_on_CVer._All_are_from_the_same_lot-_naming_convention_changed_after_001-008_were_used_as_probes	NA
Pbb_CGal_2022_LCWGS_2	Pbb	C	Gal	PGal	2022	LCWGS	36	2	Yes	wahab.hpc.odu.edu	/archive/carpenterlab/pire/pire_parupeneus_barberinus_lcwgs/2nd_sequencing_run	PE_150	Jem_Baldisimo	Gianna_Mazzei	Pbb_2022_Batangas-City_Batangas_lcwgs	https://n2t.net/ark:/21547/FqK2	PRJNA1170328	NA	Parupeneus_barberinus_2022_Batangas-City_Batangas_lcwgs	No	2_location_codes:_individuals_001-008_CGal,_009_and_on_CVer._All_are_from_the_same_lot-_naming_convention_changed_after_001-008_were_used_as_probes	NA
Pbb_CVer_2022_LCWGS_1	Pbb	C	Ver	PGal	2022	LCWGS	8	1	Yes	wahab.hpc.odu.edu	/home/e1garcia/shotgun_PIRE/pire_lcwgs_data_processing/parupeneus_barberinus/1st_sequencing_run	PE_150	Jem_Baldisimo	Gianna_Mazzei	Pbb_2022_Batangas-City_Batangas_lcwgs	https://n2t.net/ark:/21547/FqK2	PRJNA1170328	NA	Parupeneus_barberinus_2022_Batangas-City_Batangas_lcwgs	No	2_location_codes:_individuals_001-008_CGal,_009_and_on_CVer._All_are_from_the_same_lot-_naming_convention_changed_after_001-008_were_used_as_probes	NA
Pbb_CVer_2022_LCWGS_2	Pbb	C	Ver	PGal	2022	LCWGS	8	2	Yes	wahab.hpc.odu.edu	/archive/carpenterlab/pire/pire_parupeneus_barberinus_lcwgs/2nd_sequencing_run	PE_150	Jem_Baldisimo	Gianna_Mazzei	Pbb_2022_Batangas-City_Batangas_lcwgs	https://n2t.net/ark:/21547/FqK2	PRJNA1170328	NA	Parupeneus_barberinus_2022_Batangas-City_Batangas_lcwgs	No	2_location_codes:_individuals_001-008_CGal,_009_and_on_CVer._All_are_from_the_same_lot-_naming_convention_changed_after_001-008_were_used_as_probes	NA
Pbb_CGal_2022_SSL_1	Pbb	C	Gal	PGal	2022	SSL	1	1	Yes	wahab.hpc.odu.edu	/home/e1garcia/shotgun_PIRE/pire_ssl_data_processing/parupeneus_barberinus	PE_150	Jem_Baldisimo	NA	NA	NA	NA	NA	NA	NA	NA	NA
Pli_AMvi_1908_LCWGS_1	Pli	A	Mvi	Masi	1908	LCWGS	96	1	No	wahab.hpc.odu.edu	/home/e1garcia/shotgun_PIRE/pire_lcwgs_data_processing/plotosus_lineatus/1st_sequencing_run	PE_150	Jem_Baldisimo	NA	NA	NA	NA	NA	NA	NA	NA	NA
Pli_CMvi_2019_LCWGS_1	Pli	C	Mvi	Masi	2019	LCWGS	54	1	No	wahab.hpc.odu.edu	/home/e1garcia/shotgun_PIRE/pire_lcwgs_data_processing/plotosus_lineatus/1st_sequencing_run	PE_150	Jem_Baldisimo	NA	NA	NA	NA	NA	NA	NA	NA	NA
Pli_CMvi_2019_SSL_1	Pli	C	Mvi	Masi	2019	SSL	1	1	Yes	wahab.hpc.odu.edu	/home/e1garcia/shotgun_PIRE/pire_ssl_data_processing/plotosus_lineatus	PE_150	Brendan_Reid	NA	NA	NA	NA	NA	NA	NA	NA	NA
Ppa_CPnd_2021_SSL_1	Ppa	C	Pnd	Pand	2021	SSL	1	1	Yes	wahab.hpc.odu.edu	/home/e1garcia/shotgun_PIRE/pire_ssl_data_processing/pomacentrus_pavo	PE_150	Brendan_Reid	NA	NA	NA	NA	NA	NA	NA	NA	NA
Psq_AGal_1909_LCWGS_1	Psq	A	Gal	PGal	1909	LCWGS	74	1	No	wahab.hpc.odu.edu	/home/e1garcia/shotgun_PIRE/pire_lcwgs_data_processing/pseudanthias_squamipinnis/1st_sequencing_run	PE_150	Jem_Baldisimo	Mikaela	Psq_1909_PuertoGalera_OrientalMindoro_lcwgs	https://n2t.net/ark:/21547/GWL2	PRJNA1312039	NA	Pseudanthias_squamipinnis_1909_PuertoGalera_OrientalMindoro_lcwgs	No	NA	NA
Psq_AGal_1908_LCWGS_1	Psq	A	Gal	PGal	1908	LCWGS	13	1	NA	wahab.hpc.odu.edu	/home/e1garcia/shotgun_PIRE/pire_lcwgs_data_processing/pseudanthias_squamipinnis/1st_sequencing_run	PE_150	Jem_Baldisimo	Mikaela	Psq_1908_PuertoGalera_OrientalMindoro_lcwgs	https://n2t.net/ark:/21547/GWF2	PRJNA1311639	NA	Pseudanthias_squamipinnis_1908_PuertoGalera_OrientalMindoro_lcwgs	No	NA	NA
Psq_AGal_1908_LCWGS_2	Psq	A	Gal	PGal	1908	LCWGS	10	2	NA	wahab.hpc.odu.edu	/home/e1garcia/shotgun_PIRE/pire_lcwgs_data_processing/pseudanthias_squamipinnis/2nd_sequencing_run	PE_150	Jem_Baldisimo	Mikaela	Psq_1908_PuertoGalera_OrientalMindoro_lcwgs	https://n2t.net/ark:/21547/GWF2	PRJNA1311639	NA	Pseudanthias_squamipinnis_1908_PuertoGalera_OrientalMindoro_lcwgs	No	NA	NA
Psq_AGal_1909_LCWGS_2	Psq	A	Gal	PGal	1909	LCWGS	38	2	NA	wahab.hpc.odu.edu	/archive/carpenterlab/pire/pire_pseudanthias_squamipinnis_lcwgs/2nd_sequencing_run	PE_150	Jem_Baldisimo	Mikaela	Psq_1909_PuertoGalera_OrientalMindoro_lcwgs	https://n2t.net/ark:/21547/GWL2	PRJNA1312039	NA	Pseudanthias_squamipinnis_1909_PuertoGalera_OrientalMindoro_lcwgs	No	NA	NA
Psq_CVer_2022_LCWGS_1	Psq	C	Ver	PGal	2022	LCWGS	64	1	No	wahab.hpc.odu.edu	/home/e1garcia/shotgun_PIRE/pire_lcwgs_data_processing/pseudanthias_squamipinnis/1st_sequencing_run	PE_150	Jem_Baldisimo	Mikaela	Psq_2022_VerdeIsland_Batangas_lcwgs	https://n2t.net/ark:/21547/GVz2	PRJNA1312072	NA	Pseudanthias_squamipinnis_2022_VerdeIsland_Batangas_lcwgs	No	NA	NA
Psq_CVer_2022_LCWGS_2	Psq	C	Ver	PGal	2022	LCWGS	48	2	NA	wahab.hpc.odu.edu	/archive/carpenterlab/pire/pire_pseudanthias_squamipinnis_lcwgs/2nd_sequencing_run	PE_150	Jem_Baldisimo	Mikaela	Psq_2022_VerdeIsland_Batangas_lcwgs	https://n2t.net/ark:/21547/GVz2	PRJNA1312072	NA	Pseudanthias_squamipinnis_2022_VerdeIsland_Batangas_lcwgs	No	NA	NA
Psq_CGal_2022_SSL_1	Psq	C	Gal	PGal	2022	SSL	1	1	Yes	wahab.hpc.odu.edu	/home/e1garcia/shotgun_PIRE/pire_ssl_data_processing/pseudanthias_squamipinnis	PE_150	Jem_Baldisimo	Mikaela	NA	NA	NA	NA	NA	NA	NA	NA
Sde_AMar_1908_CSSL_1	Sde	A	Mar	PMar	1908	CSSL	59	1	Yes	wahab.hpc.odu.edu	/home/e1garcia/shotgun_PIRE/pire_cssl_data_processing/spratelloides_delicatulus	PE_150	Eric_Garcia	NA	NA	NA	NA	NA	NA	NA	NA	NA
Sde_AMat_1909_CSSL_1	Sde	A	Mat	MatB	1909	CSSL	90	1	Yes	wahab.hpc.odu.edu	/home/e1garcia/shotgun_PIRE/pire_cssl_data_processing/spratelloides_delicatulus	PE_150	Eric_Garcia	Gianna_Mazzei	Sde_1909_Matnog_Sorsogon_cssl	https://n2t.net/ark:/21547/FwY2	PRJNA1197748	NA	Spratelloides_delicatulus_1909_Matnog_Sorsogon_CaptureSeq	No	NA	NA
Sde_AMat_1909_CSSL_2	Sde	A	Mat	MatB	1909	CSSL	2	2	Yes	wahab.hpc.odu.edu	/archive/carpenterlab/pire/pire_spratelloides_delicatulus_cssl/2nd_sequencing_run	PE_150	Eric_Garcia	Gianna_Mazzei	Sde_1909_Matnog_Sorsogon_cssl	https://n2t.net/ark:/21547/FwY2	PRJNA1197748	NA	Spratelloides_delicatulus_1909_Matnog_Sorsogon_CaptureSeq	No	NA	NA
Sde_CHam_2019_CSSL_1	Sde	C	Ham	PMar	2019	CSSL	58	1	Yes	wahab.hpc.odu.edu	/home/e1garcia/shotgun_PIRE/pire_cssl_data_processing/spratelloides_delicatulus	PE_150	Eric_Garcia	NA	NA	NA	NA	NA	NA	NA	NA	NA
Sde_CMat_2017_CSSL_1	Sde	C	Mat	MatB	2017	CSSL	87	1	Yes	wahab.hpc.odu.edu	/home/e1garcia/shotgun_PIRE/pire_cssl_data_processing/spratelloides_delicatulus	PE_150	Eric_Garcia	Gianna_Mazzei	Sde_2017_Bulan_Sorsogon_cssl	https://n2t.net/ark:/21547/FwS2	PRJNA1197565	NA	Spratelloides_delicatulus_2017_Bulan_Sorsogon_CaptureSeq	No	NA	NA
Sde_CMat_2017_CSSL_2	Sde	C	Mat	MatB	2017	CSSL	2	2	Yes	wahab.hpc.odu.edu	/archive/carpenterlab/pire/pire_spratelloides_delicatulus_cssl/2nd_sequencing_run	PE_150	Eric_Garcia	Gianna_Mazzei	Sde_2017_Bulan_Sorsogon_cssl	https://n2t.net/ark:/21547/FwS2	PRJNA1197565	NA	Spratelloides_delicatulus_2017_Bulan_Sorsogon_CaptureSeq	No	NA	NA
Sde_ABol_1908_LCWGS_5	Sde	A	Bol	Mala	1908	LCWGS	48	5	NA	wahab.hpc.odu.edu	/archive/carpenterlab/pire/pire_spratelloides_delicatulus_cssl/5th_sequencing_run	PE_150	Eric_Garcia	Jason Selwyn	Sde_1908_Taytay_Palawan_lcwgs	https://n2t.net/ark:/21547/GaP2	PRJNA1348210	NA	Spratelloides_delicatulus_1908_Taytay_Palawan_lcwgs	NA	NA	NA
Sde_ABul_1909_LCWGS_2	Sde	A	Bul	Jolo	1909	LCWGS	78	2	No	wahab.hpc.odu.edu	/archive/carpenterlab/pire/pire_spratelloides_delicatulus_cssl/2nd_sequencing_run	PE_150	Eric_Garcia	NA	NA	NA	NA	NA	NA	NA	NA	NA
Sde_AGui_1908_LCWGS_2	Sde	A	Gui	Guij	1908	LCWGS	35	2	NA	wahab.hpc.odu.edu	/archive/carpenterlab/pire/pire_spratelloides_delicatulus_cssl/2nd_sequencing_run	PE_150	Omar_Mahadalle	NA	NA	NA	NA	NA	NA	NA	NA	NA
Sde_AGui_1908_LCWGS_5	Sde	A	Gui	Guij	1908	LCWGS	35	5	NA	wahab.hpc.odu.edu	/archive/carpenterlab/pire/pire_spratelloides_delicatulus_cssl/5th_sequencing_run	PE_150	Omar_Mahadalle	NA	NA	NA	NA	NA	NA	NA	NA	NA
Sde_AMar_1908_LCWGS_5	Sde	A	Mar	PMar	1908	LCWGS	54	5	NA	wahab.hpc.odu.edu	/archive/carpenterlab/pire/pire_spratelloides_delicatulus_cssl/5th_sequencing_run	PE_150	Eric_Garcia	NA	NA	NA	NA	NA	NA	NA	NA	NA
Sde_ATum_1908_LCWGS_2	Sde	A	Tum	Tumi	1908	LCWGS	41	2	NA	wahab.hpc.odu.edu	/archive/carpenterlab/pire/pire_spratelloides_delicatulus_cssl/2nd_sequencing_run	PE_150	Eric_Garcia	NA	NA	NA	NA	NA	NA	NA	NA	NA
Sde_CHam_2019_LCWGS_5	Sde	C	Ham	PMar	2019	LCWGS	58	5	NA	wahab.hpc.odu.edu	/archive/carpenterlab/pire/pire_spratelloides_delicatulus_cssl/5th_sequencing_run	PE_150	Eric_Garcia	NA	NA	NA	NA	NA	NA	NA	NA	NA
Sde_CJol_2019_LCWGS_2	Sde	C	Jol	Jolo	2019	LCWGS	64	2	No	wahab.hpc.odu.edu	/archive/carpenterlab/pire/pire_spratelloides_delicatulus_cssl/2nd_sequencing_run	PE_150	Eric_Garcia	NA	NA	NA	NA	NA	NA	NA	NA	NA
Sde_CMal_2022_LCWGS_5	Sde	C	Mal	Mala	2022	LCWGS	48	5	NA	wahab.hpc.odu.edu	/archive/carpenterlab/pire/pire_spratelloides_delicatulus_cssl/5th_sequencing_run	PE_150	Eric_Garcia	Jason Selwyn	Sde_2022_Taytay_Palawan_lcwgs	https://n2t.net/ark:/21547/GaV2	PRJNA1348204	NA	Spratelloides_delicatulus_2022_Taytay_Palawan_lcwgs	NA	NA	NA
Sde_CTum_2021_LCWGS_2	Sde	C	Tum	Tumi	2021	LCWGS	64	2	NA	wahab.hpc.odu.edu	/archive/carpenterlab/pire/pire_spratelloides_delicatulus_cssl/2nd_sequencing_run	PE_150	Eric_Garcia	NA	NA	NA	NA	NA	NA	NA	NA	NA
Sde_CVal_2021_LCWGS_2	Sde	C	Val	Guij	2021	LCWGS	64	2	NA	wahab.hpc.odu.edu	/archive/carpenterlab/pire/pire_spratelloides_delicatulus_cssl/2nd_sequencing_run	PE_150	Omar_Mahadalle	NA	NA	NA	NA	NA	NA	NA	NA	NA
Sde_CVal_2021_LCWGS_5	Sde	C	Val	Guij	2021	LCWGS	64	5	NA	wahab.hpc.odu.edu	/archive/carpenterlab/pire/pire_spratelloides_delicatulus_cssl/5th_sequencing_run	PE_150	Omar_Mahadalle	NA	NA	NA	NA	NA	NA	NA	NA	NA
Sde_CMat_2017_SSL_1	Sde	C	Mat	MatB	2017	SSL	2	1	Yes	wahab.hpc.odu.edu	/archive/carpenterlab/pire/pire_spratelloides_delicatulus_cssl/2nd_sequencing_run	PE_150	Eric_Garcia	NA	NA	NA	NA	NA	NA	NA	NA	NA
Sfa_ABas_1909_CSSL_1	Sfa	A	Bas	Basu	1909	CSSL	32	1	Yes	wahab.hpc.odu.edu	/home/e1garcia/shotgun_PIRE/pire_cssl_data_processing/salarias_fasciatus	PE_150	Jem_Baldisimo	John_Schaeffer	NA	NA	NA	NA	NA	NA	NA	NA
Sfa_CBas_2019_CSSL_1	Sfa	C	Bas	Basu	2019	CSSL	49	1	Yes	wahab.hpc.odu.edu	/home/e1garcia/shotgun_PIRE/pire_cssl_data_processing/salarias_fasciatus	PE_150	Jem_Baldisimo	John_Schaeffer	NA	NA	NA	NA	NA	NA	NA	NA
Sfa_ABas_1909_LCWGS_1	Sfa	A	Bas	Basu	1909	LCWGS	32	1	Yes	wahab.hpc.odu.edu	/home/e1garcia/shotgun_PIRE/pire_lcwgs_data_processing/salarias_fasciatus/1st_sequencing_run	PE_150	Mikaela_Salvador	Gianna_Mazzei	Sfa_1909_Mercedes_Camarines-Norte_lcwgs	https://n2t.net/ark:/21547/Fvh2	PRJNA1197747	NA	Salarias_fasciatus_1909_Mercedes_Camarines-Norte_lcwgs	No	NA	NA
Sfa_ABas_1909_LCWGS_2	Sfa	A	Bas	Basu	1909	LCWGS	35	2	Yes	wahab.hpc.odu.edu	/home/e1garcia/shotgun_PIRE/pire_lcwgs_data_processing/salarias_fasciatus/2nd_sequencing_run	PE_150	Mikaela_Salvador	Gianna_Mazzei	Sfa_1909_Mercedes_Camarines-Norte_lcwgs	https://n2t.net/ark:/21547/Fvh2	PRJNA1197747	NA	Salarias_fasciatus_1909_Mercedes_Camarines-Norte_lcwgs	No	NA	NA
Sfa_ABas_1909_LCWGS_3	Sfa	A	Bas	Basu	1909	LCWGS	35	3	Yes	wahab.hpc.odu.edu	/home/e1garcia/shotgun_PIRE/pire_lcwgs_data_processing/salarias_fasciatus/3rd_sequencing_run	PE_150	Mikaela_Salvador	Gianna_Mazzei	Sfa_1909_Mercedes_Camarines-Norte_lcwgs	https://n2t.net/ark:/21547/Fvh2	PRJNA1197747	NA	Salarias_fasciatus_1909_Mercedes_Camarines-Norte_lcwgs	No	NA	NA
Sfa_CBas_2019_LCWGS_1	Sfa	C	Bas	Basu	2019	LCWGS	49	1	Yes	wahab.hpc.odu.edu	/home/e1garcia/shotgun_PIRE/pire_lcwgs_data_processing/salarias_fasciatus/1st_sequencing_run	PE_150	Mikaela_Salvador	Gianna_Mazzei	Sfa_2019_Mercedes_Camarines-Norte_lcwgs	https://n2t.net/ark:/21547/Fvn2	PRJNA1196103	NA	Salarias_fasciatus_2019_Mercedes_Camarines-Norte_lcwgs	No	NA	NA
Sfa_CBas_2019_LCWGS_2	Sfa	C	Bas	Basu	2019	LCWGS	64	2	Yes	wahab.hpc.odu.edu	/home/e1garcia/shotgun_PIRE/pire_lcwgs_data_processing/salarias_fasciatus/2nd_sequencing_run	PE_150	Mikaela_Salvador	Gianna_Mazzei	Sfa_2019_Mercedes_Camarines-Norte_lcwgs	https://n2t.net/ark:/21547/Fvn2	PRJNA1196103	NA	Salarias_fasciatus_2019_Mercedes_Camarines-Norte_lcwgs	No	NA	NA
Sfa_CBas_2019_LCWGS_3	Sfa	C	Bas	Basu	2019	LCWGS	48	3	Yes	wahab.hpc.odu.edu	/home/e1garcia/shotgun_PIRE/pire_lcwgs_data_processing/salarias_fasciatus/3rd_sequencing_run	PE_150	Mikaela_Salvador	Gianna_Mazzei	Sfa_2019_Mercedes_Camarines-Norte_lcwgs	https://n2t.net/ark:/21547/Fvn2	PRJNA1196103	NA	Salarias_fasciatus_2019_Mercedes_Camarines-Norte_lcwgs	No	NA	NA
Sfa_CBas_2019_SSL_1	Sfa	C	Bas	Basu	2019	SSL	1	1	Yes	wahab.hpc.odu.edu	/home/e1garcia/shotgun_PIRE/pire_ssl_data_processing/salarias_fasciatus	PE_150	Mikaela_Savador	NA	NA	NA	NA	NA	NA	NA	NA	NA
Sfu_ABai_1908_LCWGS_1	Sfu	A	Bai	Bais	1908	LCWGS	8	1	No	wahab.hpc.odu.edu	/home/e1garcia/shotgun_PIRE/pire_lcwgs_data_processing/siganus_fuscescens/1st_sequencing_run	PE_150	up_for_grabs	Mikaela_Salvador	Sfu_1908_BaisBay_NegrosOriental_lcwgs	https://n2t.net/ark:/21547/GWS2	PRJNA1312869	NA	Siganus_fuscescens_1908_BaisBay_NegrosOriental_lcwgs	No	NA	NA
Sfu_CBai_2019_SSL_1	Sfu	C	Bai	Bais	2019	SSL	1	1	Yes	wahab.hpc.odu.edu	/home/e1garcia/shotgun_PIRE/pire_ssl_data_processing/siganus_fuscescens	PE_150	up_for_grabs	NA	NA	NA	NA	NA	NA	NA	NA	NA
Sgr_AJol_1909_CSSL_1	Sgr	A	Jol	Jolo	1909	CSSL	92	1	Yes	wahab.hpc.odu.edu	/home/e1garcia/shotgun_PIRE/pire_cssl_data_processing/spratelloides_gracilis	PE_150	up_for_grabs	NA	NA	NA	NA	NA	NA	NA	coverage_was_very_low	NA
Sgr_AMvi_1908_CSSL_1	Sgr	A	Mvi	Masi	1908	CSSL	86	1	Yes	wahab.hpc.odu.edu	/home/e1garcia/shotgun_PIRE/pire_cssl_data_processing/spratelloides_gracilis	PE_150	up_for_grabs	NA	NA	NA	NA	NA	NA	NA	coverage_was_very_low	NA
Sgr_APal_1909_CSSL_1	Sgr	A	Pal	Samr	1909	CSSL	37	1	Yes	wahab.hpc.odu.edu	/home/e1garcia/shotgun_PIRE/pire_cssl_data_processing/spratelloides_gracilis	PE_150	up_for_grabs	NA	NA	NA	NA	NA	NA	NA	coverage_was_very_low	NA
Sgr_CBir_2022_CSSL_1	Sgr	C	Bir	Samr	2022	CSSL	61	1	Yes	wahab.hpc.odu.edu	/home/e1garcia/shotgun_PIRE/pire_cssl_data_processing/spratelloides_gracilis	PE_150	up_for_grabs	NA	NA	NA	NA	NA	NA	NA	coverage_was_very_low	NA
Sgr_CJol_2021_CSSL_1	Sgr	C	Jol	Jolo	2021	CSSL	61	1	Yes	wahab.hpc.odu.edu	/home/e1garcia/shotgun_PIRE/pire_cssl_data_processing/spratelloides_gracilis	PE_150	up_for_grabs	NA	NA	NA	NA	NA	NA	NA	coverage_was_very_low	NA
Sgr_CMvi_2019_CSSL_1	Sgr	C	Mvi	Masi	2019	CSSL	64	1	Yes	wahab.hpc.odu.edu	/home/e1garcia/shotgun_PIRE/pire_cssl_data_processing/spratelloides_gracilis	PE_150	up_for_grabs	NA	NA	NA	NA	NA	NA	NA	coverage_was_very_low	NA
Sgr_AJol_1909_LCWGS_1	Sgr	A	Jol	Jolo	1909	LCWGS	78	1	NA	wahab.hpc.odu.edu	/archive/carpenterlab/pire/pire_spratelloides_gracilis_lcwgs/1st_sequencing_run	PE_150	Jason Selwyn	Jason Selwyn	Sgr_1909_HadjiPanglimaTahil_Sulu_lcwgs	http://n2t.net/ark:/21547/GXu2	PRJNA1333975	NA	Spratelloides_gracilis_1909_HadjiPanglimaTahil_Sulu_lcwgs	No	NA	NA
Sgr_AMvi_1908_LCWGS_1	Sgr	A	Mvi	Masi	1908	LCWGS	88	1	NA	wahab.hpc.odu.edu	/archive/carpenterlab/pire/pire_spratelloides_gracilis_lcwgs/1st_sequencing_run	PE_150	Jason Selwyn	Jason Selwyn	Sgr_1908_Masinloc_Zambales_lcwgs	http://n2t.net/ark:/21547/GYA2	PRJNA1333897	NA	Spratelloides_gracilis_1908_Masinloc_Zambales_lcwgs	No	NA	NA
Sgr_APal_1909_LCWGS_1	Sgr	A	Pal	Samr	1909	LCWGS	47	1	NA	wahab.hpc.odu.edu	/archive/carpenterlab/pire/pire_spratelloides_gracilis_lcwgs/1st_sequencing_run	PE_150	Jason Selwyn	Jason Selwyn	Sgr_1909_Salvacion_NorthernSamar_lcwgs	http://n2t.net/ark:/21547/GYG2	PRJNA1333907	NA	Spratelloides_gracilis_1909_Salvacion_NorthernSamar_lcwgs	No	NA	NA
Sgr_CBir_2022_LCWGS_1	Sgr	C	Bir	Samr	2022	LCWGS	64	1	NA	wahab.hpc.odu.edu	/archive/carpenterlab/pire/pire_spratelloides_gracilis_lcwgs/1st_sequencing_run	PE_150	Jason Selwyn	Jason Selwyn	Sgr_2022_Biri_NorthernSamar_lcwgs	http://n2t.net/ark:/21547/GYM2	PRJNA1333913	NA	Spratelloides_gracilis_2022_Biri_NorthernSamar	No	NA	NA
Sgr_CJol_2021_LCWGS_1	Sgr	C	Jol	Jolo	2021	LCWGS	58	1	NA	wahab.hpc.odu.edu	/archive/carpenterlab/pire/pire_spratelloides_gracilis_lcwgs/1st_sequencing_run	PE_150	Jason Selwyn	Jason Selwyn	Sgr_2021_HadjiPanglimaTahil_Sulu_lcwgs	https://n2t.net/ark:/21547/GYZ2	PRJNA1333924	NA	Spratelloides_gracilis_2021_HadjiPanglimaTahil_Sulu	No	NA	NA
Sgr_CMvi_2019_LCWGS_1	Sgr	C	Mvi	Masi	2019	LCWGS	63	1	NA	wahab.hpc.odu.edu	/archive/carpenterlab/pire/pire_spratelloides_gracilis_lcwgs/1st_sequencing_run	PE_150	Jason Selwyn	Jason Selwyn	Sgr_2019_Palaulg_Zambales_lcwgs	http://n2t.net/ark:/21547/GYT2	PRJNA1333910	NA	Spratelloides_gracilis_2019_Palaulg_Zambales	No	NA	NA
Sgr_CMvi_2019_SSL_1	Sgr	C	Mvi	Masi	2019	SSL	1	1	Yes	wahab.hpc.odu.edu	/home/e1garcia/shotgun_PIRE/pire_ssl_data_processing/spratelloides_gracilis	PE_150	up_for_grabs	NA	NA	NA	NA	NA	NA	NA	NA	NA
Sin_APnd_1909_LCWGS_1	Sin	A	Pnd	Pand	1909	LCWGS	25	1	No	wahab.hpc.odu.edu	/archive/carpenterlab/pire/pire_stethojulis_interrupta_lcwgs/1st_sequencing_run	PE_150	John_Whalen	Jason Selwyn	Sin_1909_Getafe_Bohol_lcwgs	https://n2t.net/ark:/21547/GZL2	PRJNA1336944	NA	Stethojulis_interrupta_1909_Getafe_Bohol_lcwgs	NA	NA	NA
Sin_APnd_1909_LCWGS_2	Sin	A	Pnd	Pand	1909	LCWGS	25	2	NA	wahab.hpc.odu.edu	/archive/carpenterlab/pire/pire_stethojulis_interrupta_lcwgs/2nd_sequencing_run	PE_150	John_Whalen	Jason Selwyn	Sin_1909_Getafe_Bohol_lcwgs	https://n2t.net/ark:/21547/GZL2	PRJNA1336944	NA	Stethojulis_interrupta_1909_Getafe_Bohol_lcwgs	NA	NA	NA
Sin_CPnd_2021_LCWGS_1	Sin	C	Pnd	Pand	2021	LCWGS	64	1	No	wahab.hpc.odu.edu	/archive/carpenterlab/pire/pire_stethojulis_interrupta_lcwgs/1st_sequencing_run	PE_150	John_Whalen	Jason Selwyn	Sin_2021_Getafe_Bohol_lcwgs	https://n2t.net/ark:/21547/GZS2	PRJNA1336794	NA	Stethojulis_interrupta_2021_Getafe_Bohol_lcwgs	NA	NA	NA
Sin_CPnd_2021_LCWGS_2	Sin	C	Pnd	Pand	2021	LCWGS	48	2	NA	wahab.hpc.odu.edu	/archive/carpenterlab/pire/pire_stethojulis_interrupta_lcwgs/2nd_sequencing_run	PE_150	John_Whalen	Jason Selwyn	Sin_2021_Getafe_Bohol_lcwgs	https://n2t.net/ark:/21547/GZS2	PRJNA1336794	NA	Stethojulis_interrupta_2021_Getafe_Bohol_lcwgs	NA	NA	NA
Sin_CPnd_2021_SSL_1	Sin	C	Pnd	Pand	2021	SSL	1	1	Yes	wahab.hpc.odu.edu	/home/e1garcia/shotgun_PIRE/pire_ssl_data_processing/stethojulis_interrupta	PE_150	John_Whalen	NA	Sin_2021_PandanonIsland_Bohol_ssl	NA	NA	NA	NA	NA	NA	NA
Sne_ABir_1909_LCWGS_2	Sne	A	Bir	Bali	1909	LCWGS	25	2	No	wahab.hpc.odu.edu	/archive/carpenterlab/pire/pire_sphaeramia_nematoptera_lcwgs/2nd_sequencing_run	PE_150	Jem_Baldisimo	Gianna_Mazzei	Sne_1909_Biri_NorthernSamar_lcwgs	https://n2t.net/ark:/21547/GSq2	PRJNA1297188	NA	Sphaeramia_nematoptera_1909_Biri_NorthernSamar_lcwgs	No	NA	NA
Sne_ABir_1909_LCWGS_3	Sne	A	Bir	Bali	1909	LCWGS	28	3	NA	wahab.hpc.odu.edu	/archive/carpenterlab/pire/pire_sphaeramia_nematoptera_lcwgs/3rd_sequencing_run	PE_150	Jem_Baldisimo	Gianna_Mazzei	Sne_1909_Biri_NorthernSamar_lcwgs	https://n2t.net/ark:/21547/GSq2	PRJNA1297188	NA	Sphaeramia_nematoptera_1909_Biri_NorthernSamar_lcwgs	No	NA	NA
Sne_ARom_1908_LCWGS_4	Sne	A	Rom	Romb	1908	LCWGS	44	4	NA	wahab.hpc.odu.edu	/archive/carpenterlab/pire/pire_sphaeramia_nematoptera_lcwgs/4th_sequencing_run	PE_150	Jem_Baldisimo	Gianna_Mazzei	Sne_1908_Romblon_Romblon_lcwgs	https://n2t.net/ark:/21547/GTj2	PRJNA1299557	NA	Sphaeramia_nematoptera_1908_Romblon_Romblon_lcwgs	No	NA	NA
Sne_ARom_1908_LCWGS_5	Sne	A	Rom	Romb	1908	LCWGS	44	5	NA	wahab.hpc.odu.edu	/archive/carpenterlab/pire/pire_sphaeramia_nematoptera_lcwgs/5th_sequencing_run	PE_150	Jem_Baldisimo	Gianna_Mazzei	Sne_1908_Romblon_Romblon_lcwgs	https://n2t.net/ark:/21547/GTj2	PRJNA1299557	NA	Sphaeramia_nematoptera_1908_Romblon_Romblon_lcwgs	No	NA	NA
Sne_ATaw_1908_LCWGS_1	Sne	A	Taw	Tawi	1908	LCWGS	27	1	No	wahab.hpc.odu.edu	/archive/carpenterlab/pire/pire_sphaeramia_nematoptera_lcwgs/1st_sequencing_run	PE_150	Jem_Baldisimo	Gianna_Mazzei	Sne_1908_TataanPass_TawiTawi_lcwgs	https://n2t.net/ark:/21547/GTp2	PRJNA1303674	NA	Sphaeramia_nematoptera_1908_TataanPass_TawiTawi_lcwgs	No	NA	NA
Sne_CCab_2022_LCWGS_2	Sne	C	Cab	Bali	2022	LCWGS	64	2	No	wahab.hpc.odu.edu	/archive/carpenterlab/pire/pire_sphaeramia_nematoptera_lcwgs/2nd_sequencing_run	PE_150	Jem_Baldisimo	Gianna_Mazzei	Sne_2022_Biri_NorthernSamar_lcwgs	https://n2t.net/ark:/21547/GTd2	PRJNA1299697	NA	Sphaeramia_nematoptera_2022_Biri_NorthernSamar_lcwgs	No	NA	NA
Sne_CCab_2022_LCWGS_3	Sne	C	Cab	Bali	2022	LCWGS	48	3	NA	wahab.hpc.odu.edu	/archive/carpenterlab/pire/pire_sphaeramia_nematoptera_lcwgs/3rd_sequencing_run	PE_150	Jem_Baldisimo	Gianna_Mazzei	Sne_2022_Biri_NorthernSamar_lcwgs	https://n2t.net/ark:/21547/GTd2	PRJNA1299697	NA	Sphaeramia_nematoptera_2022_Biri_NorthernSamar_lcwgs	No	NA	NA
Sne_CRom_2022_LCWGS_4	Sne	C	Rom	Romb	2022	LCWGS	64	4	NA	wahab.hpc.odu.edu	/archive/carpenterlab/pire/pire_sphaeramia_nematoptera_lcwgs/4th_sequencing_run	PE_150	Jem_Baldisimo	Gianna_Mazzei	Sne_2022_Romblon_Romblon_lcwgs	https://n2t.net/ark:/21547/GUQ2	PRJNA1307041	NA	Sphaeramia_nematoptera_2022_Romblon_Romblon_lcwgs	No	NA	NA
Sne_CRom_2022_LCWGS_5	Sne	C	Rom	Romb	2022	LCWGS	48	5	NA	wahab.hpc.odu.edu	/archive/carpenterlab/pire/pire_sphaeramia_nematoptera_lcwgs/5th_sequencing_run	PE_150	Jem_Baldisimo	Gianna_Mazzei	Sne_2022_Romblon_Romblon_lcwgs	https://n2t.net/ark:/21547/GUQ2	PRJNA1307041	NA	Sphaeramia_nematoptera_2022_Romblon_Romblon_lcwgs	No	NA	NA
Sne_CTaw_2021_LCWGS_1	Sne	C	Taw	Tawi	2021	LCWGS	56	1	No	wahab.hpc.odu.edu	/archive/carpenterlab/pire/pire_sphaeramia_nematoptera_lcwgs/1st_sequencing_run	PE_150	Jem_Baldisimo	Gianna_Mazzei	Sne_2021_Bongao_TawiTawi_lcwgs	https://n2t.net/ark:/21547/GUJ2	PRJNA1307042	NA	Sphaeramia_nematoptera_2021_Bongao_TawiTawi_lcwgs	No	NCBI: Sne_CTaw_074 reverse read (.2.fq.gz) is corrupted. Processed this individual's library strategy as ""single"" and submitted only the forward read (.1.fq.gz). BioSample Accession: SRR35216983. GEOME still lists individual as paired since library strategy is applied to all individuals in a spreadsheet (https://geome-db.org/record/ark:/21547/GUP2SneCTaw074.1) but I think this is fine since it was processed properly on the SRA	NA
Sne_CTaw_2019_LCWGS_1	Sne	C	Taw	Tawi	2019	LCWGS	15	1	NA	wahab.hpc.odu.edu	/archive/carpenterlab/pire/pire_sphaeramia_nematoptera_lcwgs/1st_sequencing_run	PE_150	NA	Gianna_Mazzei	Sne_2019_Bongao_TawiTawi_lcwgs	https://n2t.net/ark:/21547/GUD2	PRJNA1307040	NA	Sphaeramia_nematoptera_2019_Bongao_TawiTawi_lcwgs	No	NA	NA
Sne_CTaw_2021_SSL_1	Sne	C	Taw	Tawi	2021	SSL	1	1	Yes	wahab.hpc.odu.edu	/home/e1garcia/shotgun_PIRE/pire_ssl_data_processing/sphaeramia_nematoptera	PE_150	Jem_Baldisimo	NA	NA	NA	NA	NA	NA	NA	NA	NA
Sob_APnd_1909_LCWGS_1	Sob	A	Pnd	Pand	1909	LCWGS	96	1	NA	wahab.hpc.odu.edu	/archive/carpenterlab/pire/pire_sphyraena_obtusata_lcwgs/1st_sequencing_run	PE_150	John_Whalen	Jason Selwyn	Sob_1909_Getafe_Bohol_lcwgs	https://n2t.net/ark:/21547/GaC2	PRJNA1337165	NA	Sphyraena_obtusata_1909_Getafe_Bohol_lcwgs	NA	NA	NA
Sob_APnd_1909_LCWGS_2	Sob	A	Pnd	Pand	1909	LCWGS	48	2	NA	wahab.hpc.odu.edu	/archive/carpenterlab/pire/pire_sphyraena_obtusata_lcwgs/2nd_sequencing_run	PE_150	John_Whalen	Jason Selwyn	Sob_1909_Getafe_Bohol_lcwgs	https://n2t.net/ark:/21547/GaC2	PRJNA1337165	NA	Sphyraena_obtusata_1909_Getafe_Bohol_lcwgs	NA	NA	NA
Sob_APnd_1909_LCWGS_3	Sob	A	Pnd	Pand	1909	LCWGS	48	3	NA	wahab.hpc.odu.edu	/archive/carpenterlab/pire/pire_sphyraena_obtusata_lcwgs/3rd_sequencing_run	PE_150	John_Whalen	Jason Selwyn	Sob_1909_Getafe_Bohol_lcwgs	https://n2t.net/ark:/21547/GaC2	PRJNA1337165	NA	Sphyraena_obtusata_1909_Getafe_Bohol_lcwgs	NA	NA	NA
Sob_CPnd_2021_LCWGS_1	Sob	C	Pnd	Pand	2021	LCWGS	64	1	NA	wahab.hpc.odu.edu	/archive/carpenterlab/pire/pire_sphyraena_obtusata_lcwgs/1st_sequencing_run	PE_150	John_Whalen	Jason Selwyn	Sob_2021_Getafe_Bohol_lcwgs	https://n2t.net/ark:/21547/GaI2	PRJNA1337151	NA	Sphyraena_obtusata_2021_Getafe_Bohol_lcwgs	NA	NA	NA
Sob_CPnd_2021_LCWGS_2	Sob	C	Pnd	Pand	2021	LCWGS	48	2	NA	wahab.hpc.odu.edu	/archive/carpenterlab/pire/pire_sphyraena_obtusata_lcwgs/2nd_sequencing_run	PE_150	John_Whalen	Jason Selwyn	Sob_2021_Getafe_Bohol_lcwgs	https://n2t.net/ark:/21547/GaI2	PRJNA1337151	NA	Sphyraena_obtusata_2021_Getafe_Bohol_lcwgs	NA	NA	NA
Sob_CPnd_2021_LCWGS_3	Sob	C	Pnd	Pand	2021	LCWGS	48	3	NA	wahab.hpc.odu.edu	/archive/carpenterlab/pire/pire_sphyraena_obtusata_lcwgs/3rd_sequencing_run	PE_150	John_Whalen	Jason Selwyn	Sob_2021_Getafe_Bohol_lcwgs	https://n2t.net/ark:/21547/GaI2	PRJNA1337151	NA	Sphyraena_obtusata_2021_Getafe_Bohol_lcwgs	NA	NA	NA
Sob_CKal_2019_SSL_1	Sob	C	Kal	Connectivity	2019	SSL	1	1	Yes	wahab.hpc.odu.edu	/home/e1garcia/shotgun_PIRE/pire_ssl_data_processing/sphyraena_obtusata	PE_150	John_Whalen	NA	Sob_2019_Kalibo_Panay_ssl	NA	NA	NA	NA	NA	NA	NA
Sor_ABur_1909_LCWGS_1	Sor	A	Bur	CanB	1909	LCWGS	16	1	No	wahab.hpc.odu.edu	/home/e1garcia/shotgun_PIRE/pire_lcwgs_data_processing/sphaeramia_orbicularis/1st_sequencing_run	PE_150	up_for_grabs	Jason Selwyn	Sor_1909_SanPascual_Masbate_lcwgs	https://n2t.net/ark:/21547/GZk2	PRJNA1336811	NA	Sphaeramia_orbicularis_1909_SanPascual_Masbate_lcwgs	NA	NA	NA
Sor_ACan_1909_LCWGS_1	Sor	A	Can	CanB	1909	LCWGS	55	1	No	wahab.hpc.odu.edu	/home/e1garcia/shotgun_PIRE/pire_lcwgs_data_processing/sphaeramia_orbicularis/1st_sequencing_run	PE_150	up_for_grabs	Jason Selwyn	Sor_1909_SanPascual_Masbate_lcwgs	https://n2t.net/ark:/21547/GZk2	PRJNA1336811	NA	Sphaeramia_orbicularis_1909_SanPascual_Masbate_lcwgs	NA	NA	NA
Sor_ACeb_1908_LCWGS_1	Sor	A	Ceb	Pand	1908	LCWGS	22	1	Yes	wahab.hpc.odu.edu	/archive/carpenterlab/pire/pire_sphaeramia_orbicularis_lcwgs/1st_sequencing_run	PE_150	John_Whalen	Jason Selwyn	Sor_1908_CebuCity_Cebu_lcwgs	https://n2t.net/ark:/21547/GZe2	PRJNA1337154	NA	Sphaeramia_orbicularis_1908_CebuCity_Cebu_lcwgs	NA	NA	NA
Sor_ACeb_1908_LCWGS_2	Sor	A	Ceb	Pand	1908	LCWGS	22	2	Yes	wahab.hpc.odu.edu	/archive/carpenterlab/pire/pire_sphaeramia_orbicularis_lcwgs/2nd_sequencing_run	PE_150	John_Whalen	Jason Selwyn	Sor_1908_CebuCity_Cebu_lcwgs	https://n2t.net/ark:/21547/GZe2	PRJNA1337154	NA	Sphaeramia_orbicularis_1908_CebuCity_Cebu_lcwgs	NA	NA	NA
Sor_CBur_2022_LCWGS_1	Sor	C	Bur	CanB	2022	LCWGS	64	1	No	wahab.hpc.odu.edu	/home/e1garcia/shotgun_PIRE/pire_lcwgs_data_processing/sphaeramia_orbicularis/1st_sequencing_run	PE_150	up_for_grabs	Jason Selwyn	Sor_2022_SanPascual_Masbate_lcwgs	https://n2t.net/ark:/21547/GZq2	PRJNA1336813	NA	Sphaeramia_orbicularis_2022_SanPascual_Masbate_lcwgs	NA	NA	NA
Sor_CPnd_2021_LCWGS_1	Sor	C	Pnd	Pand	2021	LCWGS	64	1	Yes	wahab.hpc.odu.edu	/archive/carpenterlab/pire/pire_sphaeramia_orbicularis_lcwgs/1st_sequencing_run	PE_150	John_Whalen	Jason Selwyn	Sor_2021_Getafe_Bohol_lcwgs	https://n2t.net/ark:/21547/GZY2	PRJNA1337112	NA	Sphaeramia_orbicularis_2021_Getafe_Bohol_lcwgs	NA	NA	NA
Sor_CPnd_2021_LCWGS_2	Sor	C	Pnd	Pand	2021	LCWGS	48	2	Yes	wahab.hpc.odu.edu	/archive/carpenterlab/pire/pire_sphaeramia_orbicularis_lcwgs/2nd_sequencing_run	PE_150	John_Whalen	Jason Selwyn	Sor_2021_Getafe_Bohol_lcwgs	https://n2t.net/ark:/21547/GZY2	PRJNA1337112	NA	Sphaeramia_orbicularis_2021_Getafe_Bohol_lcwgs	NA	NA	NA
Sor_CPnd_2021_LCWGS_3	Sor	C	Pnd	Pand	2021	LCWGS	48	3	Yes	wahab.hpc.odu.edu	/archive/carpenterlab/pire/pire_sphaeramia_orbicularis_lcwgs/3rd_sequencing_run	PE_150	John_Whalen	Jason Selwyn	Sor_2021_Getafe_Bohol_lcwgs	https://n2t.net/ark:/21547/GZY2	PRJNA1337112	NA	Sphaeramia_orbicularis_2021_Getafe_Bohol_lcwgs	NA	NA	NA
Ssp_AAtu_1909_CSSL_1	Ssp	A	Atu	AtuB	1909	CSSL	43	1	Yes	wahab.hpc.odu.edu	/home/e1garcia/shotgun_PIRE/pire_cssl_data_processing/siganus_spinus/1st_sequencing_run	PE_150	Brendan_Reid	NA	NA	NA	NA	NA	NA	NA	NA	NA
Ssp_AAtu_1909_CSSL_2	Ssp	A	Atu	AtuB	1909	CSSL	43	2	Yes	wahab.hpc.odu.edu	/home/e1garcia/shotgun_PIRE/pire_cssl_data_processing/siganus_spinus/2nd_sequencing_run	PE_150	Brendan_Reid	NA	NA	NA	NA	NA	NA	NA	NA	NA
Ssp_CGub_2017_CSSL_1	Ssp	C	Gub	AtuB	2017	CSSL	55	1	Yes	wahab.hpc.odu.edu	/home/e1garcia/shotgun_PIRE/pire_cssl_data_processing/siganus_spinus/1st_sequencing_run	PE_150	Brendan_Reid	NA	NA	NA	NA	NA	NA	NA	NA	NA
Sob-CKal_014	Ssp	C	NA	NA	NA	NA	NA	NA	NA	NA	NA	NA	NA	NA	NA	NA	PRJNA1052058	SAMN39830504	NA	No	denovo genome assembly	NA
Tbi_ARos_1909_CSSL_1	Tbi	A	Ros	Rosa	1909	CSSL	31	1	Yes	wahab.hpc.odu.edu	/home/e1garcia/shotgun_PIRE/pire_cssl_data_processing/taeniamia_biguttata/1st_sequencing_run	PE_150	Brendan_Reid	Brendan_Reid	Tbi_1909_RosaId_CamarinesSur	https://n2t.net/ark:/21547/FPb2	NA	NA	NA	NA	NA	NA
Tbi_ARos_1909_CSSL_2	Tbi	A	Ros	Rosa	1909	CSSL	31	2	Yes	wahab.hpc.odu.edu	/home/e1garcia/shotgun_PIRE/pire_cssl_data_processing/taeniamia_biguttata/2nd_sequencing_run	PE_150	Brendan_Reid	Brendan_Reid	Tbi_1909_RosaId_CamarinesSur	https://n2t.net/ark:/21547/FPb2	NA	NA	NA	NA	NA	NA
Tbi_CJos_2019_CSSL_1	Tbi	C	Jos	Rosa	2019	CSSL	63	1	Yes	wahab.hpc.odu.edu	/home/e1garcia/shotgun_PIRE/pire_cssl_data_processing/taeniamia_biguttata/1st_sequencing_run	PE_150	Brendan_Reid	Brendan_Reid	Tbi_2019_SanJose_CamarinesSur	https://n2t.net/ark:/21547/FPV2	NA	NA	NA	NA	NA	NA
Ssb-CGub_063	Tbi	C	NA	NA	NA	NA	NA	NA	NA	NA	NA	NA	NA	NA	NA	NA	PRJNA1052058	SAMN38811640	NA	No	denovo genome assembly	NA
Ssb-CGub_020	Tbi	C	NA	NA	NA	NA	NA	NA	NA	NA	NA	NA	NA	NA	NA	NA	PRJNA1052058	SAMN39830505	NA	No	denovo genome assembly	NA
Tbi-CJos_031	Tbi	C	NA	NA	NA	NA	NA	NA	NA	NA	NA	NA	NA	NA	NA	NA	PRJNA1052058	SAMN39830505	NA	No	denovo genome assembly	NA
Tcr_CJol_2021_SSL_1	Tcr	C	Jol	Jolo	2021	SSL	1	1	Yes	wahab.hpc.odu.edu	/home/e1garcia/shotgun_PIRE/pire_ssl_data_processing/tylosurus_crocodilus	PE_150	Brendan_Reid	NA	NA	NA	NA	NA	NA	NA	NA	NA
Tzo_AMvi_1908_CSSL_1	Tzo	A	Mvi	Masi	1908	CSSL	48	1	Yes	wahab.hpc.odu.edu	/home/e1garcia/shotgun_PIRE/pire_cssl_data_processing/taeniamia_zosterophora	PE_150	Brendan_Reid	Gianna_Mazzei	Tzo_1908_MatalvisIsland_Zambales_cssl	https://n2t.net/ark:/21547/Fwk2	PRJNA1199564	NA	Taeniamia_zosterophora_1908_MatalvisIsland_Zambales_CaptureSeq	No	raw_data_in_/RC/group/rc_carpenterlab_ngs/shotgun_PIRE/pire_cssl_data_processing/taeniamia_zosterophora/fq_raw_cssl	NA
Tzo_CMvi_2019_CSSL_1	Tzo	C	Mvi	Masi	2019	CSSL	55	1	Yes	wahab.hpc.odu.edu	/home/e1garcia/shotgun_PIRE/pire_cssl_data_processing/taeniamia_zosterophora	PE_150	Brendan_Reid	Gianna_Mazzei	Tzo_2019_MatalvisIsland_Zambales_cssl	https://n2t.net/ark:/21547/Fwe2	PRJNA1199563	NA	Taeniamia_zosterophora_2019_MatalvisIsland_Zambales_CaptureSeq	No	raw_data_in_/RC/group/rc_carpenterlab_ngs/shotgun_PIRE/pire_cssl_data_processing/taeniamia_zosterophora/fq_raw_cssl	NA
Tzo_ABol_1908_LCWGS_1	Tzo	A	Bol	Mala	1908	LCWGS	65	1	No	wahab.hpc.odu.edu	/home/e1garcia/shotgun_PIRE/pire_lcwgs_data_processing/taeniamia_zosterophora/1st_sequencing_run	PE_150	Kyra_Fitz	Kyra_Fitz	Tzo_1908_Malampaya_Palawan_lcwgs	https://n2t.net/ark:/21547/FtD2	PRJNA1185294	NA	Taeniamia_zosterophora_1908_Malampaya_Palawan_lcwgs	Yes	NA	NA
Tzo_ABol_1908_LCWGS_2	Tzo	A	Bol	Mala	1908	LCWGS	65	2	NA	wahab.hpc.odu.edu	/archive/carpenterlab/pire/pire_taeniamia_zosterophora_lcwgs/2nd_sequencing_run	PE_150	Kyra_Fitz	NA	NA	NA	NA	NA	NA	NA	NA	NA
Tzo_AMta_1908_LCWGS_1	Tzo	A	Mta	Boho	1908	LCWGS	34	1	No	wahab.hpc.odu.edu	/home/e1garcia/shotgun_PIRE/pire_lcwgs_data_processing/taeniamia_zosterophora/1st_sequencing_run	PE_150	Kyra_Fitz	Kyra_Fitz	Tzo_1908_Mantatao_Bohol_lcwgs	https://n2t.net/ark:/21547/FtY2	PRJNA1185271	NA	Taeniamia_zosterophora_1908_Mantatao_Bohol_lcwgs	Yes	NA	NA
Tzo_AMta_1908_LCWGS_2	Tzo	A	Mta	Boho	1908	LCWGS	34	2	NA	wahab.hpc.odu.edu	/archive/carpenterlab/pire/pire_taeniamia_zosterophora_lcwgs/2nd_sequencing_run	PE_150	Kyra_Fitz	NA	NA	NA	NA	NA	NA	NA	NA	NA
Tzo_AMvi_1908_LCWGS_1	Tzo	A	Mvi	Masi	1908	LCWGS	48	1	No	wahab.hpc.odu.edu	/home/e1garcia/shotgun_PIRE/pire_lcwgs_data_processing/taeniamia_zosterophora/1st_sequencing_run	PE_150	Kyra_Fitz	Kyra_Fitz	Tzo_1908_MatalvisIsland_Zambales_lcwgs	https://n2t.net/ark:/21547/Ftk2	PRJNA1185224	NA	Taeniamia_zosterophora_1908_MatalvisIsland_Zambales_lcwgs	Yes	NA	NA
Tzo_AMvi_1908_LCWGS_2	Tzo	A	Mvi	Masi	1908	LCWGS	48	2	NA	wahab.hpc.odu.edu	/archive/carpenterlab/pire/pire_taeniamia_zosterophora_lcwgs/2nd_sequencing_run	PE_150	Kyra_Fitz	NA	NA	NA	NA	NA	NA	NA	NA	NA
Tzo_CMal_2022_LCWGS_1	Tzo	C	Mal	Mala	2022	LCWGS	64	1	No	wahab.hpc.odu.edu	/home/e1garcia/shotgun_PIRE/pire_lcwgs_data_processing/taeniamia_zosterophora/1st_sequencing_run	PE_150	Kyra_Fitz	Kyra_Fitz	Tzo_2022_Malampaya_Palawan_lcwgs	https://n2t.net/ark:/21547/FtS2	PRJNA1185280	NA	Taeniamia_zosterophora_2022_Malampaya_Palawan_lcwgs	Yes	NA	NA
Tzo_CMal_2021_LCWGS_2	Tzo	C	Mal	Mala	2021	LCWGS	64	2	NA	wahab.hpc.odu.edu	/archive/carpenterlab/pire/pire_taeniamia_zosterophora_lcwgs/2nd_sequencing_run	PE_150	Kyra_Fitz	NA	NA	NA	NA	NA	NA	NA	NA	NA
Tzo_CMta_2021_LCWGS_1	Tzo	C	Mta	Boho	2021	LCWGS	64	1	No	wahab.hpc.odu.edu	/home/e1garcia/shotgun_PIRE/pire_lcwgs_data_processing/taeniamia_zosterophora/1st_sequencing_run	PE_150	Kyra_Fitz	Kyra_Fitz	Tzo_2021_Mantatao_Bohol_lcwgs	https://n2t.net/ark:/21547/Fte2	PRJNA1185264	NA	Taeniamia_zosterophora_2021_Mantatao_Bohol_lcwgs	Yes	NA	NA
Tzo_CMta_2019_LCWGS_2	Tzo	C	Mta	Boho	2019	LCWGS	64	2	NA	wahab.hpc.odu.edu	/archive/carpenterlab/pire/pire_taeniamia_zosterophora_lcwgs/2nd_sequencing_run	PE_150	Kyra_Fitz	NA	NA	NA	NA	NA	NA	NA	NA	NA
Tzo_CMvi_2019_LCWGS_1	Tzo	C	Mvi	Masi	2019	LCWGS	64	1	No	wahab.hpc.odu.edu	/home/e1garcia/shotgun_PIRE/pire_lcwgs_data_processing/taeniamia_zosterophora/1st_sequencing_run	PE_150	Kyra_Fitz	Kyra_Fitz	Tzo_2019_MatalvisIsland_Zambales_lcwgs	https://n2t.net/ark:/21547/Ftq2	PRJNA1185258	NA	Taeniamia_zosterophora_2019_MatalvisIsland_Zambales_lcwgs	Yes	NA	NA
Tzo_CMvi_2022_LCWGS_2	Tzo	C	Mvi	Masi	2022	LCWGS	64	2	NA	wahab.hpc.odu.edu	/archive/carpenterlab/pire/pire_taeniamia_zosterophora_lcwgs/2nd_sequencing_run	PE_150	Kyra_Fitz	NA	NA	NA	NA	NA	NA	NA	NA	NA
Tzo_CMvi_2019_SSL_1	Tzo	C	Mvi	Masi	2019	SSL	1	1	Yes	wahab.hpc.odu.edu	/home/e1garcia/shotgun_PIRE/pire_ssl_data_processing/taeniamia_zosterophora	PE_150	Kyra_Fitz	NA	NA	NA	NA	NA	NA	NA	NA	NA
Zdi_ADup_1908_LCWGS_1	Zdi	A	Dup	Dupo	1908	LCWGS	47	1	Yes	wahab.hpc.odu.edu	/archive/carpenterlab/pire/pire_zenarchopterus_dispar_lcwgs/1st_sequencing_run	PE_150	Ty_Burris	Gianna_Mazzei	Zdi_1908_Isabel_Leyte_lcwgs	https://n2t.net/ark:/21547/Fpq2	PRJNA1171961	NA	Zenarchopterus_dispar_1908_Isabel_Leyte_lcwgs	No	NA	cryptic_species?
Zdi_ADup_1908_LCWGS_2	Zdi	A	Dup	Dupo	1908	LCWGS	47	2	Yes	wahab.hpc.odu.edu	/archive/carpenterlab/pire/pire_zenarchopterus_dispar_lcwgs/2nd_sequencing_run	PE_150	Ty_Burris	Gianna_Mazzei	Zdi_1908_Isabel_Leyte_lcwgs	https://n2t.net/ark:/21547/Fpq2	PRJNA1171961	NA	Zenarchopterus_dispar_1908_Isabel_Leyte_lcwgs	No	NA	cryptic_species?
Zdi_CDup_2022_LCWGS_1	Zdi	C	Dup	Dupo	2022	LCWGS	64	1	Yes	wahab.hpc.odu.edu	/archive/carpenterlab/pire/pire_zenarchopterus_dispar_lcwgs/1st_sequencing_run	PE_150	Ty_Burris	Gianna_Mazzei	Zdi_2022_Isabel_Leyte_lcwgs	https://n2t.net/ark:/21547/Fpw2	PRJNA1171888	NA	Zenarchopterus_dispar_2022_Isabel_Leyte_lcwgs	No	NA	cryptic_species?
Zdi_CDup_2022_LCWGS_2	Zdi	C	Dup	Dupo	2022	LCWGS	49	2	Yes	wahab.hpc.odu.edu	/archive/carpenterlab/pire/pire_zenarchopterus_dispar_lcwgs/2nd_sequencing_run	PE_150	Ty_Burris	Gianna_Mazzei	Zdi_2022_Isabel_Leyte_lcwgs	https://n2t.net/ark:/21547/Fpw2	PRJNA1171888	NA	Zenarchopterus_dispar_2022_Isabel_Leyte_lcwgs	No	NA	cryptic_species?
Sor_ACeb_1908_LCWGS_4	Sor	A	Ceb	Pand	1908	LCWGS	22	4	Yes	wahab.hpc.odu.edu	/archive/carpenterlab/pire/pire_sphaeramia_orbicularis_lcwgs/4th_sequencing_run	PE_150	John_Whalen	NA	Sor_1908_CebuMarket_Cebu_lcwgs	NA	NA	NA	NA	NA	NA	NA
Pli_AMvi_1908_LCWGS_2	Pli	A	Mvi	Masi	1908	LCWGS	48	1	No	wahab.hpc.odu.edu	/archive/carpenterlab/pire/pire_plotosus_lineatus_lcwgs/2nd_sequencing_run	PE_150	Marianne_Dehasque	NA	NA	NA	NA	NA	NA	NA	NA	NA
Pli_CMvi_2019_LCWGS_2	Pli	C	Mvi	Masi	2019	LCWGS	48	1	No	wahab.hpc.odu.edu	/archive/carpenterlab/pire/pire_plotosus_lineatus_lcwgs/2nd_sequencing_run	PE_150	Marianne_Dehasque	NA	NA	NA	NA	NA	NA	NA	NA	NA
Pli_AMvi_1908_LCWGS_3	Pli	A	Mvi	Masi	1908	LCWGS	42	1	No	wahab.hpc.odu.edu	/archive/carpenterlab/pire/pire_plotosus_lineatus_lcwgs/3rd_sequencing_run	PE_150	Marianne_Dehasque	NA	NA	NA	NA	NA	NA	NA	NA	NA
Pli_CMvi_2019_LCWGS_3	Pli	C	Mvi	Masi	2019	LCWGS	48	1	No	wahab.hpc.odu.edu	/archive/carpenterlab/pire/pire_plotosus_lineatus_lcwgs/3rd_sequencing_run	PE_150	Marianne_Dehasque	NA	NA	NA	NA	NA	NA	NA	NA	NA
Pba_ABur_1908_LCWGS_	Pba	A	Bur	Buri	1908	LCWGS	NA	NA	NA	wahab.hpc.odu.edu	NA	NA	NA	Jason Selwyn	Pbr_1909_SanPascual_Masbate_lcwgs	https://n2t.net/ark:/21547/Gfc2	PRJNA1348188	NA	Pomacentrus_brachialis_1909_SanPascual_Masbate_lcwgs	NA	Row not entered until after sequence upload. Missing data as a result	NA
