species_valid_name	lot_id	individual_id	new_usnm	usnm_biorepository	species_id_method	species_id_person	species_id_notes	species_id_year	species_id_month	species_id_day	species_id_date_originallyentered	notes	extracted?	correction_applied	correction_id	correction_details	correction_date
Spratelloides_delicatulus	TLK-2024-08_01	Sde-CTlk_001			Morphology	Nadia_Abesamis | Kevin_Labrador	streaks in the caudal fin lobes	2024	8	20	8/20/2024		Yes	FALSE			
Spratelloides_delicatulus	TLK-2024-08_01	Sde-CTlk_002			Morphology	Nadia_Abesamis | Kevin_Labrador	streaks in the caudal fin lobes	2024	8	20	8/20/2024		Yes	FALSE			
Spratelloides_delicatulus	TLK-2024-08_01	Sde-CTlk_003			Morphology	Nadia_Abesamis | Kevin_Labrador	streaks in the caudal fin lobes	2024	8	20	8/20/2024		Yes	FALSE			
Spratelloides_delicatulus	TLK-2024-08_01	Sde-CTlk_004			Morphology	Nadia_Abesamis | Kevin_Labrador	streaks in the caudal fin lobes	2024	8	20	8/20/2024		Yes	FALSE			
Spratelloides_delicatulus	TLK-2024-08_01	Sde-CTlk_005			Morphology	Nadia_Abesamis | Kevin_Labrador	streaks in the caudal fin lobes	2024	8	20	8/20/2024		Yes	FALSE			
Spratelloides_delicatulus	TLK-2024-08_01	Sde-CTlk_006			Morphology	Nadia_Abesamis | Kevin_Labrador	streaks in the caudal fin lobes	2024	8	20	8/20/2024		Yes	FALSE			
Spratelloides_delicatulus	TLK-2024-08_01	Sde-CTlk_007			Morphology	Nadia_Abesamis | Kevin_Labrador	streaks in the caudal fin lobes	2024	8	20	8/20/2024		Yes	FALSE			
Spratelloides_delicatulus	TLK-2024-08_01	Sde-CTlk_008			Morphology	Nadia_Abesamis | Kevin_Labrador	streaks in the caudal fin lobes	2024	8	20	8/20/2024		Yes	FALSE			
Spratelloides_delicatulus	TLK-2024-08_01	Sde-CTlk_009			Morphology	Nadia_Abesamis | Kevin_Labrador	streaks in the caudal fin lobes	2024	8	20	8/20/2024		Yes	FALSE			
Spratelloides_delicatulus	TLK-2024-08_01	Sde-CTlk_010			Morphology	Nadia_Abesamis | Kevin_Labrador	streaks in the caudal fin lobes	2024	8	20	8/20/2024		Yes	FALSE			
Spratelloides_delicatulus	TLK-2024-08_01	Sde-CTlk_011			Morphology	Nadia_Abesamis | Kevin_Labrador	streaks in the caudal fin lobes	2024	8	20	8/20/2024		Yes	FALSE			
Spratelloides_delicatulus	TLK-2024-08_01	Sde-CTlk_012			Morphology	Nadia_Abesamis | Kevin_Labrador	streaks in the caudal fin lobes	2024	8	20	8/20/2024		Yes	FALSE			
Spratelloides_delicatulus	TLK-2024-08_01	Sde-CTlk_013			Morphology	Nadia_Abesamis | Kevin_Labrador	streaks in the caudal fin lobes	2024	8	20	8/20/2024	Used as trial for organ extraction; otolith not extracted	Yes	FALSE			
Spratelloides_delicatulus	TLK-2024-08_01	Sde-CTlk_014			Morphology	Nadia_Abesamis | Kevin_Labrador	streaks in the caudal fin lobes	2024	8	20	8/20/2024		Yes	FALSE			
Spratelloides_delicatulus	TLK-2024-08_01	Sde-CTlk_015			Morphology	Nadia_Abesamis | Kevin_Labrador	streaks in the caudal fin lobes	2024	8	20	8/20/2024		Yes	FALSE			
Spratelloides_delicatulus	TLK-2024-08_01	Sde-CTlk_016			Morphology	Nadia_Abesamis | Kevin_Labrador	streaks in the caudal fin lobes	2024	8	20	8/20/2024		Yes	FALSE			
Spratelloides_delicatulus	TLK-2024-08_01	Sde-CTlk_017			Morphology	Nadia_Abesamis | Kevin_Labrador	streaks in the caudal fin lobes	2024	8	20	8/20/2024		Yes	FALSE			
Spratelloides_delicatulus	TLK-2024-08_01	Sde-CTlk_018			Morphology	Nadia_Abesamis | Kevin_Labrador	streaks in the caudal fin lobes	2024	8	20	8/20/2024		Yes	FALSE			
Spratelloides_delicatulus	TLK-2024-08_01	Sde-CTlk_019			Morphology	Nadia_Abesamis | Kevin_Labrador	streaks in the caudal fin lobes	2024	8	20	8/20/2024		Yes	FALSE			
Spratelloides_delicatulus	TLK-2024-08_01	Sde-CTlk_020			Morphology	Nadia_Abesamis | Kevin_Labrador	streaks in the caudal fin lobes	2024	8	20	8/20/2024		Yes	FALSE			
Spratelloides_delicatulus	TLK-2024-08_01	Sde-CTlk_021			Morphology	Nadia_Abesamis | Kevin_Labrador	streaks in the caudal fin lobes	2024	8	20	8/20/2024		Yes	FALSE			
Spratelloides_delicatulus	TLK-2024-08_01	Sde-CTlk_022			Morphology	Nadia_Abesamis | Kevin_Labrador	streaks in the caudal fin lobes	2024	8	20	8/20/2024		Yes	FALSE			
Spratelloides_delicatulus	TLK-2024-08_01	Sde-CTlk_023			Morphology	Nadia_Abesamis | Kevin_Labrador	streaks in the caudal fin lobes	2024	8	20	8/20/2024		Yes	FALSE			
Spratelloides_delicatulus	TLK-2024-08_01	Sde-CTlk_024			Morphology	Nadia_Abesamis | Kevin_Labrador	streaks in the caudal fin lobes	2024	8	20	8/20/2024		Yes	FALSE			
Spratelloides_delicatulus	TLK-2024-08_01	Sde-CTlk_025			Morphology	Nadia_Abesamis | Kevin_Labrador	streaks in the caudal fin lobes	2024	8	20	8/20/2024		Yes	FALSE			
Spratelloides_delicatulus	TLK-2024-08_01	Sde-CTlk_026			Morphology	Nadia_Abesamis | Kevin_Labrador	streaks in the caudal fin lobes	2024	8	20	8/20/2024		Yes	FALSE			
Spratelloides_delicatulus	TLK-2024-08_01	Sde-CTlk_027			Morphology	Nadia_Abesamis | Kevin_Labrador	streaks in the caudal fin lobes	2024	8	20	8/20/2024		Yes	FALSE			
Spratelloides_delicatulus	TLK-2024-08_01	Sde-CTlk_028			Morphology	Nadia_Abesamis | Kevin_Labrador	streaks in the caudal fin lobes	2024	8	20	8/20/2024		Yes	FALSE			
Spratelloides_delicatulus	TLK-2024-08_01	Sde-CTlk_029			Morphology	Nadia_Abesamis | Kevin_Labrador	streaks in the caudal fin lobes	2024	8	20	8/20/2024		Yes	FALSE			
Spratelloides_delicatulus	TLK-2024-08_01	Sde-CTlk_030			Morphology	Nadia_Abesamis | Kevin_Labrador	streaks in the caudal fin lobes	2024	8	20	8/20/2024		Yes	FALSE			
Spratelloides_delicatulus	TLK-2024-08_01	Sde-CTlk_031			Morphology	Nadia_Abesamis | Kevin_Labrador	streaks in the caudal fin lobes	2024	8	20	8/20/2024		Yes	FALSE			
Spratelloides_delicatulus	TLK-2024-08_01	Sde-CTlk_032			Morphology	Nadia_Abesamis | Kevin_Labrador	streaks in the caudal fin lobes	2024	8	20	8/20/2024		Yes	FALSE			
Spratelloides_delicatulus	TLK-2024-08_01	Sde-CTlk_033			Morphology	Nadia_Abesamis | Kevin_Labrador	streaks in the caudal fin lobes	2024	8	20	8/20/2024		Yes	FALSE			
Spratelloides_delicatulus	TLK-2024-08_01	Sde-CTlk_034			Morphology	Nadia_Abesamis | Kevin_Labrador	streaks in the caudal fin lobes	2024	8	20	8/20/2024		Yes	FALSE			
Spratelloides_delicatulus	TLK-2024-08_01	Sde-CTlk_035			Morphology	Nadia_Abesamis | Kevin_Labrador	streaks in the caudal fin lobes	2024	8	20	8/20/2024		Yes	FALSE			
Spratelloides_delicatulus	TLK-2024-08_01	Sde-CTlk_036			Morphology	Nadia_Abesamis | Kevin_Labrador	streaks in the caudal fin lobes	2024	8	20	8/20/2024		Yes	FALSE			
Spratelloides_delicatulus	TLK-2024-08_01	Sde-CTlk_037			Morphology	Nadia_Abesamis | Kevin_Labrador	streaks in the caudal fin lobes	2024	8	20	8/20/2024		Yes	FALSE			
Spratelloides_delicatulus	TLK-2024-08_01	Sde-CTlk_038			Morphology	Nadia_Abesamis | Kevin_Labrador	streaks in the caudal fin lobes	2024	8	20	8/20/2024		Yes	FALSE			
Spratelloides_delicatulus	TLK-2024-08_01	Sde-CTlk_039			Morphology	Nadia_Abesamis | Kevin_Labrador	streaks in the caudal fin lobes	2024	8	20	8/20/2024		Yes	FALSE			
Spratelloides_delicatulus	TLK-2024-08_01	Sde-CTlk_040			Morphology	Nadia_Abesamis | Kevin_Labrador	streaks in the caudal fin lobes	2024	8	20	8/20/2024		Yes	FALSE			
Spratelloides_delicatulus	TLK-2024-08_01	Sde-CTlk_041			Morphology	Nadia_Abesamis | Kevin_Labrador	streaks in the caudal fin lobes	2024	8	20	8/20/2024		Yes	FALSE			
Spratelloides_delicatulus	TLK-2024-08_01	Sde-CTlk_042			Morphology	Nadia_Abesamis | Kevin_Labrador	streaks in the caudal fin lobes	2024	8	20	8/20/2024		Yes	FALSE			
Spratelloides_delicatulus	TLK-2024-08_01	Sde-CTlk_043			Morphology	Nadia_Abesamis | Kevin_Labrador	streaks in the caudal fin lobes	2024	8	20	8/20/2024		Yes	FALSE			
Spratelloides_delicatulus	TLK-2024-08_01	Sde-CTlk_044			Morphology	Nadia_Abesamis | Kevin_Labrador	streaks in the caudal fin lobes	2024	8	20	8/20/2024		Yes	FALSE			
Spratelloides_delicatulus	TLK-2024-08_01	Sde-CTlk_045			Morphology	Nadia_Abesamis | Kevin_Labrador	streaks in the caudal fin lobes	2024	8	20	8/20/2024		Yes	FALSE			
Spratelloides_delicatulus	TLK-2024-08_01	Sde-CTlk_046			Morphology	Nadia_Abesamis | Kevin_Labrador	streaks in the caudal fin lobes	2024	8	20	8/20/2024		Yes	FALSE			
Spratelloides_delicatulus	TLK-2024-08_01	Sde-CTlk_047			Morphology	Nadia_Abesamis | Kevin_Labrador	streaks in the caudal fin lobes	2024	8	20	8/20/2024		Yes	FALSE			
Spratelloides_delicatulus	TLK-2024-08_01	Sde-CTlk_048			Morphology	Nadia_Abesamis | Kevin_Labrador	streaks in the caudal fin lobes	2024	8	20	8/20/2024		Yes	FALSE			
Spratelloides_delicatulus	TLK-2024-08_01	Sde-CTlk_049			Morphology	Nadia_Abesamis | Kevin_Labrador	streaks in the caudal fin lobes	2024	8	20	8/20/2024		Yes	FALSE			
Spratelloides_delicatulus	TLK-2024-08_01	Sde-CTlk_050			Morphology	Nadia_Abesamis | Kevin_Labrador	streaks in the caudal fin lobes	2024	8	20	8/20/2024		Yes	FALSE			
Spratelloides_delicatulus	TLK-2024-08_01	Sde-CTlk_051			Morphology	Nadia_Abesamis | Kevin_Labrador	streaks in the caudal fin lobes	2024	8	20	8/20/2024		Yes	FALSE			
Spratelloides_delicatulus	TLK-2024-08_01	Sde-CTlk_052			Morphology	Nadia_Abesamis | Kevin_Labrador	streaks in the caudal fin lobes	2024	8	20	8/20/2024		Yes	FALSE			
Spratelloides_delicatulus	TLK-2024-08_01	Sde-CTlk_053			Morphology	Nadia_Abesamis | Kevin_Labrador	streaks in the caudal fin lobes	2024	8	20	8/20/2024		Yes	FALSE			
Spratelloides_delicatulus	TLK-2024-08_01	Sde-CTlk_054			Morphology	Nadia_Abesamis | Kevin_Labrador	streaks in the caudal fin lobes	2024	8	20	8/20/2024		Yes	FALSE			
Spratelloides_delicatulus	TLK-2024-08_01	Sde-CTlk_055			Morphology	Nadia_Abesamis | Kevin_Labrador	streaks in the caudal fin lobes	2024	8	20	8/20/2024		Yes	FALSE			
Spratelloides_delicatulus	TLK-2024-08_01	Sde-CTlk_056			Morphology	Nadia_Abesamis | Kevin_Labrador	streaks in the caudal fin lobes	2024	8	20	8/20/2024		Yes	FALSE			
Spratelloides_delicatulus	TLK-2024-08_01	Sde-CTlk_057			Morphology	Nadia_Abesamis | Kevin_Labrador	streaks in the caudal fin lobes	2024	8	20	8/20/2024		Yes	FALSE			
Spratelloides_delicatulus	TLK-2024-08_01	Sde-CTlk_058			Morphology	Nadia_Abesamis | Kevin_Labrador	streaks in the caudal fin lobes	2024	8	20	8/20/2024		Yes	FALSE			
Spratelloides_delicatulus	TLK-2024-08_01	Sde-CTlk_059			Morphology	Nadia_Abesamis | Kevin_Labrador	streaks in the caudal fin lobes	2024	8	20	8/20/2024		Yes	FALSE			
Spratelloides_delicatulus	TLK-2024-08_01	Sde-CTlk_060			Morphology	Nadia_Abesamis | Kevin_Labrador	streaks in the caudal fin lobes	2024	8	20	8/20/2024		Yes	FALSE			
Spratelloides_delicatulus	TLK-2024-08_01	Sde-CTlk_061			Morphology	Nadia_Abesamis | Kevin_Labrador	streaks in the caudal fin lobes	2024	8	20	8/20/2024		Yes	FALSE			
Spratelloides_delicatulus	TLK-2024-08_01	Sde-CTlk_062			Morphology	Nadia_Abesamis | Kevin_Labrador	streaks in the caudal fin lobes	2024	8	20	8/20/2024		Yes	FALSE			
Spratelloides_delicatulus	TLK-2024-08_01	Sde-CTlk_063			Morphology	Nadia_Abesamis | Kevin_Labrador	streaks in the caudal fin lobes	2024	8	20	8/20/2024		Yes	FALSE			
Spratelloides_delicatulus	TLK-2024-08_01	Sde-CTlk_064			Morphology	Nadia_Abesamis | Kevin_Labrador	streaks in the caudal fin lobes	2024	8	20	8/20/2024		Yes	FALSE			
Spratelloides_delicatulus	TLK-2024-08_01	Sde-CTlk_065			Morphology	Nadia_Abesamis | Kevin_Labrador	streaks in the caudal fin lobes	2024	8	20	8/20/2024		Yes	FALSE			
Spratelloides_delicatulus	TLK-2024-08_01	Sde-CTlk_066			Morphology	Nadia_Abesamis | Kevin_Labrador	streaks in the caudal fin lobes	2024	8	20	8/20/2024		Yes	FALSE			
Spratelloides_delicatulus	TLK-2024-08_01	Sde-CTlk_067			Morphology	Nadia_Abesamis | Kevin_Labrador	streaks in the caudal fin lobes	2024	8	20	8/20/2024		Yes	FALSE			
Spratelloides_delicatulus	TLK-2024-08_01	Sde-CTlk_068			Morphology	Nadia_Abesamis | Kevin_Labrador	streaks in the caudal fin lobes	2024	8	20	8/20/2024		Yes	FALSE			
Spratelloides_delicatulus	TLK-2024-08_01	Sde-CTlk_069			Morphology	Nadia_Abesamis | Kevin_Labrador	streaks in the caudal fin lobes	2024	8	20	8/20/2024		Yes	FALSE			
Spratelloides_delicatulus	TLK-2024-08_01	Sde-CTlk_070			Morphology	Nadia_Abesamis | Kevin_Labrador	streaks in the caudal fin lobes	2024	8	20	8/20/2024		Yes	FALSE			
Spratelloides_delicatulus	TLK-2024-08_01	Sde-CTlk_071			Morphology	Nadia_Abesamis | Kevin_Labrador	streaks in the caudal fin lobes	2024	8	20	8/20/2024		Yes	FALSE			
Spratelloides_delicatulus	TLK-2024-08_01	Sde-CTlk_072			Morphology	Nadia_Abesamis | Kevin_Labrador	streaks in the caudal fin lobes	2024	8	20	8/20/2024		Yes	FALSE			
Spratelloides_delicatulus	TLK-2024-08_01	Sde-CTlk_073			Morphology	Nadia_Abesamis | Kevin_Labrador	streaks in the caudal fin lobes	2024	8	20	8/20/2024		Yes	FALSE			
Spratelloides_delicatulus	TLK-2024-08_01	Sde-CTlk_074			Morphology	Nadia_Abesamis | Kevin_Labrador	streaks in the caudal fin lobes	2024	8	20	8/20/2024		Yes	FALSE			
Spratelloides_delicatulus	TLK-2024-08_01	Sde-CTlk_075			Morphology	Nadia_Abesamis | Kevin_Labrador	streaks in the caudal fin lobes	2024	8	20	8/20/2024		Yes	FALSE			
Spratelloides_delicatulus	TLK-2024-08_01	Sde-CTlk_076			Morphology	Nadia_Abesamis | Kevin_Labrador	streaks in the caudal fin lobes	2024	8	20	8/20/2024		Yes	FALSE			
Spratelloides_delicatulus	TLK-2024-08_01	Sde-CTlk_077			Morphology	Nadia_Abesamis | Kevin_Labrador	streaks in the caudal fin lobes	2024	8	20	8/20/2024		Yes	FALSE			
Spratelloides_delicatulus	TLK-2024-08_01	Sde-CTlk_078			Morphology	Nadia_Abesamis | Kevin_Labrador	streaks in the caudal fin lobes	2024	8	20	8/20/2024		Yes	FALSE			
Spratelloides_delicatulus	TLK-2024-08_01	Sde-CTlk_079			Morphology	Nadia_Abesamis | Kevin_Labrador	streaks in the caudal fin lobes	2024	8	20	8/20/2024		Yes	FALSE			
Spratelloides_delicatulus	TLK-2024-08_01	Sde-CTlk_080			Morphology	Nadia_Abesamis | Kevin_Labrador	streaks in the caudal fin lobes	2024	8	20	8/20/2024		Yes	FALSE			
Spratelloides_delicatulus	TLK-2024-08_01	Sde-CTlk_081			Morphology	Nadia_Abesamis | Kevin_Labrador	streaks in the caudal fin lobes	2024	8	20	8/20/2024		Yes	FALSE			
Spratelloides_delicatulus	TLK-2024-08_01	Sde-CTlk_082			Morphology	Nadia_Abesamis | Kevin_Labrador	streaks in the caudal fin lobes	2024	8	20	8/20/2024		Yes	FALSE			
Spratelloides_delicatulus	TLK-2024-08_01	Sde-CTlk_083			Morphology	Nadia_Abesamis | Kevin_Labrador	streaks in the caudal fin lobes	2024	8	20	8/20/2024		Yes	FALSE			
Spratelloides_delicatulus	TLK-2024-08_01	Sde-CTlk_084			Morphology	Nadia_Abesamis | Kevin_Labrador	streaks in the caudal fin lobes	2024	8	20	8/20/2024		Yes	FALSE			
Spratelloides_delicatulus	TLK-2024-08_01	Sde-CTlk_085			Morphology	Nadia_Abesamis | Kevin_Labrador	streaks in the caudal fin lobes	2024	8	20	8/20/2024		Yes	FALSE			
Spratelloides_delicatulus	TLK-2024-08_01	Sde-CTlk_086			Morphology	Nadia_Abesamis | Kevin_Labrador	streaks in the caudal fin lobes	2024	8	20	8/20/2024		Yes	FALSE			
Spratelloides_delicatulus	TLK-2024-08_01	Sde-CTlk_087			Morphology	Nadia_Abesamis | Kevin_Labrador	streaks in the caudal fin lobes	2024	8	20	8/20/2024		Yes	FALSE			
Spratelloides_delicatulus	TLK-2024-08_01	Sde-CTlk_088			Morphology	Nadia_Abesamis | Kevin_Labrador	streaks in the caudal fin lobes	2024	8	20	8/20/2024		Yes	FALSE			
Spratelloides_delicatulus	TLK-2024-08_01	Sde-CTlk_089			Morphology	Nadia_Abesamis | Kevin_Labrador	streaks in the caudal fin lobes	2024	8	20	8/20/2024		Yes	FALSE			
Spratelloides_delicatulus	TLK-2024-08_01	Sde-CTlk_090			Morphology	Nadia_Abesamis | Kevin_Labrador	streaks in the caudal fin lobes	2024	8	20	8/20/2024		Yes	FALSE			
Spratelloides_delicatulus	TLK-2024-08_01	Sde-CTlk_091			Morphology	Nadia_Abesamis | Kevin_Labrador	streaks in the caudal fin lobes	2024	8	20	8/20/2024		Yes	FALSE			
Spratelloides_delicatulus	TLK-2024-08_01	Sde-CTlk_092			Morphology	Nadia_Abesamis | Kevin_Labrador	streaks in the caudal fin lobes	2024	8	20	8/20/2024		Yes	FALSE			
Spratelloides_delicatulus	TLK-2024-08_01	Sde-CTlk_093			Morphology	Nadia_Abesamis | Kevin_Labrador	streaks in the caudal fin lobes	2024	8	20	8/20/2024		Yes	FALSE			
Spratelloides_delicatulus	TLK-2024-08_01	Sde-CTlk_094			Morphology	Nadia_Abesamis | Kevin_Labrador	streaks in the caudal fin lobes	2024	8	20	8/20/2024		Yes	FALSE			
Spratelloides_delicatulus	TLK-2024-08_01	Sde-CTlk_095			Morphology	Nadia_Abesamis | Kevin_Labrador	streaks in the caudal fin lobes	2024	8	20	8/20/2024		Yes	FALSE			
Spratelloides_delicatulus	TLK-2024-08_01	Sde-CTlk_096			Morphology	Nadia_Abesamis | Kevin_Labrador	streaks in the caudal fin lobes	2024	8	20	8/20/2024		Yes	FALSE			
Spratelloides_delicatulus	TLK-2024-08_01	Sde-CTlk_097			Morphology	Nadia_Abesamis | Kevin_Labrador	streaks in the caudal fin lobes	2024	8	20	8/20/2024		Yes	FALSE			
Spratelloides_delicatulus	TLK-2024-08_01	Sde-CTlk_098			Morphology	Nadia_Abesamis | Kevin_Labrador	streaks in the caudal fin lobes	2024	8	20	8/20/2024		Yes	FALSE			
Spratelloides_delicatulus	TLK-2024-08_01	Sde-CTlk_099			Morphology	Nadia_Abesamis | Kevin_Labrador	streaks in the caudal fin lobes	2024	8	20	8/20/2024		Yes	FALSE			
Spratelloides_delicatulus	TLK-2024-08_01	Sde-CTlk_100			Morphology	Nadia_Abesamis | Kevin_Labrador	streaks in the caudal fin lobes	2024	8	20	8/20/2024		Yes	FALSE			
Spratelloides_delicatulus	TLK-2024-08_01	Sde-CTlk_101			Morphology	Nadia_Abesamis | Kevin_Labrador	streaks in the caudal fin lobes	2024	8	20	8/20/2024	specimen was divided into pieces for differential preservation		FALSE			
Spratelloides_delicatulus	TLK-2024-08_01	Sde-CTlk_102			Morphology	Nadia_Abesamis | Kevin_Labrador	streaks in the caudal fin lobes	2024	8	20	8/20/2024	specimen was divided into pieces for differential preservation		FALSE			
Spratelloides_delicatulus	TLK-2024-08_01	Sde-CTlk_103			Morphology	Nadia_Abesamis | Kevin_Labrador	streaks in the caudal fin lobes	2024	8	20	8/20/2024	specimen was divided into pieces for differential preservation		FALSE			
Spratelloides_delicatulus	TLK-2024-08_01	Sde-CTlk_104			Morphology	Nadia_Abesamis | Kevin_Labrador	streaks in the caudal fin lobes	2024	8	20	8/20/2024	specimen was divided into pieces for differential preservation		FALSE			
Spratelloides_delicatulus	TLK-2024-08_01	Sde-CTlk_105			Morphology	Nadia_Abesamis | Kevin_Labrador	streaks in the caudal fin lobes	2024	8	20	8/20/2024	specimen was divided into pieces for differential preservation		FALSE			
Spratelloides_delicatulus	MAT-2024-05_01	Sde-CMat_097			Morphology	Kent_Carpenter	streaks in the caudal fin lobes	2024	9	5	9/5/2024		Yes	FALSE			
Spratelloides_delicatulus	MAT-2024-05_01	Sde-CMat_098			Morphology	Kent_Carpenter	streaks in the caudal fin lobes	2024	9	5	9/5/2024		Yes	FALSE			
Spratelloides_delicatulus	MAT-2024-05_01	Sde-CMat_099			Morphology	Kent_Carpenter	streaks in the caudal fin lobes	2024	9	5	9/5/2024		Yes	FALSE			
Spratelloides_delicatulus	MAT-2024-05_01	Sde-CMat_100			Morphology	Kent_Carpenter	streaks in the caudal fin lobes	2024	9	5	9/5/2024		Yes	FALSE			
Spratelloides_delicatulus	MAT-2024-05_01	Sde-CMat_101			Morphology	Kent_Carpenter	streaks in the caudal fin lobes	2024	9	5	9/5/2024		Yes	FALSE			
Spratelloides_delicatulus	MAT-2024-05_01	Sde-CMat_102			Morphology	Kent_Carpenter	streaks in the caudal fin lobes	2024	9	5	9/5/2024		Yes	FALSE			
Spratelloides_delicatulus	MAT-2024-05_01	Sde-CMat_103			Morphology	Kent_Carpenter	streaks in the caudal fin lobes	2024	9	5	9/5/2024		Yes	FALSE			
Spratelloides_delicatulus	MAT-2024-05_01	Sde-CMat_104			Morphology	Kent_Carpenter	streaks in the caudal fin lobes	2024	9	5	9/5/2024		Yes	FALSE			
Spratelloides_delicatulus	MAT-2024-05_01	Sde-CMat_105			Morphology	Kent_Carpenter	streaks in the caudal fin lobes	2024	9	5	9/5/2024		Yes	FALSE			
Spratelloides_delicatulus	MAT-2024-05_01	Sde-CMat_106			Morphology	Kent_Carpenter	streaks in the caudal fin lobes	2024	9	5	9/5/2024		Yes	FALSE			
Spratelloides_delicatulus	MAT-2024-05_01	Sde-CMat_107			Morphology	Kent_Carpenter	streaks in the caudal fin lobes	2024	9	5	9/5/2024		Yes	FALSE			
Spratelloides_delicatulus	MAT-2024-05_01	Sde-CMat_108			Morphology	Kent_Carpenter	streaks in the caudal fin lobes	2024	9	5	9/5/2024		Yes	FALSE			
Spratelloides_delicatulus	MAT-2024-05_01	Sde-CMat_109			Morphology	Kent_Carpenter	streaks in the caudal fin lobes	2024	9	5	9/5/2024		Yes	FALSE			
Spratelloides_delicatulus	MAT-2024-05_01	Sde-CMat_110			Morphology	Kent_Carpenter	streaks in the caudal fin lobes	2024	9	5	9/5/2024		Yes	FALSE			
Spratelloides_delicatulus	MAT-2024-05_01	Sde-CMat_111			Morphology	Kent_Carpenter	streaks in the caudal fin lobes	2024	9	5	9/5/2024		Yes	FALSE			
Spratelloides_delicatulus	MAT-2024-05_01	Sde-CMat_112			Morphology	Kent_Carpenter	streaks in the caudal fin lobes	2024	9	5	9/5/2024		Yes	FALSE			
Spratelloides_delicatulus	MAT-2024-05_01	Sde-CMat_113			Morphology	Kent_Carpenter	streaks in the caudal fin lobes	2024	9	5	9/5/2024		Yes	FALSE			
Spratelloides_delicatulus	MAT-2024-05_01	Sde-CMat_114			Morphology	Kent_Carpenter	streaks in the caudal fin lobes	2024	9	5	9/5/2024		Yes	FALSE			
Spratelloides_delicatulus	MAT-2024-05_01	Sde-CMat_115			Morphology	Kent_Carpenter	streaks in the caudal fin lobes	2024	9	5	9/5/2024		Yes	FALSE			
Spratelloides_delicatulus	MAT-2024-05_01	Sde-CMat_116			Morphology	Kent_Carpenter	streaks in the caudal fin lobes	2024	9	5	9/5/2024		Yes	FALSE			
Spratelloides_delicatulus	MAT-2024-05_01	Sde-CMat_117			Morphology	Kent_Carpenter	streaks in the caudal fin lobes	2024	9	5	9/5/2024		Yes	FALSE			
Spratelloides_delicatulus	MAT-2024-05_01	Sde-CMat_118			Morphology	Kent_Carpenter	streaks in the caudal fin lobes	2024	9	5	9/5/2024		Yes	FALSE			
Spratelloides_delicatulus	MAT-2024-05_01	Sde-CMat_119			Morphology	Kent_Carpenter	streaks in the caudal fin lobes	2024	9	5	9/5/2024		Yes	FALSE			
Spratelloides_delicatulus	MAT-2024-05_01	Sde-CMat_120			Morphology	Kent_Carpenter	streaks in the caudal fin lobes	2024	9	5	9/5/2024		Yes	FALSE			
Spratelloides_delicatulus	MAT-2024-05_01	Sde-CMat_121			Morphology	Kent_Carpenter	streaks in the caudal fin lobes	2024	9	5	9/5/2024		Yes	FALSE			
Spratelloides_delicatulus	MAT-2024-05_01	Sde-CMat_122			Morphology	Kent_Carpenter	streaks in the caudal fin lobes	2024	9	5	9/5/2024		Yes	FALSE			
Spratelloides_delicatulus	MAT-2024-05_01	Sde-CMat_123			Morphology	Kent_Carpenter	streaks in the caudal fin lobes	2024	9	5	9/5/2024		Yes	FALSE			
Spratelloides_delicatulus	MAT-2024-05_01	Sde-CMat_124			Morphology	Kent_Carpenter	streaks in the caudal fin lobes	2024	9	5	9/5/2024		Yes	FALSE			
Spratelloides_delicatulus	MAT-2024-05_01	Sde-CMat_125			Morphology	Kent_Carpenter	streaks in the caudal fin lobes	2024	9	5	9/5/2024		Yes	FALSE			
Spratelloides_delicatulus	MAT-2024-05_01	Sde-CMat_126			Morphology	Kent_Carpenter	streaks in the caudal fin lobes	2024	9	5	9/5/2024		Yes	FALSE			
Spratelloides_delicatulus	MAT-2024-05_01	Sde-CMat_127			Morphology	Kent_Carpenter	streaks in the caudal fin lobes	2024	9	5	9/5/2024		Yes	FALSE			
Spratelloides_delicatulus	MAT-2024-05_01	Sde-CMat_128			Morphology	Kent_Carpenter	streaks in the caudal fin lobes	2024	9	5	9/5/2024		Yes	FALSE			
Spratelloides_delicatulus	MAT-2024-05_01	Sde-CMat_129			Morphology	Kent_Carpenter	streaks in the caudal fin lobes	2024	9	5	9/5/2024		Yes	FALSE			
Spratelloides_delicatulus	MAT-2024-05_01	Sde-CMat_130			Morphology	Kent_Carpenter	streaks in the caudal fin lobes	2024	9	5	9/5/2024		Yes	FALSE			
Spratelloides_delicatulus	MAT-2024-05_01	Sde-CMat_131			Morphology	Kent_Carpenter	streaks in the caudal fin lobes	2024	9	5	9/5/2024		Yes	FALSE			
Spratelloides_delicatulus	MAT-2024-05_01	Sde-CMat_132			Morphology	Kent_Carpenter	streaks in the caudal fin lobes	2024	9	5	9/5/2024		Yes	FALSE			
Spratelloides_delicatulus	MAT-2024-05_01	Sde-CMat_133			Morphology	Kent_Carpenter	streaks in the caudal fin lobes	2024	9	5	9/5/2024		Yes	FALSE			
Spratelloides_delicatulus	MAT-2024-05_01	Sde-CMat_134			Morphology	Kent_Carpenter	streaks in the caudal fin lobes	2024	9	5	9/5/2024		Yes	FALSE			
Spratelloides_delicatulus	MAT-2024-05_01	Sde-CMat_135			Morphology	Kent_Carpenter	streaks in the caudal fin lobes	2024	9	5	9/5/2024		Yes	FALSE			
Spratelloides_delicatulus	MAT-2024-05_01	Sde-CMat_136			Morphology	Kent_Carpenter	streaks in the caudal fin lobes	2024	9	5	9/5/2024		Yes	FALSE			
Spratelloides_delicatulus	MAT-2024-05_01	Sde-CMat_137			Morphology	Kent_Carpenter	streaks in the caudal fin lobes	2024	9	5	9/5/2024		Yes	FALSE			
Spratelloides_delicatulus	MAT-2024-05_01	Sde-CMat_138			Morphology	Kent_Carpenter	streaks in the caudal fin lobes	2024	9	5	9/5/2024		Yes	FALSE			
Spratelloides_delicatulus	MAT-2024-05_01	Sde-CMat_139			Morphology	Kent_Carpenter	streaks in the caudal fin lobes	2024	9	5	9/5/2024		Yes	FALSE			
Spratelloides_delicatulus	MAT-2024-05_01	Sde-CMat_141			Morphology	Kent_Carpenter	streaks in the caudal fin lobes	2024	9	5	9/5/2024		Yes	FALSE			
Spratelloides_delicatulus	MAT-2024-05_01	Sde-CMat_142			Morphology	Kent_Carpenter	streaks in the caudal fin lobes	2024	9	5	9/5/2024		Yes	FALSE			
Spratelloides_delicatulus	MAT-2024-05_01	Sde-CMat_143			Morphology	Kent_Carpenter	streaks in the caudal fin lobes	2024	9	5	9/5/2024		Yes	FALSE			
Spratelloides_delicatulus	MAT-2024-05_01	Sde-CMat_144			Morphology	Kent_Carpenter	streaks in the caudal fin lobes	2024	9	5	9/5/2024		Yes	FALSE			
Spratelloides_delicatulus	MAT-2024-05_01	Sde-CMat_145			Morphology	Kent_Carpenter	streaks in the caudal fin lobes	2024	9	5	9/5/2024		Yes	FALSE			
Spratelloides_delicatulus	MAT-2024-05_01	Sde-CMat_146			Morphology	Kent_Carpenter	streaks in the caudal fin lobes	2024	9	5	9/5/2024		Yes	FALSE			
Spratelloides_delicatulus	MAT-2024-05_01	Sde-CMat_147			Morphology	Kent_Carpenter	streaks in the caudal fin lobes	2024	9	5	9/5/2024		Yes	FALSE			
Spratelloides_delicatulus	MAT-2024-05_01	Sde-CMat_148			Morphology	Kent_Carpenter	streaks in the caudal fin lobes	2024	9	5	9/5/2024		Yes	FALSE			
Spratelloides_delicatulus	MAT-2024-05_01	Sde-CMat_149			Morphology	Kent_Carpenter	streaks in the caudal fin lobes	2024	9	5	9/5/2024		Yes	FALSE			
Spratelloides_delicatulus	MAT-2024-05_01	Sde-CMat_150			Morphology	Kent_Carpenter	streaks in the caudal fin lobes	2024	9	5	9/5/2024		Yes	FALSE			
Spratelloides_delicatulus	MAT-2024-05_01	Sde-CMat_151			Morphology	Kent_Carpenter	streaks in the caudal fin lobes	2024	9	5	9/5/2024		Yes	FALSE			
Spratelloides_delicatulus	MAT-2024-05_01	Sde-CMat_153			Morphology	Kent_Carpenter	streaks in the caudal fin lobes	2024	9	5	9/5/2024		Yes	FALSE			
Spratelloides_delicatulus	MAT-2024-05_01	Sde-CMat_155			Morphology	Kent_Carpenter	streaks in the caudal fin lobes	2024	9	5	9/5/2024		Yes	FALSE			
Spratelloides_delicatulus	MAT-2024-05_01	Sde-CMat_156			Morphology	Kent_Carpenter	streaks in the caudal fin lobes	2024	9	5	9/5/2024		Yes	FALSE			
Spratelloides_delicatulus	MAT-2024-05_01	Sde-CMat_157			Morphology	Kent_Carpenter	streaks in the caudal fin lobes	2024	9	5	9/5/2024		Yes	FALSE			
Spratelloides_delicatulus	MAT-2024-05_01	Sde-CMat_159			Morphology	Kent_Carpenter	streaks in the caudal fin lobes	2024	9	5	9/5/2024		Yes	FALSE			
Spratelloides_delicatulus	MAT-2024-05_01	Sde-CMat_160			Morphology	Kent_Carpenter	streaks in the caudal fin lobes	2024	9	5	9/5/2024		Yes	FALSE			
Spratelloides_delicatulus	MAT-2024-05_01	Sde-CMat_161			Morphology	Kent_Carpenter	streaks in the caudal fin lobes	2024	9	5	9/5/2024		Yes	FALSE			
Spratelloides_delicatulus	MAT-2024-05_01	Sde-CMat_166			Morphology	Kent_Carpenter	streaks in the caudal fin lobes	2024	9	5	9/5/2024		Yes	FALSE			
Spratelloides_delicatulus	MAT-2024-05_01	Sde-CMat_168			Morphology	Kent_Carpenter	streaks in the caudal fin lobes	2024	9	5	9/5/2024		Yes	FALSE			
Spratelloides_delicatulus	MAT-2024-05_01	Sde-CMat_169			Morphology	Kent_Carpenter	streaks in the caudal fin lobes	2024	9	5	9/5/2024		Yes	FALSE			
Spratelloides_delicatulus	MAT-2024-05_01	Sde-CMat_170			Morphology	Kent_Carpenter	streaks in the caudal fin lobes	2024	9	5	9/5/2024		Yes	FALSE			
Spratelloides_delicatulus	MAT-2024-05_01	Sde-CMat_171			Morphology	Kent_Carpenter	streaks in the caudal fin lobes	2024	9	5	9/5/2024		Yes	FALSE			
Spratelloides_delicatulus	MAT-2024-05_01	Sde-CMat_172			Morphology	Kent_Carpenter	streaks in the caudal fin lobes	2024	9	5	9/5/2024		Yes	FALSE			
Spratelloides_delicatulus	MAT-2024-05_01	Sde-CMat_173			Morphology	Kent_Carpenter	streaks in the caudal fin lobes	2024	9	5	9/5/2024		Yes	FALSE			
Spratelloides_delicatulus	MAT-2024-05_01	Sde-CMat_174			Morphology	Kent_Carpenter	streaks in the caudal fin lobes	2024	9	5	9/5/2024		Yes	FALSE			
Spratelloides_delicatulus	MAT-2024-05_01	Sde-CMat_175			Morphology	Kent_Carpenter	streaks in the caudal fin lobes	2024	9	5	9/5/2024		Yes	FALSE			
Spratelloides_delicatulus	MAT-2024-05_01	Sde-CMat_177			Morphology	Kent_Carpenter	streaks in the caudal fin lobes	2024	9	5	9/5/2024		Yes	FALSE			
Spratelloides_delicatulus	MAT-2024-05_01	Sde-CMat_178			Morphology	Kent_Carpenter	streaks in the caudal fin lobes	2024	9	5	9/5/2024		Yes	FALSE			
Spratelloides_delicatulus	MAT-2024-05_01	Sde-CMat_179			Morphology	Kent_Carpenter	streaks in the caudal fin lobes	2024	9	5	9/5/2024		Yes	FALSE			
Spratelloides_delicatulus	MAT-2024-05_01	Sde-CMat_180			Morphology	Kent_Carpenter	streaks in the caudal fin lobes	2024	9	5	9/5/2024		Yes	FALSE			
Spratelloides_delicatulus	MAT-2024-05_01	Sde-CMat_181			Morphology	Kent_Carpenter	streaks in the caudal fin lobes	2024	9	5	9/5/2024		Yes	FALSE			
Spratelloides_delicatulus	MAT-2024-05_01	Sde-CMat_182			Morphology	Kent_Carpenter	streaks in the caudal fin lobes	2024	9	5	9/5/2024		Yes	FALSE			
Spratelloides_delicatulus	MAT-2024-05_01	Sde-CMat_184			Morphology	Kent_Carpenter	streaks in the caudal fin lobes	2024	9	5	9/5/2024		Yes	FALSE			
Spratelloides_delicatulus	MAT-2024-05_01	Sde-CMat_185			Morphology	Kent_Carpenter	streaks in the caudal fin lobes	2024	9	5	9/5/2024		Yes	FALSE			
Spratelloides_delicatulus	MAT-2024-05_01	Sde-CMat_186			Morphology	Kent_Carpenter	streaks in the caudal fin lobes	2024	9	5	9/5/2024		Yes	FALSE			
Spratelloides_delicatulus	MAT-2024-05_01	Sde-CMat_187			Morphology	Kent_Carpenter	streaks in the caudal fin lobes	2024	9	5	9/5/2024		Yes	FALSE			
Spratelloides_delicatulus	MAT-2024-05_01	Sde-CMat_190			Morphology	Kent_Carpenter	streaks in the caudal fin lobes	2024	9	5	9/5/2024		Yes	FALSE			
Spratelloides_delicatulus	MAT-2024-05_01	Sde-CMat_191			Morphology	Kent_Carpenter	streaks in the caudal fin lobes	2024	9	5	9/5/2024		Yes	FALSE			
Spratelloides_delicatulus	MAT-2024-05_01	Sde-CMat_192			Morphology	Kent_Carpenter	streaks in the caudal fin lobes	2024	9	5	9/5/2024		Yes	FALSE			
Spratelloides_delicatulus	MAT-2024-05_01	Sde-CMat_193			Morphology	Kent_Carpenter	streaks in the caudal fin lobes	2024	9	5	9/5/2024		Yes	FALSE			
Spratelloides_delicatulus	MAT-2024-05_01	Sde-CMat_194			Morphology	Kent_Carpenter	streaks in the caudal fin lobes	2024	9	5	9/5/2024		Yes	FALSE			
Spratelloides_delicatulus	MAT-2024-05_01	Sde-CMat_195			Morphology	Kent_Carpenter	streaks in the caudal fin lobes	2024	9	5	9/5/2024		Yes	FALSE			
Spratelloides_delicatulus	MAT-2024-05_01	Sde-CMat_196			Morphology	Kent_Carpenter	streaks in the caudal fin lobes	2024	9	5	9/5/2024		Yes	FALSE			
Spratelloides_delicatulus	MAT-2024-05_01	Sde-CMat_197			Morphology	Kent_Carpenter	streaks in the caudal fin lobes	2024	9	5	9/5/2024		Yes	FALSE			
Spratelloides_delicatulus	MAT-2024-05_01	Sde-CMat_198			Morphology	Kent_Carpenter	streaks in the caudal fin lobes	2024	9	5	9/5/2024		Yes	FALSE			
Spratelloides_delicatulus	MAT-2024-05_01	Sde-CMat_199			Morphology	Kent_Carpenter	streaks in the caudal fin lobes	2024	9	5	9/5/2024		Yes	FALSE			
Spratelloides_delicatulus	MAT-2024-05_01	Sde-CMat_200			Morphology	Kent_Carpenter	streaks in the caudal fin lobes	2024	9	5	9/5/2024		Yes	FALSE			
Spratelloides_delicatulus	MAT-2024-05_01	Sde-CMat_201			Morphology	Kent_Carpenter	streaks in the caudal fin lobes	2024	9	5	9/5/2024		Yes	FALSE			
Spratelloides_delicatulus	MAT-2024-05_01	Sde-CMat_140			Morphology	Kent_Carpenter	streaks in the caudal fin lobes	2024	9	5	9/5/2024	DNA not extracted		FALSE			
Spratelloides_delicatulus	MAT-2024-05_01	Sde-CMat_152			Morphology	Kent_Carpenter	streaks in the caudal fin lobes	2024	9	5	9/5/2024	DNA not extracted		FALSE			
Spratelloides_delicatulus	MAT-2024-05_01	Sde-CMat_154			Morphology	Kent_Carpenter	streaks in the caudal fin lobes	2024	9	5	9/5/2024	DNA not extracted		FALSE			
Spratelloides_delicatulus	MAT-2024-05_01	Sde-CMat_158			Morphology	Kent_Carpenter	streaks in the caudal fin lobes	2024	9	5	9/5/2024	DNA not extracted		FALSE			
Spratelloides_delicatulus	MAT-2024-05_01	Sde-CMat_162			Morphology	Kent_Carpenter	streaks in the caudal fin lobes	2024	9	5	9/5/2024	DNA not extracted		FALSE			
Spratelloides_delicatulus	MAT-2024-05_01	Sde-CMat_163			Morphology	Kent_Carpenter	streaks in the caudal fin lobes	2024	9	5	9/5/2024	DNA not extracted		FALSE			
Spratelloides_delicatulus	MAT-2024-05_01	Sde-CMat_164			Morphology	Kent_Carpenter	streaks in the caudal fin lobes	2024	9	5	9/5/2024	DNA not extracted		FALSE			
Spratelloides_delicatulus	MAT-2024-05_01	Sde-CMat_165			Morphology	Kent_Carpenter	streaks in the caudal fin lobes	2024	9	5	9/5/2024	DNA not extracted		FALSE			
Spratelloides_delicatulus	MAT-2024-05_01	Sde-CMat_167			Morphology	Kent_Carpenter	streaks in the caudal fin lobes	2024	9	5	9/5/2024	DNA not extracted		FALSE			
Spratelloides_delicatulus	MAT-2024-05_01	Sde-CMat_176			Morphology	Kent_Carpenter	streaks in the caudal fin lobes	2024	9	5	9/5/2024	DNA not extracted		FALSE			
Spratelloides_delicatulus	MAT-2024-05_01	Sde-CMat_183			Morphology	Kent_Carpenter	streaks in the caudal fin lobes	2024	9	5	9/5/2024	DNA not extracted		FALSE			
Spratelloides_delicatulus	MAT-2024-05_01	Sde-CMat_188			Morphology	Kent_Carpenter	streaks in the caudal fin lobes	2024	9	5	9/5/2024	DNA not extracted		FALSE			
Spratelloides_delicatulus	MAT-2024-05_01	Sde-CMat_189			Morphology	Kent_Carpenter	streaks in the caudal fin lobes	2024	9	5	9/5/2024	DNA not extracted		FALSE			
Spratelloides_delicatulus	MAT-2024-05_01	Sde-CMat_202			Morphology	Kent_Carpenter	streaks in the caudal fin lobes	2024	9	5	9/5/2024	specimen was divided into pieces for differential preservation		FALSE			
Spratelloides_delicatulus	MAT-2024-05_01	Sde-CMat_203			Morphology	Kent_Carpenter	streaks in the caudal fin lobes	2024	9	5	9/5/2024	specimen was divided into pieces for differential preservation		FALSE			
Spratelloides_delicatulus	MAT-2024-05_01	Sde-CMat_204			Morphology	Kent_Carpenter	streaks in the caudal fin lobes	2024	9	5	9/5/2024	specimen was divided into pieces for differential preservation		FALSE			
Spratelloides_delicatulus	MAT-2024-05_01	Sde-CMat_205			Morphology	Kent_Carpenter	streaks in the caudal fin lobes	2024	9	5	9/5/2024	specimen was divided into pieces for differential preservation		FALSE			
Spratelloides_delicatulus	MAT-2024-05_01	Sde-CMat_206			Morphology	Kent_Carpenter	streaks in the caudal fin lobes	2024	9	5	9/5/2024	specimen was divided into pieces for differential preservation		FALSE			
Spratelloides_delicatulus	BAU-2025-01_01	Sde-CBau_001			Morphology		streaks in the caudal fin lobes	2025	1	29	1/29/2025			FALSE			
Spratelloides_delicatulus	BAU-2025-01_01	Sde-CBau_002			Morphology		streaks in the caudal fin lobes	2025	1	29	1/29/2025			FALSE			
Spratelloides_delicatulus	BAU-2025-01_01	Sde-CBau_003			Morphology		streaks in the caudal fin lobes	2025	1	29	1/29/2025			FALSE			
Spratelloides_delicatulus	BAU-2025-01_01	Sde-CBau_004			Morphology		streaks in the caudal fin lobes	2025	1	29	1/29/2025			FALSE			
Spratelloides_delicatulus	BAU-2025-01_01	Sde-CBau_005			Morphology		streaks in the caudal fin lobes	2025	1	29	1/29/2025			FALSE			
Spratelloides_delicatulus	BAU-2025-01_01	Sde-CBau_006			Morphology		streaks in the caudal fin lobes	2025	1	29	1/29/2025			FALSE			
Spratelloides_delicatulus	BAU-2025-01_01	Sde-CBau_007			Morphology		streaks in the caudal fin lobes	2025	1	29	1/29/2025			FALSE			
Spratelloides_delicatulus	BAU-2025-01_01	Sde-CBau_008			Morphology		streaks in the caudal fin lobes	2025	1	29	1/29/2025			FALSE			
Spratelloides_delicatulus	BAU-2025-01_01	Sde-CBau_009			Morphology		streaks in the caudal fin lobes	2025	1	29	1/29/2025			FALSE			
Spratelloides_delicatulus	BAU-2025-01_01	Sde-CBau_010			Morphology		streaks in the caudal fin lobes	2025	1	29	1/29/2025			FALSE			
Spratelloides_delicatulus	BAU-2025-01_01	Sde-CBau_011			Morphology		streaks in the caudal fin lobes	2025	1	29	1/29/2025			FALSE			
Spratelloides_delicatulus	BAU-2025-01_01	Sde-CBau_012			Morphology		streaks in the caudal fin lobes	2025	1	29	1/29/2025			FALSE			
Spratelloides_delicatulus	BAU-2025-01_01	Sde-CBau_013			Morphology		streaks in the caudal fin lobes	2025	1	29	1/29/2025			FALSE			
Spratelloides_delicatulus	BAU-2025-01_01	Sde-CBau_014			Morphology		streaks in the caudal fin lobes	2025	1	29	1/29/2025			FALSE			
Spratelloides_delicatulus	BAU-2025-01_01	Sde-CBau_015			Morphology		streaks in the caudal fin lobes	2025	1	29	1/29/2025			FALSE			
Spratelloides_delicatulus	BAU-2025-01_01	Sde-CBau_016			Morphology		streaks in the caudal fin lobes	2025	1	29	1/29/2025			FALSE			
Spratelloides_delicatulus	BAU-2025-01_01	Sde-CBau_017			Morphology		streaks in the caudal fin lobes	2025	1	29	1/29/2025			FALSE			
Spratelloides_delicatulus	BAU-2025-01_01	Sde-CBau_018			Morphology		streaks in the caudal fin lobes	2025	1	29	1/29/2025			FALSE			
Spratelloides_delicatulus	BAU-2025-01_01	Sde-CBau_019			Morphology		streaks in the caudal fin lobes	2025	1	29	1/29/2025			FALSE			
Spratelloides_delicatulus	BAU-2025-01_01	Sde-CBau_020			Morphology		streaks in the caudal fin lobes	2025	1	29	1/29/2025			FALSE			
Spratelloides_delicatulus	BAU-2025-01_01	Sde-CBau_021			Morphology		streaks in the caudal fin lobes	2025	1	29	1/29/2025			FALSE			
Spratelloides_delicatulus	BAU-2025-01_01	Sde-CBau_022			Morphology		streaks in the caudal fin lobes	2025	1	29	1/29/2025			FALSE			
Spratelloides_delicatulus	BAU-2025-01_01	Sde-CBau_023			Morphology		streaks in the caudal fin lobes	2025	1	29	1/29/2025			FALSE			
Spratelloides_delicatulus	BAU-2025-01_01	Sde-CBau_024			Morphology		streaks in the caudal fin lobes	2025	1	29	1/29/2025			FALSE			
Spratelloides_delicatulus	BAU-2025-01_01	Sde-CBau_025			Morphology		streaks in the caudal fin lobes	2025	1	29	1/29/2025			FALSE			
Spratelloides_delicatulus	BAU-2025-01_01	Sde-CBau_026			Morphology		streaks in the caudal fin lobes	2025	1	29	1/29/2025			FALSE			
Spratelloides_delicatulus	BAU-2025-01_01	Sde-CBau_027			Morphology		streaks in the caudal fin lobes	2025	1	29	1/29/2025			FALSE			
Spratelloides_delicatulus	BAU-2025-01_01	Sde-CBau_028			Morphology		streaks in the caudal fin lobes	2025	1	29	1/29/2025			FALSE			
Spratelloides_delicatulus	BAU-2025-01_01	Sde-CBau_029			Morphology		streaks in the caudal fin lobes	2025	1	29	1/29/2025			FALSE			
Spratelloides_delicatulus	BAU-2025-01_01	Sde-CBau_030			Morphology		streaks in the caudal fin lobes	2025	1	29	1/29/2025			FALSE			
Spratelloides_delicatulus	BAU-2025-01_01	Sde-CBau_031			Morphology		streaks in the caudal fin lobes	2025	1	29	1/29/2025			FALSE			
Spratelloides_delicatulus	BAU-2025-01_01	Sde-CBau_032			Morphology		streaks in the caudal fin lobes	2025	1	29	1/29/2025			FALSE			
Spratelloides_delicatulus	BAU-2025-01_01	Sde-CBau_033			Morphology		streaks in the caudal fin lobes	2025	1	29	1/29/2025			FALSE			
Spratelloides_delicatulus	BAU-2025-01_01	Sde-CBau_034			Morphology		streaks in the caudal fin lobes	2025	1	29	1/29/2025			FALSE			
Spratelloides_delicatulus	BAU-2025-01_01	Sde-CBau_035			Morphology		streaks in the caudal fin lobes	2025	1	29	1/29/2025			FALSE			
Spratelloides_delicatulus	BAU-2025-01_01	Sde-CBau_036			Morphology		streaks in the caudal fin lobes	2025	1	29	1/29/2025			FALSE			
Spratelloides_delicatulus	BAU-2025-01_01	Sde-CBau_037			Morphology		streaks in the caudal fin lobes	2025	1	29	1/29/2025			FALSE			
Spratelloides_delicatulus	BAU-2025-01_01	Sde-CBau_038			Morphology		streaks in the caudal fin lobes	2025	1	29	1/29/2025			FALSE			
Spratelloides_delicatulus	BAU-2025-01_01	Sde-CBau_039			Morphology		streaks in the caudal fin lobes	2025	1	29	1/29/2025			FALSE			
Spratelloides_delicatulus	BAU-2025-01_01	Sde-CBau_040			Morphology		streaks in the caudal fin lobes	2025	1	29	1/29/2025			FALSE			
Spratelloides_delicatulus	BAU-2025-01_01	Sde-CBau_041			Morphology		streaks in the caudal fin lobes	2025	1	29	1/29/2025			FALSE			
Spratelloides_delicatulus	BAU-2025-01_01	Sde-CBau_042			Morphology		streaks in the caudal fin lobes	2025	1	29	1/29/2025			FALSE			
Spratelloides_delicatulus	BAU-2025-01_01	Sde-CBau_043			Morphology		streaks in the caudal fin lobes	2025	1	29	1/29/2025			FALSE			
Spratelloides_delicatulus	BAU-2025-01_01	Sde-CBau_044			Morphology		streaks in the caudal fin lobes	2025	1	29	1/29/2025			FALSE			
Spratelloides_delicatulus	BAU-2025-01_01	Sde-CBau_045			Morphology		streaks in the caudal fin lobes	2025	1	29	1/29/2025			FALSE			
Spratelloides_delicatulus	BAU-2025-01_01	Sde-CBau_046			Morphology		streaks in the caudal fin lobes	2025	1	29	1/29/2025			FALSE			
Spratelloides_delicatulus	BAU-2025-01_01	Sde-CBau_047			Morphology		streaks in the caudal fin lobes	2025	1	29	1/29/2025			FALSE			
Spratelloides_delicatulus	BAU-2025-01_01	Sde-CBau_048			Morphology		streaks in the caudal fin lobes	2025	1	29	1/29/2025			FALSE			
Spratelloides_delicatulus	BAU-2025-01_01	Sde-CBau_049			Morphology		streaks in the caudal fin lobes	2025	1	29	1/29/2025			FALSE			
Spratelloides_delicatulus	BAU-2025-01_01	Sde-CBau_050			Morphology		streaks in the caudal fin lobes	2025	1	29	1/29/2025			FALSE			
Spratelloides_delicatulus	BAU-2025-01_01	Sde-CBau_051			Morphology		streaks in the caudal fin lobes	2025	1	29	1/29/2025			FALSE			
Spratelloides_delicatulus	BAU-2025-01_01	Sde-CBau_052			Morphology		streaks in the caudal fin lobes	2025	1	29	1/29/2025			FALSE			
Spratelloides_delicatulus	BAU-2025-01_01	Sde-CBau_053			Morphology		streaks in the caudal fin lobes	2025	1	29	1/29/2025			FALSE			
Spratelloides_delicatulus	BAU-2025-01_01	Sde-CBau_054			Morphology		streaks in the caudal fin lobes	2025	1	29	1/29/2025			FALSE			
Spratelloides_delicatulus	BAU-2025-01_01	Sde-CBau_055			Morphology		streaks in the caudal fin lobes	2025	1	29	1/29/2025			FALSE			
Spratelloides_delicatulus	BAU-2025-01_01	Sde-CBau_056			Morphology		streaks in the caudal fin lobes	2025	1	29	1/29/2025			FALSE			
Spratelloides_delicatulus	BAU-2025-01_01	Sde-CBau_057			Morphology		streaks in the caudal fin lobes	2025	1	29	1/29/2025			FALSE			
Spratelloides_delicatulus	BAU-2025-01_01	Sde-CBau_058			Morphology		streaks in the caudal fin lobes	2025	1	29	1/29/2025			FALSE			
Spratelloides_delicatulus	BAU-2025-01_01	Sde-CBau_059			Morphology		streaks in the caudal fin lobes	2025	1	29	1/29/2025			FALSE			
Spratelloides_delicatulus	BAU-2025-01_01	Sde-CBau_060			Morphology		streaks in the caudal fin lobes	2025	1	29	1/29/2025			FALSE			
Spratelloides_delicatulus	BAU-2025-01_01	Sde-CBau_061			Morphology		streaks in the caudal fin lobes	2025	1	29	1/29/2025			FALSE			
Spratelloides_delicatulus	BAU-2025-01_01	Sde-CBau_062			Morphology		streaks in the caudal fin lobes	2025	1	29	1/29/2025			FALSE			
Spratelloides_delicatulus	BAU-2025-01_01	Sde-CBau_063			Morphology		streaks in the caudal fin lobes	2025	1	29	1/29/2025			FALSE			
Spratelloides_delicatulus	BAU-2025-01_01	Sde-CBau_064			Morphology		streaks in the caudal fin lobes	2025	1	29	1/29/2025			FALSE			
Spratelloides_delicatulus	BAU-2025-01_01	Sde-CBau_065			Morphology		streaks in the caudal fin lobes	2025	1	29	1/29/2025			FALSE			
Spratelloides_delicatulus	BAU-2025-01_01	Sde-CBau_066			Morphology		streaks in the caudal fin lobes	2025	1	29	1/29/2025			FALSE			
Spratelloides_delicatulus	BAU-2025-01_01	Sde-CBau_067			Morphology		streaks in the caudal fin lobes	2025	1	29	1/29/2025			FALSE			
Spratelloides_delicatulus	BAU-2025-01_01	Sde-CBau_068			Morphology		streaks in the caudal fin lobes	2025	1	29	1/29/2025			FALSE			
Spratelloides_delicatulus	BAU-2025-01_01	Sde-CBau_069			Morphology		streaks in the caudal fin lobes	2025	1	29	1/29/2025			FALSE			
Spratelloides_delicatulus	BAU-2025-01_01	Sde-CBau_070			Morphology		streaks in the caudal fin lobes	2025	1	29	1/29/2025			FALSE			
Spratelloides_delicatulus	BAU-2025-01_01	Sde-CBau_071			Morphology		streaks in the caudal fin lobes	2025	1	29	1/29/2025			FALSE			
Spratelloides_delicatulus	BAU-2025-01_01	Sde-CBau_072			Morphology		streaks in the caudal fin lobes	2025	1	29	1/29/2025			FALSE			
Spratelloides_delicatulus	BAU-2025-01_01	Sde-CBau_073			Morphology		streaks in the caudal fin lobes	2025	1	29	1/29/2025			FALSE			
Spratelloides_delicatulus	BAU-2025-01_01	Sde-CBau_074			Morphology		streaks in the caudal fin lobes	2025	1	29	1/29/2025			FALSE			
Spratelloides_delicatulus	BAU-2025-01_01	Sde-CBau_075			Morphology		streaks in the caudal fin lobes	2025	1	29	1/29/2025			FALSE			
Spratelloides_delicatulus	BAU-2025-01_01	Sde-CBau_076			Morphology		streaks in the caudal fin lobes	2025	1	29	1/29/2025			FALSE			
Spratelloides_delicatulus	BAU-2025-01_01	Sde-CBau_077			Morphology		streaks in the caudal fin lobes	2025	1	29	1/29/2025			FALSE			
Spratelloides_delicatulus	BAU-2025-01_01	Sde-CBau_078			Morphology		streaks in the caudal fin lobes	2025	1	29	1/29/2025			FALSE			
Spratelloides_delicatulus	BAU-2025-01_01	Sde-CBau_079			Morphology		streaks in the caudal fin lobes	2025	1	29	1/29/2025			FALSE			
Spratelloides_delicatulus	BAU-2025-01_01	Sde-CBau_080			Morphology		streaks in the caudal fin lobes	2025	1	29	1/29/2025			FALSE			
Spratelloides_delicatulus	BAU-2025-01_01	Sde-CBau_081			Morphology		streaks in the caudal fin lobes	2025	1	29	1/29/2025			FALSE			
Spratelloides_delicatulus	BAU-2025-01_01	Sde-CBau_082			Morphology		streaks in the caudal fin lobes	2025	1	29	1/29/2025			FALSE			
Spratelloides_delicatulus	BAU-2025-01_01	Sde-CBau_083			Morphology		streaks in the caudal fin lobes	2025	1	29	1/29/2025			FALSE			
Spratelloides_delicatulus	BAU-2025-01_01	Sde-CBau_084			Morphology		streaks in the caudal fin lobes	2025	1	29	1/29/2025			FALSE			
Spratelloides_delicatulus	BAU-2025-01_01	Sde-CBau_085			Morphology		streaks in the caudal fin lobes	2025	1	29	1/29/2025			FALSE			
Spratelloides_delicatulus	BAU-2025-01_01	Sde-CBau_086			Morphology		streaks in the caudal fin lobes	2025	1	29	1/29/2025			FALSE			
Spratelloides_delicatulus	BAU-2025-01_01	Sde-CBau_087			Morphology		streaks in the caudal fin lobes	2025	1	29	1/29/2025			FALSE			
Spratelloides_delicatulus	BAU-2025-01_01	Sde-CBau_088			Morphology		streaks in the caudal fin lobes	2025	1	29	1/29/2025			FALSE			
Spratelloides_delicatulus	BAU-2025-01_01	Sde-CBau_089			Morphology		streaks in the caudal fin lobes	2025	1	29	1/29/2025			FALSE			
Spratelloides_delicatulus	BAU-2025-01_01	Sde-CBau_090			Morphology		streaks in the caudal fin lobes	2025	1	29	1/29/2025			FALSE			
Spratelloides_delicatulus	BAU-2025-01_01	Sde-CBau_091			Morphology		streaks in the caudal fin lobes	2025	1	29	1/29/2025			FALSE			
Spratelloides_delicatulus	BAU-2025-01_01	Sde-CBau_092			Morphology		streaks in the caudal fin lobes	2025	1	29	1/29/2025			FALSE			
Spratelloides_delicatulus	BAU-2025-01_01	Sde-CBau_093			Morphology		streaks in the caudal fin lobes	2025	1	29	1/29/2025			FALSE			
Spratelloides_delicatulus	BAU-2025-01_01	Sde-CBau_094			Morphology		streaks in the caudal fin lobes	2025	1	29	1/29/2025			FALSE			
Spratelloides_delicatulus	BAU-2025-01_01	Sde-CBau_095			Morphology		streaks in the caudal fin lobes	2025	1	29	1/29/2025			FALSE			
Spratelloides_delicatulus	BAU-2025-01_01	Sde-CBau_096			Morphology		streaks in the caudal fin lobes	2025	1	29	1/29/2025			FALSE			
Spratelloides_delicatulus	BAU-2025-01_01	Sde-CBau_097			Morphology		streaks in the caudal fin lobes	2025	1	29	1/29/2025			FALSE			
Spratelloides_delicatulus	BAU-2025-01_01	Sde-CBau_098			Morphology		streaks in the caudal fin lobes	2025	1	29	1/29/2025			FALSE			
Spratelloides_delicatulus	BAU-2025-01_01	Sde-CBau_099			Morphology		streaks in the caudal fin lobes	2025	1	29	1/29/2025			FALSE			
Spratelloides_delicatulus	BAU-2025-01_01	Sde-CBau_100			Morphology		streaks in the caudal fin lobes	2025	1	29	1/29/2025			FALSE			
Spratelloides_delicatulus	BAU-2025-01_01	Sde-CBau_101			Morphology		streaks in the caudal fin lobes	2025	1	29	1/29/2025			FALSE			
Spratelloides_delicatulus	BAU-2025-01_01	Sde-CBau_102			Morphology		streaks in the caudal fin lobes	2025	1	29	1/29/2025			FALSE			
Spratelloides_delicatulus	BAU-2025-01_01	Sde-CBau_103			Morphology		streaks in the caudal fin lobes	2025	1	29	1/29/2025	specimen was divided into pieces for differential preservation		FALSE			
Spratelloides_delicatulus	BAU-2025-01_01	Sde-CBau_104			Morphology		streaks in the caudal fin lobes	2025	1	29	1/29/2025	specimen was divided into pieces for differential preservation		FALSE			
Spratelloides_delicatulus	BAU-2025-01_01	Sde-CBau_105			Morphology		streaks in the caudal fin lobes	2025	1	29	1/29/2025	specimen was divided into pieces for differential preservation		FALSE			
Spratelloides_delicatulus	BAU-2025-01_01	Sde-CBau_106			Morphology		streaks in the caudal fin lobes	2025	1	29	1/29/2025	specimen was divided into pieces for differential preservation		FALSE			
Spratelloides_delicatulus	BAU-2025-01_01	Sde-CBau_107			Morphology		streaks in the caudal fin lobes	2025	1	29	1/29/2025	specimen was divided into pieces for differential preservation		FALSE			
Spratelloides_delicatulus	PLA-2025-04_01	Sde-CPla_001			Morphology		streaks in the caudal fin lobes	2025	4	30	4/30/2025			FALSE			
Spratelloides_delicatulus	PLA-2025-04_01	Sde-CPla_002			Morphology		streaks in the caudal fin lobes	2025	4	30	4/30/2025			FALSE			
Spratelloides_delicatulus	PLA-2025-04_01	Sde-CPla_003			Morphology		streaks in the caudal fin lobes	2025	4	30	4/30/2025			FALSE			
Spratelloides_delicatulus	PLA-2025-04_01	Sde-CPla_004			Morphology		streaks in the caudal fin lobes	2025	4	30	4/30/2025			FALSE			
Spratelloides_delicatulus	PLA-2025-04_01	Sde-CPla_005			Morphology		streaks in the caudal fin lobes	2025	4	30	4/30/2025			FALSE			
Spratelloides_delicatulus	PLA-2025-04_01	Sde-CPla_006			Morphology		streaks in the caudal fin lobes	2025	4	30	4/30/2025			FALSE			
Spratelloides_delicatulus	PLA-2025-04_01	Sde-CPla_007			Morphology		streaks in the caudal fin lobes	2025	4	30	4/30/2025			FALSE			
Spratelloides_delicatulus	PLA-2025-04_01	Sde-CPla_008			Morphology		streaks in the caudal fin lobes	2025	4	30	4/30/2025			FALSE			
Spratelloides_delicatulus	PLA-2025-04_01	Sde-CPla_009			Morphology		streaks in the caudal fin lobes	2025	4	30	4/30/2025			FALSE			
Spratelloides_delicatulus	PLA-2025-04_01	Sde-CPla_010			Morphology		streaks in the caudal fin lobes	2025	4	30	4/30/2025			FALSE			
Spratelloides_delicatulus	PLA-2025-04_01	Sde-CPla_011			Morphology		streaks in the caudal fin lobes	2025	4	30	4/30/2025			FALSE			
Spratelloides_delicatulus	PLA-2025-04_01	Sde-CPla_012			Morphology		streaks in the caudal fin lobes	2025	4	30	4/30/2025			FALSE			
Spratelloides_delicatulus	PLA-2025-04_01	Sde-CPla_013			Morphology		streaks in the caudal fin lobes	2025	4	30	4/30/2025			FALSE			
Spratelloides_delicatulus	PLA-2025-04_01	Sde-CPla_014			Morphology		streaks in the caudal fin lobes	2025	4	30	4/30/2025			FALSE			
Spratelloides_delicatulus	PLA-2025-04_01	Sde-CPla_015			Morphology		streaks in the caudal fin lobes	2025	4	30	4/30/2025			FALSE			
Spratelloides_delicatulus	PLA-2025-04_01	Sde-CPla_016			Morphology		streaks in the caudal fin lobes	2025	4	30	4/30/2025			FALSE			
Spratelloides_delicatulus	PLA-2025-04_01	Sde-CPla_017			Morphology		streaks in the caudal fin lobes	2025	4	30	4/30/2025			FALSE			
Spratelloides_delicatulus	PLA-2025-04_01	Sde-CPla_018			Morphology		streaks in the caudal fin lobes	2025	4	30	4/30/2025			FALSE			
Spratelloides_delicatulus	PLA-2025-04_01	Sde-CPla_019			Morphology		streaks in the caudal fin lobes	2025	4	30	4/30/2025			FALSE			
Spratelloides_delicatulus	PLA-2025-04_01	Sde-CPla_020			Morphology		streaks in the caudal fin lobes	2025	4	30	4/30/2025			FALSE			
Spratelloides_delicatulus	PLA-2025-04_01	Sde-CPla_021			Morphology		streaks in the caudal fin lobes	2025	4	30	4/30/2025			FALSE			
Spratelloides_delicatulus	PLA-2025-04_01	Sde-CPla_022			Morphology		streaks in the caudal fin lobes	2025	4	30	4/30/2025			FALSE			
Spratelloides_delicatulus	PLA-2025-04_01	Sde-CPla_023			Morphology		streaks in the caudal fin lobes	2025	4	30	4/30/2025			FALSE			
Spratelloides_delicatulus	PLA-2025-04_01	Sde-CPla_024			Morphology		streaks in the caudal fin lobes	2025	4	30	4/30/2025			FALSE			
Spratelloides_delicatulus	PLA-2025-04_01	Sde-CPla_025			Morphology		streaks in the caudal fin lobes	2025	4	30	4/30/2025			FALSE			
Spratelloides_delicatulus	PLA-2025-04_01	Sde-CPla_026			Morphology		streaks in the caudal fin lobes	2025	4	30	4/30/2025			FALSE			
Spratelloides_delicatulus	PLA-2025-04_01	Sde-CPla_027			Morphology		streaks in the caudal fin lobes	2025	4	30	4/30/2025			FALSE			
Spratelloides_delicatulus	PLA-2025-04_01	Sde-CPla_028			Morphology		streaks in the caudal fin lobes	2025	4	30	4/30/2025			FALSE			
Spratelloides_delicatulus	PLA-2025-04_01	Sde-CPla_029			Morphology		streaks in the caudal fin lobes	2025	4	30	4/30/2025			FALSE			
Spratelloides_delicatulus	PLA-2025-04_01	Sde-CPla_030			Morphology		streaks in the caudal fin lobes	2025	4	30	4/30/2025			FALSE			
Spratelloides_delicatulus	PLA-2025-04_01	Sde-CPla_031			Morphology		streaks in the caudal fin lobes	2025	4	30	4/30/2025			FALSE			
Spratelloides_delicatulus	PLA-2025-04_01	Sde-CPla_032			Morphology		streaks in the caudal fin lobes	2025	4	30	4/30/2025			FALSE			
Spratelloides_delicatulus	PLA-2025-04_01	Sde-CPla_033			Morphology		streaks in the caudal fin lobes	2025	4	30	4/30/2025			FALSE			
Spratelloides_delicatulus	PLA-2025-04_01	Sde-CPla_034			Morphology		streaks in the caudal fin lobes	2025	4	30	4/30/2025			FALSE			
Spratelloides_delicatulus	PLA-2025-04_01	Sde-CPla_035			Morphology		streaks in the caudal fin lobes	2025	4	30	4/30/2025			FALSE			
Spratelloides_delicatulus	PLA-2025-04_01	Sde-CPla_036			Morphology		streaks in the caudal fin lobes	2025	4	30	4/30/2025			FALSE			
Spratelloides_delicatulus	PLA-2025-04_01	Sde-CPla_037			Morphology		streaks in the caudal fin lobes	2025	4	30	4/30/2025			FALSE			
Spratelloides_delicatulus	PLA-2025-04_01	Sde-CPla_038			Morphology		streaks in the caudal fin lobes	2025	4	30	4/30/2025			FALSE			
Spratelloides_delicatulus	PLA-2025-04_01	Sde-CPla_039			Morphology		streaks in the caudal fin lobes	2025	4	30	4/30/2025			FALSE			
Spratelloides_delicatulus	PLA-2025-04_01	Sde-CPla_040			Morphology		streaks in the caudal fin lobes	2025	4	30	4/30/2025			FALSE			
Spratelloides_delicatulus	PLA-2025-04_01	Sde-CPla_041			Morphology		streaks in the caudal fin lobes	2025	4	30	4/30/2025			FALSE			
Spratelloides_delicatulus	PLA-2025-04_01	Sde-CPla_042			Morphology		streaks in the caudal fin lobes	2025	4	30	4/30/2025			FALSE			
Spratelloides_delicatulus	PLA-2025-04_01	Sde-CPla_043			Morphology		streaks in the caudal fin lobes	2025	4	30	4/30/2025			FALSE			
Spratelloides_delicatulus	PLA-2025-04_01	Sde-CPla_044			Morphology		streaks in the caudal fin lobes	2025	4	30	4/30/2025			FALSE			
Spratelloides_delicatulus	PLA-2025-04_01	Sde-CPla_045			Morphology		streaks in the caudal fin lobes	2025	4	30	4/30/2025			FALSE			
Spratelloides_delicatulus	PLA-2025-04_01	Sde-CPla_046			Morphology		streaks in the caudal fin lobes	2025	4	30	4/30/2025			FALSE			
Spratelloides_delicatulus	PLA-2025-04_01	Sde-CPla_047			Morphology		streaks in the caudal fin lobes	2025	4	30	4/30/2025			FALSE			
Spratelloides_delicatulus	PLA-2025-04_01	Sde-CPla_048			Morphology		streaks in the caudal fin lobes	2025	4	30	4/30/2025			FALSE			
Spratelloides_delicatulus	PLA-2025-04_01	Sde-CPla_049			Morphology		streaks in the caudal fin lobes	2025	4	30	4/30/2025			FALSE			
Spratelloides_delicatulus	PLA-2025-04_01	Sde-CPla_050			Morphology		streaks in the caudal fin lobes	2025	4	30	4/30/2025			FALSE			
Spratelloides_delicatulus	PLA-2025-04_01	Sde-CPla_051			Morphology		streaks in the caudal fin lobes	2025	4	30	4/30/2025			FALSE			
Spratelloides_delicatulus	PLA-2025-04_01	Sde-CPla_052			Morphology		streaks in the caudal fin lobes	2025	4	30	4/30/2025			FALSE			
Spratelloides_delicatulus	PLA-2025-04_01	Sde-CPla_053			Morphology		streaks in the caudal fin lobes	2025	4	30	4/30/2025			FALSE			
Spratelloides_delicatulus	PLA-2025-04_01	Sde-CPla_054			Morphology		streaks in the caudal fin lobes	2025	4	30	4/30/2025			FALSE			
Spratelloides_delicatulus	PLA-2025-04_01	Sde-CPla_055			Morphology		streaks in the caudal fin lobes	2025	4	30	4/30/2025			FALSE			
Spratelloides_delicatulus	PLA-2025-04_01	Sde-CPla_056			Morphology		streaks in the caudal fin lobes	2025	4	30	4/30/2025			FALSE			
Spratelloides_delicatulus	PLA-2025-04_01	Sde-CPla_057			Morphology		streaks in the caudal fin lobes	2025	4	30	4/30/2025			FALSE			
Spratelloides_delicatulus	PLA-2025-04_01	Sde-CPla_058			Morphology		streaks in the caudal fin lobes	2025	4	30	4/30/2025			FALSE			
Spratelloides_delicatulus	PLA-2025-04_01	Sde-CPla_059			Morphology		streaks in the caudal fin lobes	2025	4	30	4/30/2025			FALSE			
Spratelloides_delicatulus	PLA-2025-04_01	Sde-CPla_060			Morphology		streaks in the caudal fin lobes	2025	4	30	4/30/2025			FALSE			
Spratelloides_delicatulus	PLA-2025-04_01	Sde-CPla_061			Morphology		streaks in the caudal fin lobes	2025	4	30	4/30/2025			FALSE			
Spratelloides_delicatulus	PLA-2025-04_01	Sde-CPla_062			Morphology		streaks in the caudal fin lobes	2025	4	30	4/30/2025			FALSE			
Spratelloides_delicatulus	PLA-2025-04_01	Sde-CPla_063			Morphology		streaks in the caudal fin lobes	2025	4	30	4/30/2025			FALSE			
Spratelloides_delicatulus	PLA-2025-04_01	Sde-CPla_064			Morphology		streaks in the caudal fin lobes	2025	4	30	4/30/2025			FALSE			
Spratelloides_delicatulus	PLA-2025-04_01	Sde-CPla_065			Morphology		streaks in the caudal fin lobes	2025	4	30	4/30/2025			FALSE			
Spratelloides_delicatulus	PLA-2025-04_01	Sde-CPla_066			Morphology		streaks in the caudal fin lobes	2025	4	30	4/30/2025			FALSE			
Spratelloides_delicatulus	PLA-2025-04_01	Sde-CPla_067			Morphology		streaks in the caudal fin lobes	2025	4	30	4/30/2025			FALSE			
Spratelloides_delicatulus	PLA-2025-04_01	Sde-CPla_068			Morphology		streaks in the caudal fin lobes	2025	4	30	4/30/2025			FALSE			
Spratelloides_delicatulus	PLA-2025-04_01	Sde-CPla_069			Morphology		streaks in the caudal fin lobes	2025	4	30	4/30/2025			FALSE			
Spratelloides_delicatulus	PLA-2025-04_01	Sde-CPla_070			Morphology		streaks in the caudal fin lobes	2025	4	30	4/30/2025			FALSE			
Spratelloides_delicatulus	PLA-2025-04_01	Sde-CPla_071			Morphology		streaks in the caudal fin lobes	2025	4	30	4/30/2025			FALSE			
Spratelloides_delicatulus	PLA-2025-04_01	Sde-CPla_072			Morphology		streaks in the caudal fin lobes	2025	4	30	4/30/2025			FALSE			
Spratelloides_delicatulus	PLA-2025-04_01	Sde-CPla_073			Morphology		streaks in the caudal fin lobes	2025	4	30	4/30/2025			FALSE			
Spratelloides_delicatulus	PLA-2025-04_01	Sde-CPla_074			Morphology		streaks in the caudal fin lobes	2025	4	30	4/30/2025			FALSE			
Spratelloides_delicatulus	PLA-2025-04_01	Sde-CPla_075			Morphology		streaks in the caudal fin lobes	2025	4	30	4/30/2025			FALSE			
Spratelloides_delicatulus	PLA-2025-04_01	Sde-CPla_076			Morphology		streaks in the caudal fin lobes	2025	4	30	4/30/2025			FALSE			
Spratelloides_delicatulus	PLA-2025-04_01	Sde-CPla_077			Morphology		streaks in the caudal fin lobes	2025	4	30	4/30/2025			FALSE			
Spratelloides_delicatulus	PLA-2025-04_01	Sde-CPla_078			Morphology		streaks in the caudal fin lobes	2025	4	30	4/30/2025			FALSE			
Spratelloides_delicatulus	PLA-2025-04_01	Sde-CPla_079			Morphology		streaks in the caudal fin lobes	2025	4	30	4/30/2025			FALSE			
Spratelloides_delicatulus	PLA-2025-04_01	Sde-CPla_080			Morphology		streaks in the caudal fin lobes	2025	4	30	4/30/2025			FALSE			
Spratelloides_delicatulus	PLA-2025-04_01	Sde-CPla_081			Morphology		streaks in the caudal fin lobes	2025	4	30	4/30/2025			FALSE			
Spratelloides_delicatulus	PLA-2025-04_01	Sde-CPla_082			Morphology		streaks in the caudal fin lobes	2025	4	30	4/30/2025			FALSE			
Spratelloides_delicatulus	PLA-2025-04_01	Sde-CPla_083			Morphology		streaks in the caudal fin lobes	2025	4	30	4/30/2025			FALSE			
Spratelloides_delicatulus	PLA-2025-04_01	Sde-CPla_084			Morphology		streaks in the caudal fin lobes	2025	4	30	4/30/2025			FALSE			
Spratelloides_delicatulus	PLA-2025-04_01	Sde-CPla_085			Morphology		streaks in the caudal fin lobes	2025	4	30	4/30/2025			FALSE			
Spratelloides_delicatulus	PLA-2025-04_01	Sde-CPla_086			Morphology		streaks in the caudal fin lobes	2025	4	30	4/30/2025			FALSE			
Spratelloides_delicatulus	PLA-2025-04_01	Sde-CPla_087			Morphology		streaks in the caudal fin lobes	2025	4	30	4/30/2025			FALSE			
Spratelloides_delicatulus	PLA-2025-04_01	Sde-CPla_088			Morphology		streaks in the caudal fin lobes	2025	4	30	4/30/2025			FALSE			
Spratelloides_delicatulus	PLA-2025-04_01	Sde-CPla_089			Morphology		streaks in the caudal fin lobes	2025	4	30	4/30/2025			FALSE			
Spratelloides_delicatulus	PLA-2025-04_01	Sde-CPla_090			Morphology		streaks in the caudal fin lobes	2025	4	30	4/30/2025			FALSE			
Spratelloides_delicatulus	PLA-2025-04_01	Sde-CPla_091			Morphology		streaks in the caudal fin lobes	2025	4	30	4/30/2025			FALSE			
Spratelloides_delicatulus	PLA-2025-04_01	Sde-CPla_092			Morphology		streaks in the caudal fin lobes	2025	4	30	4/30/2025			FALSE			
Spratelloides_delicatulus	PLA-2025-04_01	Sde-CPla_093			Morphology		streaks in the caudal fin lobes	2025	4	30	4/30/2025			FALSE			
Spratelloides_delicatulus	PLA-2025-04_01	Sde-CPla_094			Morphology		streaks in the caudal fin lobes	2025	4	30	4/30/2025			FALSE			
Spratelloides_delicatulus	PLA-2025-04_01	Sde-CPla_095			Morphology		streaks in the caudal fin lobes	2025	4	30	4/30/2025			FALSE			
Spratelloides_delicatulus	PLA-2025-04_01	Sde-CPla_096			Morphology		streaks in the caudal fin lobes	2025	4	30	4/30/2025			FALSE			
Spratelloides_delicatulus	PLA-2025-04_01	Sde-CPla_097			Morphology		streaks in the caudal fin lobes	2025	4	30	4/30/2025			FALSE			
Spratelloides_delicatulus	PLA-2025-04_01	Sde-CPla_098			Morphology		streaks in the caudal fin lobes	2025	4	30	4/30/2025			FALSE			
Spratelloides_delicatulus	PLA-2025-04_01	Sde-CPla_099			Morphology		streaks in the caudal fin lobes	2025	4	30	4/30/2025			FALSE			
Spratelloides_delicatulus	PLA-2025-04_01	Sde-CPla_100			Morphology		streaks in the caudal fin lobes	2025	4	30	4/30/2025			FALSE			
Spratelloides_delicatulus	PLA-2025-04_01	Sde-CPla_101			Morphology		streaks in the caudal fin lobes	2025	4	30	4/30/2025			FALSE			
Spratelloides_delicatulus	PLA-2025-04_01	Sde-CPla_102			Morphology		streaks in the caudal fin lobes	2025	4	30	4/30/2025			FALSE			
Spratelloides_delicatulus	PLA-2025-04_01	Sde-CPla_103			Morphology		streaks in the caudal fin lobes	2025	4	30	4/30/2025			FALSE			
Spratelloides_delicatulus	PLA-2025-04_01	Sde-CPla_104			Morphology		streaks in the caudal fin lobes	2025	4	30	4/30/2025			FALSE			
Spratelloides_delicatulus	PLA-2025-04_01	Sde-CPla_105			Morphology		streaks in the caudal fin lobes	2025	4	30	4/30/2025			FALSE			
Spratelloides_delicatulus	PLA-2025-04_01	Sde-CPla_106			Morphology		streaks in the caudal fin lobes	2025	4	30	4/30/2025			FALSE			
Spratelloides_delicatulus	PLA-2025-04_01	Sde-CPla_107			Morphology		streaks in the caudal fin lobes	2025	4	30	4/30/2025			FALSE			
Spratelloides_delicatulus	PLA-2025-04_01	Sde-CPla_108			Morphology		streaks in the caudal fin lobes	2025	4	30	4/30/2025			FALSE			
Spratelloides_delicatulus	PLA-2025-04_01	Sde-CPla_109			Morphology		streaks in the caudal fin lobes	2025	4	30	4/30/2025			FALSE			
Spratelloides_delicatulus	PLA-2025-04_01	Sde-CPla_110			Morphology		streaks in the caudal fin lobes	2025	4	30	4/30/2025			FALSE			
Spratelloides_delicatulus	PLA-2025-04_01	Sde-CPla_111			Morphology		streaks in the caudal fin lobes	2025	4	30	4/30/2025			FALSE			
Spratelloides_delicatulus	PLA-2025-04_01	Sde-CPla_112			Morphology		streaks in the caudal fin lobes	2025	4	30	4/30/2025			FALSE			
Spratelloides_delicatulus	PLA-2025-04_01	Sde-CPla_113			Morphology		streaks in the caudal fin lobes	2025	4	30	4/30/2025	specimen was divided into pieces for differential preservation		FALSE			
Spratelloides_delicatulus	PLA-2025-04_01	Sde-CPla_114			Morphology		streaks in the caudal fin lobes	2025	4	30	4/30/2025	specimen was divided into pieces for differential preservation		FALSE			
Spratelloides_delicatulus	PLA-2025-04_01	Sde-CPla_115			Morphology		streaks in the caudal fin lobes	2025	4	30	4/30/2025	specimen was divided into pieces for differential preservation		FALSE			
Spratelloides_delicatulus	PLA-2025-04_01	Sde-CPla_116			Morphology		streaks in the caudal fin lobes	2025	4	30	4/30/2025	specimen was divided into pieces for differential preservation		FALSE			
Spratelloides_delicatulus	PLA-2025-04_01	Sde-CPla_117			Morphology		streaks in the caudal fin lobes	2025	4	30	4/30/2025	specimen was divided into pieces for differential preservation		FALSE			
Spratelloides_delicatulus	LIM-2025-07_01	Sde-CLim_001			Morphology	Kent Carpenter	streaks in the caudal fin lobes	2025	7	16	7/16/2025			FALSE			
Spratelloides_delicatulus	LIM-2025-07_01	Sde-CLim_002			Morphology	Kent Carpenter	streaks in the caudal fin lobes	2025	7	16	7/16/2025			FALSE			
Spratelloides_delicatulus	LIM-2025-07_01	Sde-CLim_003			Morphology	Kent Carpenter	streaks in the caudal fin lobes	2025	7	16	7/16/2025			FALSE			
Spratelloides_delicatulus	LIM-2025-07_01	Sde-CLim_004			Morphology	Kent Carpenter	streaks in the caudal fin lobes	2025	7	16	7/16/2025			FALSE			
Spratelloides_delicatulus	LIM-2025-07_01	Sde-CLim_005			Morphology	Kent Carpenter	streaks in the caudal fin lobes	2025	7	16	7/16/2025			FALSE			
Spratelloides_delicatulus	LIM-2025-07_01	Sde-CLim_006			Morphology	Kent Carpenter	streaks in the caudal fin lobes	2025	7	16	7/16/2025			FALSE			
Spratelloides_delicatulus	LIM-2025-07_01	Sde-CLim_007			Morphology	Kent Carpenter	streaks in the caudal fin lobes	2025	7	16	7/16/2025			FALSE			
Spratelloides_delicatulus	LIM-2025-07_01	Sde-CLim_008			Morphology	Kent Carpenter	streaks in the caudal fin lobes	2025	7	16	7/16/2025			FALSE			
Spratelloides_delicatulus	LIM-2025-07_01	Sde-CLim_009			Morphology	Kent Carpenter	streaks in the caudal fin lobes	2025	7	16	7/16/2025			FALSE			
Spratelloides_delicatulus	LIM-2025-07_01	Sde-CLim_010			Morphology	Kent Carpenter	streaks in the caudal fin lobes	2025	7	16	7/16/2025			FALSE			
Spratelloides_delicatulus	LIM-2025-07_01	Sde-CLim_011			Morphology	Kent Carpenter	streaks in the caudal fin lobes	2025	7	16	7/16/2025			FALSE			
Spratelloides_delicatulus	LIM-2025-07_01	Sde-CLim_012			Morphology	Kent Carpenter	streaks in the caudal fin lobes	2025	7	16	7/16/2025			FALSE			
Spratelloides_delicatulus	LIM-2025-07_01	Sde-CLim_013			Morphology	Kent Carpenter	streaks in the caudal fin lobes	2025	7	16	7/16/2025			FALSE			
Spratelloides_delicatulus	LIM-2025-07_01	Sde-CLim_014			Morphology	Kent Carpenter	streaks in the caudal fin lobes	2025	7	16	7/16/2025			FALSE			
Spratelloides_delicatulus	LIM-2025-07_01	Sde-CLim_015			Morphology	Kent Carpenter	streaks in the caudal fin lobes	2025	7	16	7/16/2025			FALSE			
Spratelloides_delicatulus	LIM-2025-07_01	Sde-CLim_016			Morphology	Kent Carpenter	streaks in the caudal fin lobes	2025	7	16	7/16/2025			FALSE			
Spratelloides_delicatulus	LIM-2025-07_01	Sde-CLim_017			Morphology	Kent Carpenter	streaks in the caudal fin lobes	2025	7	16	7/16/2025			FALSE			
Spratelloides_delicatulus	LIM-2025-07_01	Sde-CLim_018			Morphology	Kent Carpenter	streaks in the caudal fin lobes	2025	7	16	7/16/2025			FALSE			
Spratelloides_delicatulus	LIM-2025-07_01	Sde-CLim_019			Morphology	Kent Carpenter	streaks in the caudal fin lobes	2025	7	16	7/16/2025			FALSE			
Spratelloides_delicatulus	LIM-2025-07_01	Sde-CLim_020			Morphology	Kent Carpenter	streaks in the caudal fin lobes	2025	7	16	7/16/2025			FALSE			
Spratelloides_delicatulus	LIM-2025-07_01	Sde-CLim_021			Morphology	Kent Carpenter	streaks in the caudal fin lobes	2025	7	16	7/16/2025			FALSE			
Spratelloides_delicatulus	LIM-2025-07_01	Sde-CLim_022			Morphology	Kent Carpenter	streaks in the caudal fin lobes	2025	7	16	7/16/2025			FALSE			
Spratelloides_delicatulus	LIM-2025-07_01	Sde-CLim_023			Morphology	Kent Carpenter	streaks in the caudal fin lobes	2025	7	16	7/16/2025			FALSE			
Spratelloides_delicatulus	LIM-2025-07_01	Sde-CLim_024			Morphology	Kent Carpenter	streaks in the caudal fin lobes	2025	7	16	7/16/2025			FALSE			
Spratelloides_delicatulus	LIM-2025-07_01	Sde-CLim_025			Morphology	Kent Carpenter	streaks in the caudal fin lobes	2025	7	16	7/16/2025			FALSE			
Spratelloides_delicatulus	LIM-2025-07_01	Sde-CLim_026			Morphology	Kent Carpenter	streaks in the caudal fin lobes	2025	7	16	7/16/2025			FALSE			
Spratelloides_delicatulus	LIM-2025-07_01	Sde-CLim_027			Morphology	Kent Carpenter	streaks in the caudal fin lobes	2025	7	16	7/16/2025			FALSE			
Spratelloides_delicatulus	LIM-2025-07_01	Sde-CLim_028			Morphology	Kent Carpenter	streaks in the caudal fin lobes	2025	7	16	7/16/2025			FALSE			
Spratelloides_delicatulus	LIM-2025-07_01	Sde-CLim_029			Morphology	Kent Carpenter	streaks in the caudal fin lobes	2025	7	16	7/16/2025			FALSE			
Spratelloides_delicatulus	LIM-2025-07_01	Sde-CLim_030			Morphology	Kent Carpenter	streaks in the caudal fin lobes	2025	7	16	7/16/2025			FALSE			
Spratelloides_delicatulus	LIM-2025-07_01	Sde-CLim_031			Morphology	Kent Carpenter	streaks in the caudal fin lobes	2025	7	16	7/16/2025			FALSE			
Spratelloides_delicatulus	LIM-2025-07_01	Sde-CLim_032			Morphology	Kent Carpenter	streaks in the caudal fin lobes	2025	7	16	7/16/2025			FALSE			
Spratelloides_delicatulus	LIM-2025-07_01	Sde-CLim_033			Morphology	Kent Carpenter	streaks in the caudal fin lobes	2025	7	16	7/16/2025			FALSE			
Spratelloides_delicatulus	LIM-2025-07_01	Sde-CLim_034			Morphology	Kent Carpenter	streaks in the caudal fin lobes	2025	7	16	7/16/2025			FALSE			
Spratelloides_delicatulus	LIM-2025-07_01	Sde-CLim_035			Morphology	Kent Carpenter	streaks in the caudal fin lobes	2025	7	16	7/16/2025			FALSE			
Spratelloides_delicatulus	LIM-2025-07_01	Sde-CLim_036			Morphology	Kent Carpenter	streaks in the caudal fin lobes	2025	7	16	7/16/2025			FALSE			
Spratelloides_delicatulus	LIM-2025-07_01	Sde-CLim_037			Morphology	Kent Carpenter	streaks in the caudal fin lobes	2025	7	16	7/16/2025			FALSE			
Spratelloides_delicatulus	LIM-2025-07_01	Sde-CLim_038			Morphology	Kent Carpenter	streaks in the caudal fin lobes	2025	7	16	7/16/2025			FALSE			
Spratelloides_delicatulus	LIM-2025-07_01	Sde-CLim_039			Morphology	Kent Carpenter	streaks in the caudal fin lobes	2025	7	16	7/16/2025			FALSE			
Spratelloides_delicatulus	LIM-2025-07_01	Sde-CLim_040			Morphology	Kent Carpenter	streaks in the caudal fin lobes	2025	7	16	7/16/2025			FALSE			
Spratelloides_delicatulus	LIM-2025-07_01	Sde-CLim_041			Morphology	Kent Carpenter	streaks in the caudal fin lobes	2025	7	16	7/16/2025			FALSE			
Spratelloides_delicatulus	LIM-2025-07_01	Sde-CLim_042			Morphology	Kent Carpenter	streaks in the caudal fin lobes	2025	7	16	7/16/2025			FALSE			
Spratelloides_delicatulus	LIM-2025-07_01	Sde-CLim_043			Morphology	Kent Carpenter	streaks in the caudal fin lobes	2025	7	16	7/16/2025			FALSE			
Spratelloides_delicatulus	LIM-2025-07_01	Sde-CLim_044			Morphology	Kent Carpenter	streaks in the caudal fin lobes	2025	7	16	7/16/2025			FALSE			
Spratelloides_delicatulus	LIM-2025-07_01	Sde-CLim_045			Morphology	Kent Carpenter	streaks in the caudal fin lobes	2025	7	16	7/16/2025			FALSE			
Spratelloides_delicatulus	LIM-2025-07_01	Sde-CLim_046			Morphology	Kent Carpenter	streaks in the caudal fin lobes	2025	7	16	7/16/2025			FALSE			
Spratelloides_delicatulus	LIM-2025-07_01	Sde-CLim_047			Morphology	Kent Carpenter	streaks in the caudal fin lobes	2025	7	16	7/16/2025			FALSE			
Spratelloides_delicatulus	LIM-2025-07_01	Sde-CLim_048			Morphology	Kent Carpenter	streaks in the caudal fin lobes	2025	7	16	7/16/2025			FALSE			
Spratelloides_delicatulus	LIM-2025-07_01	Sde-CLim_049			Morphology	Kent Carpenter	streaks in the caudal fin lobes	2025	7	16	7/16/2025			FALSE			
Spratelloides_delicatulus	LIM-2025-07_01	Sde-CLim_050			Morphology	Kent Carpenter	streaks in the caudal fin lobes	2025	7	16	7/16/2025			FALSE			
Spratelloides_delicatulus	LIM-2025-07_01	Sde-CLim_051			Morphology	Kent Carpenter	streaks in the caudal fin lobes	2025	7	16	7/16/2025			FALSE			
Spratelloides_delicatulus	LIM-2025-07_01	Sde-CLim_052			Morphology	Kent Carpenter	streaks in the caudal fin lobes	2025	7	16	7/16/2025			FALSE			
Spratelloides_delicatulus	LIM-2025-07_01	Sde-CLim_053			Morphology	Kent Carpenter	streaks in the caudal fin lobes	2025	7	16	7/16/2025			FALSE			
Spratelloides_delicatulus	LIM-2025-07_01	Sde-CLim_054			Morphology	Kent Carpenter	streaks in the caudal fin lobes	2025	7	16	7/16/2025			FALSE			
Spratelloides_delicatulus	LIM-2025-07_01	Sde-CLim_055			Morphology	Kent Carpenter	streaks in the caudal fin lobes	2025	7	16	7/16/2025			FALSE			
Spratelloides_delicatulus	LIM-2025-07_01	Sde-CLim_056			Morphology	Kent Carpenter	streaks in the caudal fin lobes	2025	7	16	7/16/2025			FALSE			
Spratelloides_delicatulus	LIM-2025-07_01	Sde-CLim_057			Morphology	Kent Carpenter	streaks in the caudal fin lobes	2025	7	16	7/16/2025			FALSE			
Spratelloides_delicatulus	LIM-2025-07_01	Sde-CLim_058			Morphology	Kent Carpenter	streaks in the caudal fin lobes	2025	7	16	7/16/2025			FALSE			
Spratelloides_delicatulus	LIM-2025-07_01	Sde-CLim_059			Morphology	Kent Carpenter	streaks in the caudal fin lobes	2025	7	16	7/16/2025			FALSE			
Spratelloides_delicatulus	LIM-2025-07_01	Sde-CLim_060			Morphology	Kent Carpenter	streaks in the caudal fin lobes	2025	7	16	7/16/2025			FALSE			
Spratelloides_delicatulus	LIM-2025-07_01	Sde-CLim_061			Morphology	Kent Carpenter	streaks in the caudal fin lobes	2025	7	17	7/17/2025			FALSE			
Spratelloides_delicatulus	LIM-2025-07_01	Sde-CLim_062			Morphology	Kent Carpenter	streaks in the caudal fin lobes	2025	7	17	7/17/2025			FALSE			
Spratelloides_delicatulus	LIM-2025-07_01	Sde-CLim_063			Morphology	Kent Carpenter	streaks in the caudal fin lobes	2025	7	17	7/17/2025			FALSE			
Spratelloides_delicatulus	LIM-2025-07_01	Sde-CLim_064			Morphology	Kent Carpenter	streaks in the caudal fin lobes	2025	7	17	7/17/2025			FALSE			
Spratelloides_delicatulus	LIM-2025-07_01	Sde-CLim_065			Morphology	Kent Carpenter	streaks in the caudal fin lobes	2025	7	17	7/17/2025			FALSE			
Spratelloides_delicatulus	LIM-2025-07_01	Sde-CLim_066			Morphology	Kent Carpenter	streaks in the caudal fin lobes	2025	7	17	7/17/2025			FALSE			
Spratelloides_delicatulus	LIM-2025-07_01	Sde-CLim_067			Morphology	Kent Carpenter	streaks in the caudal fin lobes	2025	7	17	7/17/2025			FALSE			
Spratelloides_delicatulus	LIM-2025-07_01	Sde-CLim_068			Morphology	Kent Carpenter	streaks in the caudal fin lobes	2025	7	17	7/17/2025			FALSE			
Spratelloides_delicatulus	LIM-2025-07_01	Sde-CLim_069			Morphology	Kent Carpenter	streaks in the caudal fin lobes	2025	7	17	7/17/2025			FALSE			
Spratelloides_delicatulus	LIM-2025-07_01	Sde-CLim_070			Morphology	Kent Carpenter	streaks in the caudal fin lobes	2025	7	17	7/17/2025			FALSE			
Spratelloides_delicatulus	LIM-2025-07_01	Sde-CLim_071			Morphology	Kent Carpenter	streaks in the caudal fin lobes	2025	7	17	7/17/2025			FALSE			
Spratelloides_delicatulus	LIM-2025-07_01	Sde-CLim_072			Morphology	Kent Carpenter	streaks in the caudal fin lobes	2025	7	17	7/17/2025			FALSE			
Spratelloides_delicatulus	LIM-2025-07_01	Sde-CLim_073			Morphology	Kent Carpenter	streaks in the caudal fin lobes	2025	7	17	7/17/2025			FALSE			
Spratelloides_delicatulus	LIM-2025-07_01	Sde-CLim_074			Morphology	Kent Carpenter	streaks in the caudal fin lobes	2025	7	17	7/17/2025			FALSE			
Spratelloides_delicatulus	LIM-2025-07_01	Sde-CLim_075			Morphology	Kent Carpenter	streaks in the caudal fin lobes	2025	7	17	7/17/2025			FALSE			
Spratelloides_delicatulus	LIM-2025-07_01	Sde-CLim_076			Morphology	Kent Carpenter	streaks in the caudal fin lobes	2025	7	17	7/17/2025			FALSE			
Spratelloides_delicatulus	LIM-2025-07_01	Sde-CLim_077			Morphology	Kent Carpenter	streaks in the caudal fin lobes	2025	7	17	7/17/2025			FALSE			
Spratelloides_delicatulus	LIM-2025-07_01	Sde-CLim_078			Morphology	Kent Carpenter	streaks in the caudal fin lobes	2025	7	17	7/17/2025			FALSE			
Spratelloides_delicatulus	LIM-2025-07_01	Sde-CLim_079			Morphology	Kent Carpenter	streaks in the caudal fin lobes	2025	7	17	7/17/2025			FALSE			
Spratelloides_delicatulus	LIM-2025-07_01	Sde-CLim_080			Morphology	Kent Carpenter	streaks in the caudal fin lobes	2025	7	17	7/17/2025			FALSE			
Spratelloides_delicatulus	LIM-2025-07_01	Sde-CLim_081			Morphology	Kent Carpenter	streaks in the caudal fin lobes	2025	7	17	7/17/2025			FALSE			
Spratelloides_delicatulus	LIM-2025-07_01	Sde-CLim_082			Morphology	Kent Carpenter	streaks in the caudal fin lobes	2025	7	17	7/17/2025			FALSE			
Spratelloides_delicatulus	LIM-2025-07_01	Sde-CLim_083			Morphology	Kent Carpenter	streaks in the caudal fin lobes	2025	7	17	7/17/2025			FALSE			
Spratelloides_delicatulus	LIM-2025-07_01	Sde-CLim_084			Morphology	Kent Carpenter	streaks in the caudal fin lobes	2025	7	17	7/17/2025			FALSE			
Spratelloides_delicatulus	LIM-2025-07_01	Sde-CLim_085			Morphology	Kent Carpenter	streaks in the caudal fin lobes	2025	7	17	7/17/2025			FALSE			
Spratelloides_delicatulus	LIM-2025-07_01	Sde-CLim_086			Morphology	Kent Carpenter	streaks in the caudal fin lobes	2025	7	17	7/17/2025			FALSE			
Spratelloides_delicatulus	LIM-2025-07_01	Sde-CLim_087			Morphology	Kent Carpenter	streaks in the caudal fin lobes	2025	7	17	7/17/2025			FALSE			
Spratelloides_delicatulus	LIM-2025-07_01	Sde-CLim_088			Morphology	Kent Carpenter	streaks in the caudal fin lobes	2025	7	17	7/17/2025			FALSE			
Spratelloides_delicatulus	LIM-2025-07_01	Sde-CLim_089			Morphology	Kent Carpenter	streaks in the caudal fin lobes	2025	7	17	7/17/2025			FALSE			
Spratelloides_delicatulus	LIM-2025-07_01	Sde-CLim_090			Morphology	Kent Carpenter	streaks in the caudal fin lobes	2025	7	17	7/17/2025			FALSE			
Spratelloides_delicatulus	LIM-2025-07_01	Sde-CLim_091			Morphology	Kent Carpenter	streaks in the caudal fin lobes	2025	7	17	7/17/2025			FALSE			
Spratelloides_delicatulus	LIM-2025-07_01	Sde-CLim_092			Morphology	Kent Carpenter	streaks in the caudal fin lobes	2025	7	17	7/17/2025			FALSE			
Spratelloides_delicatulus	LIM-2025-07_01	Sde-CLim_093			Morphology	Kent Carpenter	streaks in the caudal fin lobes	2025	7	17	7/17/2025			FALSE			
Spratelloides_delicatulus	LIM-2025-07_01	Sde-CLim_094			Morphology	Kent Carpenter	streaks in the caudal fin lobes	2025	7	17	7/17/2025			FALSE			
Spratelloides_delicatulus	LIM-2025-07_01	Sde-CLim_095			Morphology	Kent Carpenter	streaks in the caudal fin lobes	2025	7	17	7/17/2025			FALSE			
Spratelloides_delicatulus	LIM-2025-07_01	Sde-CLim_096			Morphology	Kent Carpenter	streaks in the caudal fin lobes	2025	7	17	7/17/2025			FALSE			
Spratelloides_delicatulus	LIM-2025-07_01	Sde-CLim_097			Morphology	Kent Carpenter	streaks in the caudal fin lobes	2025	7	17	7/17/2025			FALSE			
Spratelloides_delicatulus	LIM-2025-07_01	Sde-CLim_098			Morphology	Kent Carpenter	streaks in the caudal fin lobes	2025	7	17	7/17/2025			FALSE			
Spratelloides_delicatulus	LIM-2025-07_01	Sde-CLim_099			Morphology	Kent Carpenter	streaks in the caudal fin lobes	2025	7	17	7/17/2025			FALSE			
Spratelloides_delicatulus	LIM-2025-07_01	Sde-CLim_100			Morphology	Kent Carpenter	streaks in the caudal fin lobes	2025	7	17	7/17/2025			FALSE			
Spratelloides_delicatulus	LIM-2025-07_01	Sde-CLim_101			Morphology	Kent Carpenter	streaks in the caudal fin lobes	2025	7	17	7/17/2025			FALSE			
Spratelloides_delicatulus	LIM-2025-07_01	Sde-CLim_102			Morphology	Kent Carpenter	streaks in the caudal fin lobes	2025	7	17	7/17/2025			FALSE			
Spratelloides_delicatulus	LIM-2025-07_01	Sde-CLim_103			Morphology	Kent Carpenter	streaks in the caudal fin lobes	2025	7	17	7/17/2025			FALSE			
Spratelloides_delicatulus	LIM-2025-07_01	Sde-CLim_104			Morphology	Kent Carpenter	streaks in the caudal fin lobes	2025	7	17	7/17/2025			FALSE			
Spratelloides_delicatulus	LIM-2025-07_01	Sde-CLim_105			Morphology	Kent Carpenter	streaks in the caudal fin lobes	2025	7	17	7/17/2025			FALSE			
Spratelloides_delicatulus	LIM-2025-07_01	Sde-CLim_106			Morphology	Kent Carpenter	streaks in the caudal fin lobes	2025	7	17	7/17/2025			FALSE			
Spratelloides_delicatulus	LIM-2025-07_01	Sde-CLim_107			Morphology	Kent Carpenter	streaks in the caudal fin lobes	2025	7	17	7/17/2025			FALSE			
Spratelloides_delicatulus	LIM-2025-07_01	Sde-CLim_108			Morphology	Kent Carpenter	streaks in the caudal fin lobes	2025	7	15	7/15/2025	specimen was divided into pieces for differential preservation		FALSE			
Spratelloides_delicatulus	LIM-2025-07_01	Sde-CLim_109			Morphology	Kent Carpenter	streaks in the caudal fin lobes	2025	7	15	7/15/2025	specimen was divided into pieces for differential preservation		FALSE			
Spratelloides_delicatulus	LIM-2025-07_01	Sde-CLim_110			Morphology	Kent Carpenter	streaks in the caudal fin lobes	2025	7	15	7/15/2025	specimen was divided into pieces for differential preservation		FALSE			
Spratelloides_delicatulus	LIM-2025-07_01	Sde-CLim_111			Morphology	Kent Carpenter	streaks in the caudal fin lobes	2025	7	15	7/15/2025	specimen was divided into pieces for differential preservation		FALSE			
Spratelloides_delicatulus	LIM-2025-07_01	Sde-CLim_112			Morphology	Kent Carpenter	streaks in the caudal fin lobes	2025	7	16	7/16/2025	specimen was divided into pieces for differential preservation		FALSE			
