species_valid_name	lot_id	field_id	individual_id	new_usnm	usnm_biorepository	species_id_method	species_id_person	species_id_year	species_id_month	species_id_day	species_id_date_originallyentered	species_id_notes	notes	correction_applied	correction_id	correction_details	correction_date
Spratelloides_delicatulus	TLK-2024-08_01	Sde-C-0001-E	Sde-CTlk_001			Morphology	Nadia_Abesamis | Kevin_Labrador	2024	8	20	8/20/2024	streaks in the caudal fin lobes		FALSE			
Spratelloides_delicatulus	TLK-2024-08_01	Sde-C-0002-E	Sde-CTlk_002			Morphology	Nadia_Abesamis | Kevin_Labrador	2024	8	20	8/20/2024	streaks in the caudal fin lobes		FALSE			
Spratelloides_delicatulus	TLK-2024-08_01	Sde-C-0003-E	Sde-CTlk_003			Morphology	Nadia_Abesamis | Kevin_Labrador	2024	8	20	8/20/2024	streaks in the caudal fin lobes		FALSE			
Spratelloides_delicatulus	TLK-2024-08_01	Sde-C-0004-E	Sde-CTlk_004			Morphology	Nadia_Abesamis | Kevin_Labrador	2024	8	20	8/20/2024	streaks in the caudal fin lobes		FALSE			
Spratelloides_delicatulus	TLK-2024-08_01	Sde-C-0005-E	Sde-CTlk_005			Morphology	Nadia_Abesamis | Kevin_Labrador	2024	8	20	8/20/2024	streaks in the caudal fin lobes		FALSE			
Spratelloides_delicatulus	TLK-2024-08_01	Sde-C-0006-E	Sde-CTlk_006			Morphology	Nadia_Abesamis | Kevin_Labrador	2024	8	20	8/20/2024	streaks in the caudal fin lobes		FALSE			
Spratelloides_delicatulus	TLK-2024-08_01	Sde-C-0007-E	Sde-CTlk_007			Morphology	Nadia_Abesamis | Kevin_Labrador	2024	8	20	8/20/2024	streaks in the caudal fin lobes		FALSE			
Spratelloides_delicatulus	TLK-2024-08_01	Sde-C-0008-E	Sde-CTlk_008			Morphology	Nadia_Abesamis | Kevin_Labrador	2024	8	20	8/20/2024	streaks in the caudal fin lobes		FALSE			
Spratelloides_delicatulus	TLK-2024-08_01	Sde-C-0009-E	Sde-CTlk_009			Morphology	Nadia_Abesamis | Kevin_Labrador	2024	8	20	8/20/2024	streaks in the caudal fin lobes		FALSE			
Spratelloides_delicatulus	TLK-2024-08_01	Sde-C-0010-E	Sde-CTlk_010			Morphology	Nadia_Abesamis | Kevin_Labrador	2024	8	20	8/20/2024	streaks in the caudal fin lobes		FALSE			
Spratelloides_delicatulus	TLK-2024-08_01	Sde-C-0011-E	Sde-CTlk_011			Morphology	Nadia_Abesamis | Kevin_Labrador	2024	8	20	8/20/2024	streaks in the caudal fin lobes		FALSE			
Spratelloides_delicatulus	TLK-2024-08_01	Sde-C-0012-E	Sde-CTlk_012			Morphology	Nadia_Abesamis | Kevin_Labrador	2024	8	20	8/20/2024	streaks in the caudal fin lobes		FALSE			
Spratelloides_delicatulus	TLK-2024-08_01	Sde-C-0013-E	Sde-CTlk_013			Morphology	Nadia_Abesamis | Kevin_Labrador	2024	8	20	8/20/2024	streaks in the caudal fin lobes	Used as trial for organ extraction; otolith not extracted	FALSE			
Spratelloides_delicatulus	TLK-2024-08_01	Sde-C-0014-E	Sde-CTlk_014			Morphology	Nadia_Abesamis | Kevin_Labrador	2024	8	20	8/20/2024	streaks in the caudal fin lobes		FALSE			
Spratelloides_delicatulus	TLK-2024-08_01	Sde-C-0015-E	Sde-CTlk_015			Morphology	Nadia_Abesamis | Kevin_Labrador	2024	8	20	8/20/2024	streaks in the caudal fin lobes		FALSE			
Spratelloides_delicatulus	TLK-2024-08_01	Sde-C-0016-E	Sde-CTlk_016			Morphology	Nadia_Abesamis | Kevin_Labrador	2024	8	20	8/20/2024	streaks in the caudal fin lobes		FALSE			
Spratelloides_delicatulus	TLK-2024-08_01	Sde-C-0017-E	Sde-CTlk_017			Morphology	Nadia_Abesamis | Kevin_Labrador	2024	8	20	8/20/2024	streaks in the caudal fin lobes		FALSE			
Spratelloides_delicatulus	TLK-2024-08_01	Sde-C-0018-E	Sde-CTlk_018			Morphology	Nadia_Abesamis | Kevin_Labrador	2024	8	20	8/20/2024	streaks in the caudal fin lobes		FALSE			
Spratelloides_delicatulus	TLK-2024-08_01	Sde-C-0019-E	Sde-CTlk_019			Morphology	Nadia_Abesamis | Kevin_Labrador	2024	8	20	8/20/2024	streaks in the caudal fin lobes		FALSE			
Spratelloides_delicatulus	TLK-2024-08_01	Sde-C-0020-E	Sde-CTlk_020			Morphology	Nadia_Abesamis | Kevin_Labrador	2024	8	20	8/20/2024	streaks in the caudal fin lobes		FALSE			
Spratelloides_delicatulus	TLK-2024-08_01	Sde-C-0021-E	Sde-CTlk_021			Morphology	Nadia_Abesamis | Kevin_Labrador	2024	8	20	8/20/2024	streaks in the caudal fin lobes		FALSE			
Spratelloides_delicatulus	TLK-2024-08_01	Sde-C-0022-E	Sde-CTlk_022			Morphology	Nadia_Abesamis | Kevin_Labrador	2024	8	20	8/20/2024	streaks in the caudal fin lobes		FALSE			
Spratelloides_delicatulus	TLK-2024-08_01	Sde-C-0023-E	Sde-CTlk_023			Morphology	Nadia_Abesamis | Kevin_Labrador	2024	8	20	8/20/2024	streaks in the caudal fin lobes		FALSE			
Spratelloides_delicatulus	TLK-2024-08_01	Sde-C-0024-E	Sde-CTlk_024			Morphology	Nadia_Abesamis | Kevin_Labrador	2024	8	20	8/20/2024	streaks in the caudal fin lobes		FALSE			
Spratelloides_delicatulus	TLK-2024-08_01	Sde-C-0025-E	Sde-CTlk_025			Morphology	Nadia_Abesamis | Kevin_Labrador	2024	8	20	8/20/2024	streaks in the caudal fin lobes		FALSE			
Spratelloides_delicatulus	TLK-2024-08_01	Sde-C-0026-E	Sde-CTlk_026			Morphology	Nadia_Abesamis | Kevin_Labrador	2024	8	20	8/20/2024	streaks in the caudal fin lobes		FALSE			
Spratelloides_delicatulus	TLK-2024-08_01	Sde-C-0027-E	Sde-CTlk_027			Morphology	Nadia_Abesamis | Kevin_Labrador	2024	8	20	8/20/2024	streaks in the caudal fin lobes		FALSE			
Spratelloides_delicatulus	TLK-2024-08_01	Sde-C-0028-E	Sde-CTlk_028			Morphology	Nadia_Abesamis | Kevin_Labrador	2024	8	20	8/20/2024	streaks in the caudal fin lobes		FALSE			
Spratelloides_delicatulus	TLK-2024-08_01	Sde-C-0029-E	Sde-CTlk_029			Morphology	Nadia_Abesamis | Kevin_Labrador	2024	8	20	8/20/2024	streaks in the caudal fin lobes		FALSE			
Spratelloides_delicatulus	TLK-2024-08_01	Sde-C-0030-E	Sde-CTlk_030			Morphology	Nadia_Abesamis | Kevin_Labrador	2024	8	20	8/20/2024	streaks in the caudal fin lobes		FALSE			
Spratelloides_delicatulus	TLK-2024-08_01	Sde-C-0031-E	Sde-CTlk_031			Morphology	Nadia_Abesamis | Kevin_Labrador	2024	8	20	8/20/2024	streaks in the caudal fin lobes		FALSE			
Spratelloides_delicatulus	TLK-2024-08_01	Sde-C-0032-E	Sde-CTlk_032			Morphology	Nadia_Abesamis | Kevin_Labrador	2024	8	20	8/20/2024	streaks in the caudal fin lobes		FALSE			
Spratelloides_delicatulus	TLK-2024-08_01	Sde-C-0033-E	Sde-CTlk_033			Morphology	Nadia_Abesamis | Kevin_Labrador	2024	8	20	8/20/2024	streaks in the caudal fin lobes		FALSE			
Spratelloides_delicatulus	TLK-2024-08_01	Sde-C-0034-E	Sde-CTlk_034			Morphology	Nadia_Abesamis | Kevin_Labrador	2024	8	20	8/20/2024	streaks in the caudal fin lobes		FALSE			
Spratelloides_delicatulus	TLK-2024-08_01	Sde-C-0035-E	Sde-CTlk_035			Morphology	Nadia_Abesamis | Kevin_Labrador	2024	8	20	8/20/2024	streaks in the caudal fin lobes		FALSE			
Spratelloides_delicatulus	TLK-2024-08_01	Sde-C-0036-E	Sde-CTlk_036			Morphology	Nadia_Abesamis | Kevin_Labrador	2024	8	20	8/20/2024	streaks in the caudal fin lobes		FALSE			
Spratelloides_delicatulus	TLK-2024-08_01	Sde-C-0037-E	Sde-CTlk_037			Morphology	Nadia_Abesamis | Kevin_Labrador	2024	8	20	8/20/2024	streaks in the caudal fin lobes		FALSE			
Spratelloides_delicatulus	TLK-2024-08_01	Sde-C-0038-E	Sde-CTlk_038			Morphology	Nadia_Abesamis | Kevin_Labrador	2024	8	20	8/20/2024	streaks in the caudal fin lobes		FALSE			
Spratelloides_delicatulus	TLK-2024-08_01	Sde-C-0039-E	Sde-CTlk_039			Morphology	Nadia_Abesamis | Kevin_Labrador	2024	8	20	8/20/2024	streaks in the caudal fin lobes		FALSE			
Spratelloides_delicatulus	TLK-2024-08_01	Sde-C-0040-E	Sde-CTlk_040			Morphology	Nadia_Abesamis | Kevin_Labrador	2024	8	20	8/20/2024	streaks in the caudal fin lobes		FALSE			
Spratelloides_delicatulus	TLK-2024-08_01	Sde-C-0041-E	Sde-CTlk_041			Morphology	Nadia_Abesamis | Kevin_Labrador	2024	8	20	8/20/2024	streaks in the caudal fin lobes		FALSE			
Spratelloides_delicatulus	TLK-2024-08_01	Sde-C-0042-E	Sde-CTlk_042			Morphology	Nadia_Abesamis | Kevin_Labrador	2024	8	20	8/20/2024	streaks in the caudal fin lobes		FALSE			
Spratelloides_delicatulus	TLK-2024-08_01	Sde-C-0043-E	Sde-CTlk_043			Morphology	Nadia_Abesamis | Kevin_Labrador	2024	8	20	8/20/2024	streaks in the caudal fin lobes		FALSE			
Spratelloides_delicatulus	TLK-2024-08_01	Sde-C-0044-E	Sde-CTlk_044			Morphology	Nadia_Abesamis | Kevin_Labrador	2024	8	20	8/20/2024	streaks in the caudal fin lobes		FALSE			
Spratelloides_delicatulus	TLK-2024-08_01	Sde-C-0045-E	Sde-CTlk_045			Morphology	Nadia_Abesamis | Kevin_Labrador	2024	8	20	8/20/2024	streaks in the caudal fin lobes		FALSE			
Spratelloides_delicatulus	TLK-2024-08_01	Sde-C-0046-E	Sde-CTlk_046			Morphology	Nadia_Abesamis | Kevin_Labrador	2024	8	20	8/20/2024	streaks in the caudal fin lobes		FALSE			
Spratelloides_delicatulus	TLK-2024-08_01	Sde-C-0047-E	Sde-CTlk_047			Morphology	Nadia_Abesamis | Kevin_Labrador	2024	8	20	8/20/2024	streaks in the caudal fin lobes		FALSE			
Spratelloides_delicatulus	TLK-2024-08_01	Sde-C-0048-E	Sde-CTlk_048			Morphology	Nadia_Abesamis | Kevin_Labrador	2024	8	20	8/20/2024	streaks in the caudal fin lobes		FALSE			
Spratelloides_delicatulus	TLK-2024-08_01	Sde-C-0049-E	Sde-CTlk_049			Morphology	Nadia_Abesamis | Kevin_Labrador	2024	8	20	8/20/2024	streaks in the caudal fin lobes		FALSE			
Spratelloides_delicatulus	TLK-2024-08_01	Sde-C-0050-E	Sde-CTlk_050			Morphology	Nadia_Abesamis | Kevin_Labrador	2024	8	20	8/20/2024	streaks in the caudal fin lobes		FALSE			
Spratelloides_delicatulus	TLK-2024-08_01	Sde-C-0051-E	Sde-CTlk_051			Morphology	Nadia_Abesamis | Kevin_Labrador	2024	8	20	8/20/2024	streaks in the caudal fin lobes		FALSE			
Spratelloides_delicatulus	TLK-2024-08_01	Sde-C-0052-E	Sde-CTlk_052			Morphology	Nadia_Abesamis | Kevin_Labrador	2024	8	20	8/20/2024	streaks in the caudal fin lobes		FALSE			
Spratelloides_delicatulus	TLK-2024-08_01	Sde-C-0053-E	Sde-CTlk_053			Morphology	Nadia_Abesamis | Kevin_Labrador	2024	8	20	8/20/2024	streaks in the caudal fin lobes		FALSE			
Spratelloides_delicatulus	TLK-2024-08_01	Sde-C-0054-E	Sde-CTlk_054			Morphology	Nadia_Abesamis | Kevin_Labrador	2024	8	20	8/20/2024	streaks in the caudal fin lobes		FALSE			
Spratelloides_delicatulus	TLK-2024-08_01	Sde-C-0055-E	Sde-CTlk_055			Morphology	Nadia_Abesamis | Kevin_Labrador	2024	8	20	8/20/2024	streaks in the caudal fin lobes		FALSE			
Spratelloides_delicatulus	TLK-2024-08_01	Sde-C-0056-E	Sde-CTlk_056			Morphology	Nadia_Abesamis | Kevin_Labrador	2024	8	20	8/20/2024	streaks in the caudal fin lobes		FALSE			
Spratelloides_delicatulus	TLK-2024-08_01	Sde-C-0057-E	Sde-CTlk_057			Morphology	Nadia_Abesamis | Kevin_Labrador	2024	8	20	8/20/2024	streaks in the caudal fin lobes		FALSE			
Spratelloides_delicatulus	TLK-2024-08_01	Sde-C-0058-E	Sde-CTlk_058			Morphology	Nadia_Abesamis | Kevin_Labrador	2024	8	20	8/20/2024	streaks in the caudal fin lobes		FALSE			
Spratelloides_delicatulus	TLK-2024-08_01	Sde-C-0059-E	Sde-CTlk_059			Morphology	Nadia_Abesamis | Kevin_Labrador	2024	8	20	8/20/2024	streaks in the caudal fin lobes		FALSE			
Spratelloides_delicatulus	TLK-2024-08_01	Sde-C-0060-E	Sde-CTlk_060			Morphology	Nadia_Abesamis | Kevin_Labrador	2024	8	20	8/20/2024	streaks in the caudal fin lobes		FALSE			
Spratelloides_delicatulus	TLK-2024-08_01	Sde-C-0061-E	Sde-CTlk_061			Morphology	Nadia_Abesamis | Kevin_Labrador	2024	8	20	8/20/2024	streaks in the caudal fin lobes		FALSE			
Spratelloides_delicatulus	TLK-2024-08_01	Sde-C-0062-E	Sde-CTlk_062			Morphology	Nadia_Abesamis | Kevin_Labrador	2024	8	20	8/20/2024	streaks in the caudal fin lobes		FALSE			
Spratelloides_delicatulus	TLK-2024-08_01	Sde-C-0063-E	Sde-CTlk_063			Morphology	Nadia_Abesamis | Kevin_Labrador	2024	8	20	8/20/2024	streaks in the caudal fin lobes		FALSE			
Spratelloides_delicatulus	TLK-2024-08_01	Sde-C-0064-E	Sde-CTlk_064			Morphology	Nadia_Abesamis | Kevin_Labrador	2024	8	20	8/20/2024	streaks in the caudal fin lobes		FALSE			
Spratelloides_delicatulus	TLK-2024-08_01	Sde-C-0065-E	Sde-CTlk_065			Morphology	Nadia_Abesamis | Kevin_Labrador	2024	8	20	8/20/2024	streaks in the caudal fin lobes		FALSE			
Spratelloides_delicatulus	TLK-2024-08_01	Sde-C-0066-E	Sde-CTlk_066			Morphology	Nadia_Abesamis | Kevin_Labrador	2024	8	20	8/20/2024	streaks in the caudal fin lobes		FALSE			
Spratelloides_delicatulus	TLK-2024-08_01	Sde-C-0067-E	Sde-CTlk_067			Morphology	Nadia_Abesamis | Kevin_Labrador	2024	8	20	8/20/2024	streaks in the caudal fin lobes		FALSE			
Spratelloides_delicatulus	TLK-2024-08_01	Sde-C-0068-E	Sde-CTlk_068			Morphology	Nadia_Abesamis | Kevin_Labrador	2024	8	20	8/20/2024	streaks in the caudal fin lobes		FALSE			
Spratelloides_delicatulus	TLK-2024-08_01	Sde-C-0069-E	Sde-CTlk_069			Morphology	Nadia_Abesamis | Kevin_Labrador	2024	8	20	8/20/2024	streaks in the caudal fin lobes		FALSE			
Spratelloides_delicatulus	TLK-2024-08_01	Sde-C-0070-E	Sde-CTlk_070			Morphology	Nadia_Abesamis | Kevin_Labrador	2024	8	20	8/20/2024	streaks in the caudal fin lobes		FALSE			
Spratelloides_delicatulus	TLK-2024-08_01	Sde-C-0071-E	Sde-CTlk_071			Morphology	Nadia_Abesamis | Kevin_Labrador	2024	8	20	8/20/2024	streaks in the caudal fin lobes		FALSE			
Spratelloides_delicatulus	TLK-2024-08_01	Sde-C-0072-E	Sde-CTlk_072			Morphology	Nadia_Abesamis | Kevin_Labrador	2024	8	20	8/20/2024	streaks in the caudal fin lobes		FALSE			
Spratelloides_delicatulus	TLK-2024-08_01	Sde-C-0073-E	Sde-CTlk_073			Morphology	Nadia_Abesamis | Kevin_Labrador	2024	8	20	8/20/2024	streaks in the caudal fin lobes		FALSE			
Spratelloides_delicatulus	TLK-2024-08_01	Sde-C-0074-E	Sde-CTlk_074			Morphology	Nadia_Abesamis | Kevin_Labrador	2024	8	20	8/20/2024	streaks in the caudal fin lobes		FALSE			
Spratelloides_delicatulus	TLK-2024-08_01	Sde-C-0075-E	Sde-CTlk_075			Morphology	Nadia_Abesamis | Kevin_Labrador	2024	8	20	8/20/2024	streaks in the caudal fin lobes		FALSE			
Spratelloides_delicatulus	TLK-2024-08_01	Sde-C-0076-E	Sde-CTlk_076			Morphology	Nadia_Abesamis | Kevin_Labrador	2024	8	20	8/20/2024	streaks in the caudal fin lobes		FALSE			
Spratelloides_delicatulus	TLK-2024-08_01	Sde-C-0077-E	Sde-CTlk_077			Morphology	Nadia_Abesamis | Kevin_Labrador	2024	8	20	8/20/2024	streaks in the caudal fin lobes		FALSE			
Spratelloides_delicatulus	TLK-2024-08_01	Sde-C-0078-E	Sde-CTlk_078			Morphology	Nadia_Abesamis | Kevin_Labrador	2024	8	20	8/20/2024	streaks in the caudal fin lobes		FALSE			
Spratelloides_delicatulus	TLK-2024-08_01	Sde-C-0079-E	Sde-CTlk_079			Morphology	Nadia_Abesamis | Kevin_Labrador	2024	8	20	8/20/2024	streaks in the caudal fin lobes		FALSE			
Spratelloides_delicatulus	TLK-2024-08_01	Sde-C-0080-E	Sde-CTlk_080			Morphology	Nadia_Abesamis | Kevin_Labrador	2024	8	20	8/20/2024	streaks in the caudal fin lobes		FALSE			
Spratelloides_delicatulus	TLK-2024-08_01	Sde-C-0081-E	Sde-CTlk_081			Morphology	Nadia_Abesamis | Kevin_Labrador	2024	8	20	8/20/2024	streaks in the caudal fin lobes		FALSE			
Spratelloides_delicatulus	TLK-2024-08_01	Sde-C-0082-E	Sde-CTlk_082			Morphology	Nadia_Abesamis | Kevin_Labrador	2024	8	20	8/20/2024	streaks in the caudal fin lobes		FALSE			
Spratelloides_delicatulus	TLK-2024-08_01	Sde-C-0083-E	Sde-CTlk_083			Morphology	Nadia_Abesamis | Kevin_Labrador	2024	8	20	8/20/2024	streaks in the caudal fin lobes		FALSE			
Spratelloides_delicatulus	TLK-2024-08_01	Sde-C-0084-E	Sde-CTlk_084			Morphology	Nadia_Abesamis | Kevin_Labrador	2024	8	20	8/20/2024	streaks in the caudal fin lobes		FALSE			
Spratelloides_delicatulus	TLK-2024-08_01	Sde-C-0085-E	Sde-CTlk_085			Morphology	Nadia_Abesamis | Kevin_Labrador	2024	8	20	8/20/2024	streaks in the caudal fin lobes		FALSE			
Spratelloides_delicatulus	TLK-2024-08_01	Sde-C-0086-E	Sde-CTlk_086			Morphology	Nadia_Abesamis | Kevin_Labrador	2024	8	20	8/20/2024	streaks in the caudal fin lobes		FALSE			
Spratelloides_delicatulus	TLK-2024-08_01	Sde-C-0087-E	Sde-CTlk_087			Morphology	Nadia_Abesamis | Kevin_Labrador	2024	8	20	8/20/2024	streaks in the caudal fin lobes		FALSE			
Spratelloides_delicatulus	TLK-2024-08_01	Sde-C-0088-E	Sde-CTlk_088			Morphology	Nadia_Abesamis | Kevin_Labrador	2024	8	20	8/20/2024	streaks in the caudal fin lobes		FALSE			
Spratelloides_delicatulus	TLK-2024-08_01	Sde-C-0089-E	Sde-CTlk_089			Morphology	Nadia_Abesamis | Kevin_Labrador	2024	8	20	8/20/2024	streaks in the caudal fin lobes		FALSE			
Spratelloides_delicatulus	TLK-2024-08_01	Sde-C-0090-E	Sde-CTlk_090			Morphology	Nadia_Abesamis | Kevin_Labrador	2024	8	20	8/20/2024	streaks in the caudal fin lobes		FALSE			
Spratelloides_delicatulus	TLK-2024-08_01	Sde-C-0091-E	Sde-CTlk_091			Morphology	Nadia_Abesamis | Kevin_Labrador	2024	8	20	8/20/2024	streaks in the caudal fin lobes		FALSE			
Spratelloides_delicatulus	TLK-2024-08_01	Sde-C-0092-E	Sde-CTlk_092			Morphology	Nadia_Abesamis | Kevin_Labrador	2024	8	20	8/20/2024	streaks in the caudal fin lobes		FALSE			
Spratelloides_delicatulus	TLK-2024-08_01	Sde-C-0093-E	Sde-CTlk_093			Morphology	Nadia_Abesamis | Kevin_Labrador	2024	8	20	8/20/2024	streaks in the caudal fin lobes		FALSE			
Spratelloides_delicatulus	TLK-2024-08_01	Sde-C-0094-E	Sde-CTlk_094			Morphology	Nadia_Abesamis | Kevin_Labrador	2024	8	20	8/20/2024	streaks in the caudal fin lobes		FALSE			
Spratelloides_delicatulus	TLK-2024-08_01	Sde-C-0095-E	Sde-CTlk_095			Morphology	Nadia_Abesamis | Kevin_Labrador	2024	8	20	8/20/2024	streaks in the caudal fin lobes		FALSE			
Spratelloides_delicatulus	TLK-2024-08_01	Sde-C-0096-E	Sde-CTlk_096			Morphology	Nadia_Abesamis | Kevin_Labrador	2024	8	20	8/20/2024	streaks in the caudal fin lobes		FALSE			
Spratelloides_delicatulus	TLK-2024-08_01	Sde-C-0097-E	Sde-CTlk_097			Morphology	Nadia_Abesamis | Kevin_Labrador	2024	8	20	8/20/2024	streaks in the caudal fin lobes		FALSE			
Spratelloides_delicatulus	TLK-2024-08_01	Sde-C-0098-E	Sde-CTlk_098			Morphology	Nadia_Abesamis | Kevin_Labrador	2024	8	20	8/20/2024	streaks in the caudal fin lobes		FALSE			
Spratelloides_delicatulus	TLK-2024-08_01	Sde-C-0099-E	Sde-CTlk_099			Morphology	Nadia_Abesamis | Kevin_Labrador	2024	8	20	8/20/2024	streaks in the caudal fin lobes		FALSE			
Spratelloides_delicatulus	TLK-2024-08_01	Sde-C-0100-E	Sde-CTlk_100			Morphology	Nadia_Abesamis | Kevin_Labrador	2024	8	20	8/20/2024	streaks in the caudal fin lobes		FALSE			
Spratelloides_delicatulus	MAT-2024-05_01	Sde-C-0101-E	Sde-CMat_097			Morphology	Kent_Carpenter	2024	9	5	9/5/2024	streaks in the caudal fin lobes		FALSE			
Spratelloides_delicatulus	MAT-2024-05_01	Sde-C-0102-E	Sde-CMat_098			Morphology	Kent_Carpenter	2024	9	5	9/5/2024	streaks in the caudal fin lobes		FALSE			
Spratelloides_delicatulus	MAT-2024-05_01	Sde-C-0103-E	Sde-CMat_099			Morphology	Kent_Carpenter	2024	9	5	9/5/2024	streaks in the caudal fin lobes		FALSE			
Spratelloides_delicatulus	MAT-2024-05_01	Sde-C-0104-E	Sde-CMat_100			Morphology	Kent_Carpenter	2024	9	5	9/5/2024	streaks in the caudal fin lobes		FALSE			
Spratelloides_delicatulus	MAT-2024-05_01	Sde-C-0105-E	Sde-CMat_101			Morphology	Kent_Carpenter	2024	9	5	9/5/2024	streaks in the caudal fin lobes		FALSE			
Spratelloides_delicatulus	MAT-2024-05_01	Sde-C-0106-E	Sde-CMat_102			Morphology	Kent_Carpenter	2024	9	5	9/5/2024	streaks in the caudal fin lobes		FALSE			
Spratelloides_delicatulus	MAT-2024-05_01	Sde-C-0107-E	Sde-CMat_103			Morphology	Kent_Carpenter	2024	9	5	9/5/2024	streaks in the caudal fin lobes		FALSE			
Spratelloides_delicatulus	MAT-2024-05_01	Sde-C-0108-E	Sde-CMat_104			Morphology	Kent_Carpenter	2024	9	5	9/5/2024	streaks in the caudal fin lobes		FALSE			
Spratelloides_delicatulus	MAT-2024-05_01	Sde-C-0109-E	Sde-CMat_105			Morphology	Kent_Carpenter	2024	9	5	9/5/2024	streaks in the caudal fin lobes		FALSE			
Spratelloides_delicatulus	MAT-2024-05_01	Sde-C-0110-E	Sde-CMat_106			Morphology	Kent_Carpenter	2024	9	5	9/5/2024	streaks in the caudal fin lobes		FALSE			
Spratelloides_delicatulus	MAT-2024-05_01	Sde-C-0111-E	Sde-CMat_107			Morphology	Kent_Carpenter	2024	9	5	9/5/2024	streaks in the caudal fin lobes		FALSE			
Spratelloides_delicatulus	MAT-2024-05_01	Sde-C-0112-E	Sde-CMat_108			Morphology	Kent_Carpenter	2024	9	5	9/5/2024	streaks in the caudal fin lobes		FALSE			
Spratelloides_delicatulus	MAT-2024-05_01	Sde-C-0113-E	Sde-CMat_109			Morphology	Kent_Carpenter	2024	9	5	9/5/2024	streaks in the caudal fin lobes		FALSE			
Spratelloides_delicatulus	MAT-2024-05_01	Sde-C-0114-E	Sde-CMat_110			Morphology	Kent_Carpenter	2024	9	5	9/5/2024	streaks in the caudal fin lobes		FALSE			
Spratelloides_delicatulus	MAT-2024-05_01	Sde-C-0115-E	Sde-CMat_111			Morphology	Kent_Carpenter	2024	9	5	9/5/2024	streaks in the caudal fin lobes		FALSE			
Spratelloides_delicatulus	MAT-2024-05_01	Sde-C-0116-E	Sde-CMat_112			Morphology	Kent_Carpenter	2024	9	5	9/5/2024	streaks in the caudal fin lobes		FALSE			
Spratelloides_delicatulus	MAT-2024-05_01	Sde-C-0117-E	Sde-CMat_113			Morphology	Kent_Carpenter	2024	9	5	9/5/2024	streaks in the caudal fin lobes		FALSE			
Spratelloides_delicatulus	MAT-2024-05_01	Sde-C-0118-E	Sde-CMat_114			Morphology	Kent_Carpenter	2024	9	5	9/5/2024	streaks in the caudal fin lobes		FALSE			
Spratelloides_delicatulus	MAT-2024-05_01	Sde-C-0119-E	Sde-CMat_115			Morphology	Kent_Carpenter	2024	9	5	9/5/2024	streaks in the caudal fin lobes		FALSE			
Spratelloides_delicatulus	MAT-2024-05_01	Sde-C-0120-E	Sde-CMat_116			Morphology	Kent_Carpenter	2024	9	5	9/5/2024	streaks in the caudal fin lobes		FALSE			
Spratelloides_delicatulus	MAT-2024-05_01	Sde-C-0121-E	Sde-CMat_117			Morphology	Kent_Carpenter	2024	9	5	9/5/2024	streaks in the caudal fin lobes		FALSE			
Spratelloides_delicatulus	MAT-2024-05_01	Sde-C-0122-E	Sde-CMat_118			Morphology	Kent_Carpenter	2024	9	5	9/5/2024	streaks in the caudal fin lobes		FALSE			
Spratelloides_delicatulus	MAT-2024-05_01	Sde-C-0123-E	Sde-CMat_119			Morphology	Kent_Carpenter	2024	9	5	9/5/2024	streaks in the caudal fin lobes		FALSE			
Spratelloides_delicatulus	MAT-2024-05_01	Sde-C-0124-E	Sde-CMat_120			Morphology	Kent_Carpenter	2024	9	5	9/5/2024	streaks in the caudal fin lobes		FALSE			
Spratelloides_delicatulus	MAT-2024-05_01	Sde-C-0125-E	Sde-CMat_121			Morphology	Kent_Carpenter	2024	9	5	9/5/2024	streaks in the caudal fin lobes		FALSE			
Spratelloides_delicatulus	MAT-2024-05_01	Sde-C-0126-E	Sde-CMat_122			Morphology	Kent_Carpenter	2024	9	5	9/5/2024	streaks in the caudal fin lobes		FALSE			
Spratelloides_delicatulus	MAT-2024-05_01	Sde-C-0127-E	Sde-CMat_123			Morphology	Kent_Carpenter	2024	9	5	9/5/2024	streaks in the caudal fin lobes		FALSE			
Spratelloides_delicatulus	MAT-2024-05_01	Sde-C-0128-E	Sde-CMat_124			Morphology	Kent_Carpenter	2024	9	5	9/5/2024	streaks in the caudal fin lobes		FALSE			
Spratelloides_delicatulus	MAT-2024-05_01	Sde-C-0129-E	Sde-CMat_125			Morphology	Kent_Carpenter	2024	9	5	9/5/2024	streaks in the caudal fin lobes		FALSE			
Spratelloides_delicatulus	MAT-2024-05_01	Sde-C-0130-E	Sde-CMat_126			Morphology	Kent_Carpenter	2024	9	5	9/5/2024	streaks in the caudal fin lobes		FALSE			
Spratelloides_delicatulus	MAT-2024-05_01	Sde-C-0131-E	Sde-CMat_127			Morphology	Kent_Carpenter	2024	9	5	9/5/2024	streaks in the caudal fin lobes		FALSE			
Spratelloides_delicatulus	MAT-2024-05_01	Sde-C-0132-E	Sde-CMat_128			Morphology	Kent_Carpenter	2024	9	5	9/5/2024	streaks in the caudal fin lobes		FALSE			
Spratelloides_delicatulus	MAT-2024-05_01	Sde-C-0133-E	Sde-CMat_129			Morphology	Kent_Carpenter	2024	9	5	9/5/2024	streaks in the caudal fin lobes		FALSE			
Spratelloides_delicatulus	MAT-2024-05_01	Sde-C-0134-E	Sde-CMat_130			Morphology	Kent_Carpenter	2024	9	5	9/5/2024	streaks in the caudal fin lobes		FALSE			
Spratelloides_delicatulus	MAT-2024-05_01	Sde-C-0135-E	Sde-CMat_131			Morphology	Kent_Carpenter	2024	9	5	9/5/2024	streaks in the caudal fin lobes		FALSE			
Spratelloides_delicatulus	MAT-2024-05_01	Sde-C-0136-E	Sde-CMat_132			Morphology	Kent_Carpenter	2024	9	5	9/5/2024	streaks in the caudal fin lobes		FALSE			
Spratelloides_delicatulus	MAT-2024-05_01	Sde-C-0137-E	Sde-CMat_133			Morphology	Kent_Carpenter	2024	9	5	9/5/2024	streaks in the caudal fin lobes		FALSE			
Spratelloides_delicatulus	MAT-2024-05_01	Sde-C-0138-E	Sde-CMat_134			Morphology	Kent_Carpenter	2024	9	5	9/5/2024	streaks in the caudal fin lobes		FALSE			
Spratelloides_delicatulus	MAT-2024-05_01	Sde-C-0139-E	Sde-CMat_135			Morphology	Kent_Carpenter	2024	9	5	9/5/2024	streaks in the caudal fin lobes		FALSE			
Spratelloides_delicatulus	MAT-2024-05_01	Sde-C-0140-E	Sde-CMat_136			Morphology	Kent_Carpenter	2024	9	5	9/5/2024	streaks in the caudal fin lobes		FALSE			
Spratelloides_delicatulus	MAT-2024-05_01	Sde-C-0141-E	Sde-CMat_137			Morphology	Kent_Carpenter	2024	9	5	9/5/2024	streaks in the caudal fin lobes		FALSE			
Spratelloides_delicatulus	MAT-2024-05_01	Sde-C-0142-E	Sde-CMat_138			Morphology	Kent_Carpenter	2024	9	5	9/5/2024	streaks in the caudal fin lobes		FALSE			
Spratelloides_delicatulus	MAT-2024-05_01	Sde-C-0143-E	Sde-CMat_139			Morphology	Kent_Carpenter	2024	9	5	9/5/2024	streaks in the caudal fin lobes		FALSE			
Spratelloides_delicatulus	MAT-2024-05_01	Sde-C-0144-E	Sde-CMat_140			Morphology	Kent_Carpenter	2024	9	5	9/5/2024	streaks in the caudal fin lobes	DNA not extracted	FALSE			
Spratelloides_delicatulus	MAT-2024-05_01	Sde-C-0145-E	Sde-CMat_141			Morphology	Kent_Carpenter	2024	9	5	9/5/2024	streaks in the caudal fin lobes		FALSE			
Spratelloides_delicatulus	MAT-2024-05_01	Sde-C-0146-E	Sde-CMat_142			Morphology	Kent_Carpenter	2024	9	5	9/5/2024	streaks in the caudal fin lobes		FALSE			
Spratelloides_delicatulus	MAT-2024-05_01	Sde-C-0147-E	Sde-CMat_143			Morphology	Kent_Carpenter	2024	9	5	9/5/2024	streaks in the caudal fin lobes		FALSE			
Spratelloides_delicatulus	MAT-2024-05_01	Sde-C-0148-E	Sde-CMat_144			Morphology	Kent_Carpenter	2024	9	5	9/5/2024	streaks in the caudal fin lobes		FALSE			
Spratelloides_delicatulus	MAT-2024-05_01	Sde-C-0149-E	Sde-CMat_145			Morphology	Kent_Carpenter	2024	9	5	9/5/2024	streaks in the caudal fin lobes		FALSE			
Spratelloides_delicatulus	MAT-2024-05_01	Sde-C-0150-E	Sde-CMat_146			Morphology	Kent_Carpenter	2024	9	5	9/5/2024	streaks in the caudal fin lobes		FALSE			
Spratelloides_delicatulus	MAT-2024-05_01	Sde-C-0151-E	Sde-CMat_147			Morphology	Kent_Carpenter	2024	9	5	9/5/2024	streaks in the caudal fin lobes		FALSE			
Spratelloides_delicatulus	MAT-2024-05_01	Sde-C-0152-E	Sde-CMat_148			Morphology	Kent_Carpenter	2024	9	5	9/5/2024	streaks in the caudal fin lobes		FALSE			
Spratelloides_delicatulus	MAT-2024-05_01	Sde-C-0153-E	Sde-CMat_149			Morphology	Kent_Carpenter	2024	9	5	9/5/2024	streaks in the caudal fin lobes		FALSE			
Spratelloides_delicatulus	MAT-2024-05_01	Sde-C-0154-E	Sde-CMat_150			Morphology	Kent_Carpenter	2024	9	5	9/5/2024	streaks in the caudal fin lobes		FALSE			
Spratelloides_delicatulus	MAT-2024-05_01	Sde-C-0155-E	Sde-CMat_151			Morphology	Kent_Carpenter	2024	9	5	9/5/2024	streaks in the caudal fin lobes		FALSE			
Spratelloides_delicatulus	MAT-2024-05_01	Sde-C-0156-E	Sde-CMat_152			Morphology	Kent_Carpenter	2024	9	5	9/5/2024	streaks in the caudal fin lobes	DNA not extracted	FALSE			
Spratelloides_delicatulus	MAT-2024-05_01	Sde-C-0157-E	Sde-CMat_153			Morphology	Kent_Carpenter	2024	9	5	9/5/2024	streaks in the caudal fin lobes		FALSE			
Spratelloides_delicatulus	MAT-2024-05_01	Sde-C-0158-E	Sde-CMat_154			Morphology	Kent_Carpenter	2024	9	5	9/5/2024	streaks in the caudal fin lobes	DNA not extracted	FALSE			
Spratelloides_delicatulus	MAT-2024-05_01	Sde-C-0159-E	Sde-CMat_155			Morphology	Kent_Carpenter	2024	9	5	9/5/2024	streaks in the caudal fin lobes		FALSE			
Spratelloides_delicatulus	MAT-2024-05_01	Sde-C-0160-E	Sde-CMat_156			Morphology	Kent_Carpenter	2024	9	5	9/5/2024	streaks in the caudal fin lobes		FALSE			
Spratelloides_delicatulus	MAT-2024-05_01	Sde-C-0161-E	Sde-CMat_157			Morphology	Kent_Carpenter	2024	9	5	9/5/2024	streaks in the caudal fin lobes		FALSE			
Spratelloides_delicatulus	MAT-2024-05_01	Sde-C-0162-E	Sde-CMat_158			Morphology	Kent_Carpenter	2024	9	5	9/5/2024	streaks in the caudal fin lobes	DNA not extracted	FALSE			
Spratelloides_delicatulus	MAT-2024-05_01	Sde-C-0163-E	Sde-CMat_159			Morphology	Kent_Carpenter	2024	9	5	9/5/2024	streaks in the caudal fin lobes		FALSE			
Spratelloides_delicatulus	MAT-2024-05_01	Sde-C-0164-E	Sde-CMat_160			Morphology	Kent_Carpenter	2024	9	5	9/5/2024	streaks in the caudal fin lobes		FALSE			
Spratelloides_delicatulus	MAT-2024-05_01	Sde-C-0165-E	Sde-CMat_161			Morphology	Kent_Carpenter	2024	9	5	9/5/2024	streaks in the caudal fin lobes		FALSE			
Spratelloides_delicatulus	MAT-2024-05_01	Sde-C-0166-E	Sde-CMat_162			Morphology	Kent_Carpenter	2024	9	5	9/5/2024	streaks in the caudal fin lobes	DNA not extracted	FALSE			
Spratelloides_delicatulus	MAT-2024-05_01	Sde-C-0167-E	Sde-CMat_163			Morphology	Kent_Carpenter	2024	9	5	9/5/2024	streaks in the caudal fin lobes	DNA not extracted	FALSE			
Spratelloides_delicatulus	MAT-2024-05_01	Sde-C-0168-E	Sde-CMat_164			Morphology	Kent_Carpenter	2024	9	5	9/5/2024	streaks in the caudal fin lobes	DNA not extracted	FALSE			
Spratelloides_delicatulus	MAT-2024-05_01	Sde-C-0169-E	Sde-CMat_165			Morphology	Kent_Carpenter	2024	9	5	9/5/2024	streaks in the caudal fin lobes	DNA not extracted	FALSE			
Spratelloides_delicatulus	MAT-2024-05_01	Sde-C-0170-E	Sde-CMat_166			Morphology	Kent_Carpenter	2024	9	5	9/5/2024	streaks in the caudal fin lobes		FALSE			
Spratelloides_delicatulus	MAT-2024-05_01	Sde-C-0171-E	Sde-CMat_167			Morphology	Kent_Carpenter	2024	9	5	9/5/2024	streaks in the caudal fin lobes	DNA not extracted	FALSE			
Spratelloides_delicatulus	MAT-2024-05_01	Sde-C-0172-E	Sde-CMat_168			Morphology	Kent_Carpenter	2024	9	5	9/5/2024	streaks in the caudal fin lobes		FALSE			
Spratelloides_delicatulus	MAT-2024-05_01	Sde-C-0173-E	Sde-CMat_169			Morphology	Kent_Carpenter	2024	9	5	9/5/2024	streaks in the caudal fin lobes		FALSE			
Spratelloides_delicatulus	MAT-2024-05_01	Sde-C-0174-E	Sde-CMat_170			Morphology	Kent_Carpenter	2024	9	5	9/5/2024	streaks in the caudal fin lobes		FALSE			
Spratelloides_delicatulus	MAT-2024-05_01	Sde-C-0175-E	Sde-CMat_171			Morphology	Kent_Carpenter	2024	9	5	9/5/2024	streaks in the caudal fin lobes		FALSE			
Spratelloides_delicatulus	MAT-2024-05_01	Sde-C-0176-E	Sde-CMat_172			Morphology	Kent_Carpenter	2024	9	5	9/5/2024	streaks in the caudal fin lobes		FALSE			
Spratelloides_delicatulus	MAT-2024-05_01	Sde-C-0177-E	Sde-CMat_173			Morphology	Kent_Carpenter	2024	9	5	9/5/2024	streaks in the caudal fin lobes		FALSE			
Spratelloides_delicatulus	MAT-2024-05_01	Sde-C-0178-E	Sde-CMat_174			Morphology	Kent_Carpenter	2024	9	5	9/5/2024	streaks in the caudal fin lobes		FALSE			
Spratelloides_delicatulus	MAT-2024-05_01	Sde-C-0179-E	Sde-CMat_175			Morphology	Kent_Carpenter	2024	9	5	9/5/2024	streaks in the caudal fin lobes		FALSE			
Spratelloides_delicatulus	MAT-2024-05_01	Sde-C-0180-E	Sde-CMat_176			Morphology	Kent_Carpenter	2024	9	5	9/5/2024	streaks in the caudal fin lobes	DNA not extracted	FALSE			
Spratelloides_delicatulus	MAT-2024-05_01	Sde-C-0181-E	Sde-CMat_177			Morphology	Kent_Carpenter	2024	9	5	9/5/2024	streaks in the caudal fin lobes		FALSE			
Spratelloides_delicatulus	MAT-2024-05_01	Sde-C-0182-E	Sde-CMat_178			Morphology	Kent_Carpenter	2024	9	5	9/5/2024	streaks in the caudal fin lobes		FALSE			
Spratelloides_delicatulus	MAT-2024-05_01	Sde-C-0183-E	Sde-CMat_179			Morphology	Kent_Carpenter	2024	9	5	9/5/2024	streaks in the caudal fin lobes		FALSE			
Spratelloides_delicatulus	MAT-2024-05_01	Sde-C-0184-E	Sde-CMat_180			Morphology	Kent_Carpenter	2024	9	5	9/5/2024	streaks in the caudal fin lobes		FALSE			
Spratelloides_delicatulus	MAT-2024-05_01	Sde-C-0185-E	Sde-CMat_181			Morphology	Kent_Carpenter	2024	9	5	9/5/2024	streaks in the caudal fin lobes		FALSE			
Spratelloides_delicatulus	MAT-2024-05_01	Sde-C-0186-E	Sde-CMat_182			Morphology	Kent_Carpenter	2024	9	5	9/5/2024	streaks in the caudal fin lobes		FALSE			
Spratelloides_delicatulus	MAT-2024-05_01	Sde-C-0187-E	Sde-CMat_183			Morphology	Kent_Carpenter	2024	9	5	9/5/2024	streaks in the caudal fin lobes	DNA not extracted	FALSE			
Spratelloides_delicatulus	MAT-2024-05_01	Sde-C-0188-E	Sde-CMat_184			Morphology	Kent_Carpenter	2024	9	5	9/5/2024	streaks in the caudal fin lobes		FALSE			
Spratelloides_delicatulus	MAT-2024-05_01	Sde-C-0189-E	Sde-CMat_185			Morphology	Kent_Carpenter	2024	9	5	9/5/2024	streaks in the caudal fin lobes		FALSE			
Spratelloides_delicatulus	MAT-2024-05_01	Sde-C-0190-E	Sde-CMat_186			Morphology	Kent_Carpenter	2024	9	5	9/5/2024	streaks in the caudal fin lobes		FALSE			
Spratelloides_delicatulus	MAT-2024-05_01	Sde-C-0191-E	Sde-CMat_187			Morphology	Kent_Carpenter	2024	9	5	9/5/2024	streaks in the caudal fin lobes		FALSE			
Spratelloides_delicatulus	MAT-2024-05_01	Sde-C-0192-E	Sde-CMat_188			Morphology	Kent_Carpenter	2024	9	5	9/5/2024	streaks in the caudal fin lobes	DNA not extracted	FALSE			
Spratelloides_delicatulus	MAT-2024-05_01	Sde-C-0193-E	Sde-CMat_189			Morphology	Kent_Carpenter	2024	9	5	9/5/2024	streaks in the caudal fin lobes	DNA not extracted	FALSE			
Spratelloides_delicatulus	MAT-2024-05_01	Sde-C-0194-E	Sde-CMat_190			Morphology	Kent_Carpenter	2024	9	5	9/5/2024	streaks in the caudal fin lobes		FALSE			
Spratelloides_delicatulus	MAT-2024-05_01	Sde-C-0195-E	Sde-CMat_191			Morphology	Kent_Carpenter	2024	9	5	9/5/2024	streaks in the caudal fin lobes		FALSE			
Spratelloides_delicatulus	MAT-2024-05_01	Sde-C-0196-E	Sde-CMat_192			Morphology	Kent_Carpenter	2024	9	5	9/5/2024	streaks in the caudal fin lobes		FALSE			
Spratelloides_delicatulus	MAT-2024-05_01	Sde-C-0197-E	Sde-CMat_193			Morphology	Kent_Carpenter	2024	9	5	9/5/2024	streaks in the caudal fin lobes		FALSE			
Spratelloides_delicatulus	MAT-2024-05_01	Sde-C-0198-E	Sde-CMat_194			Morphology	Kent_Carpenter	2024	9	5	9/5/2024	streaks in the caudal fin lobes		FALSE			
Spratelloides_delicatulus	MAT-2024-05_01	Sde-C-0199-E	Sde-CMat_195			Morphology	Kent_Carpenter	2024	9	5	9/5/2024	streaks in the caudal fin lobes		FALSE			
Spratelloides_delicatulus	MAT-2024-05_01	Sde-C-0200-E	Sde-CMat_196			Morphology	Kent_Carpenter	2024	9	5	9/5/2024	streaks in the caudal fin lobes		FALSE			
Spratelloides_delicatulus	MAT-2024-05_01	Sde-C-0201-E	Sde-CMat_197			Morphology	Kent_Carpenter	2024	9	5	9/5/2024	streaks in the caudal fin lobes		FALSE			
Spratelloides_delicatulus	MAT-2024-05_01	Sde-C-0202-E	Sde-CMat_198			Morphology	Kent_Carpenter	2024	9	5	9/5/2024	streaks in the caudal fin lobes		FALSE			
Spratelloides_delicatulus	MAT-2024-05_01	Sde-C-0203-E	Sde-CMat_199			Morphology	Kent_Carpenter	2024	9	5	9/5/2024	streaks in the caudal fin lobes		FALSE			
Spratelloides_delicatulus	MAT-2024-05_01	Sde-C-0204-E	Sde-CMat_200			Morphology	Kent_Carpenter	2024	9	5	9/5/2024	streaks in the caudal fin lobes		FALSE			
Spratelloides_delicatulus	MAT-2024-05_01	Sde-C-0205-E	Sde-CMat_201			Morphology	Kent_Carpenter	2024	9	5	9/5/2024	streaks in the caudal fin lobes		FALSE			
